X1,X2,X3,X4,X5,X6,X7,X8
1,1,0.558776449,0.072605107,0.964411946,0.634460823,0.684883731,0.334678772
1,1,0.558776449,0.072605107,0.964411946,0.634460823,0.684883731,0.334678772
1,1,0.558776449,0.072605107,0.964411946,0.634460823,0.684883731,0.334678772
1,1,0.558776449,0.072605107,0.964411946,0.634460823,0.684883731,0.334678772
1,1,0.558776449,0.072605107,0.964411946,0.634460823,0.684883731,0.334678772
1,1,0.558776449,0.072605107,0.964411946,0.634460823,0.684883731,0.334678772
1,1,0.558776449,0.072605107,0.964411946,0.634460823,0.684883731,0.334678772
1,1,0.558776449,0.072605107,0.964411946,0.634460823,0.684883731,0.334678772
1,1,0.558776449,0.072605107,0.964411946,0.634460823,0.684883731,0.334678772
1,1,0.558776449,0.072605107,0.964411946,0.634460823,0.684883731,0.334678772
1,1,0.558776449,0.072605107,0.964411946,0.634460823,0.684883731,0.334678772
1,1,0.558776449,0.072605107,0.964411946,0.634460823,0.684883731,0.334678772
1,1,0.558776449,0.072605107,0.964411946,0.634460823,0.684883731,0.334678772
1,1,0.558776449,0.072605107,0.964411946,0.634460823,0.684883731,0.334678772
1,1,0.558776449,0.072605107,0.964411946,0.634460823,0.684883731,0.334678772
1,1,0.558776449,0.072605107,0.964411946,0.634460823,0.684883731,0.334678772
1,1,0.558776449,0.072605107,0.964411946,0.634460823,0.684883731,0.334678772
1,1,0.558776449,0.072605107,0.964411946,0.634460823,0.684883731,0.334678772
1,1,0.558776449,0.072605107,0.964411946,0.634460823,0.684883731,0.334678772
1,1,0.558776449,0.072605107,0.964411946,0.634460823,0.684883731,0.334678772
1,1,0.558776449,0.072605107,0.964411946,0.634460823,0.684883731,0.334678772
1,1,0.558776449,0.072605107,0.964411946,0.634460823,0.684883731,0.334678772
1,1,0.558776449,0.072605107,0.964411946,0.634460823,0.684883731,0.334678772
1,1,0.558776449,0.072605107,0.964411946,0.634460823,0.684883731,0.334678772
1,1,0.558776449,0.072605107,0.964411946,0.634460823,0.684883731,0.334678772
1,1,0.558776449,0.072605107,0.964411946,0.634460823,0.684883731,0.334678772
1,1,0.558776449,0.072605107,0.964411946,0.634460823,0.684883731,0.334678772
1,1,0.558776449,0.072605107,0.964411946,0.634460823,0.684883731,0.334678772
1,1,0.558776449,0.072605107,0.964411946,0.634460823,0.684883731,0.334678772
1,1,0.558776449,0.072605107,0.964411946,0.634460823,0.684883731,0.334678772
1,1,0.558776449,0.072605107,0.964411946,0.634460823,0.684883731,0.334678772
1,1,0.558776449,0.072605107,0.964411946,0.634460823,0.684883731,0.334678772
1,1,0.558776449,0.072605107,0.964411946,0.634460823,0.684883731,0.334678772
1,1,0.558776449,0.072605107,0.964411946,0.634460823,0.684883731,0.334678772
1,1,0.558776449,0.072605107,0.964411946,0.634460823,0.684883731,0.334678772
1,1,0.558776449,0.072605107,0.964411946,0.634460823,0.684883731,0.334678772
1,1,0.558776449,0.072605107,0.964411946,0.634460823,0.684883731,0.334678772
1,1,0.558776449,0.072605107,0.964411946,0.634460823,0.684883731,0.334678772
1,1,0.558776449,0.072605107,0.964411946,0.634460823,0.684883731,0.334678772
1,1,0.558776449,0.072605107,0.964411946,0.634460823,0.684883731,0.334678772
1,1,0.558776449,0.072605107,0.964411946,0.634460823,0.684883731,0.334678772
1,1,0.558776449,0.072605107,0.964411946,0.634460823,0.684883731,0.334678772
1,1,0.558776449,0.072605107,0.964411946,0.634460823,0.684883731,0.334678772
1,1,0.558776449,0.072605107,0.964411946,0.634460823,0.684883731,0.334678772
1,1,0.558776449,0.072605107,0.964411946,0.634460823,0.684883731,0.334678772
1,1,0.558776449,0.072605107,0.964411946,0.634460823,0.684883731,0.334678772
1,1,0.558776449,0.072605107,0.964411946,0.634460823,0.684883731,0.334678772
1,1,0.558776449,0.072605107,0.964411946,0.634460823,0.684883731,0.334678772
1,1,0.558776449,0.072605107,0.964411946,0.634460823,0.684883731,0.334678772
1,1,0.558776449,0.072605107,0.964411946,0.634460823,0.684883731,0.334678772
2,1,0.558462499,0.078995496,0.963985985,0.583843685,0.668636123,0.219357863
2,1,0.558462499,0.078995496,0.963985985,0.583843685,0.668636123,0.219357863
2,1,0.558462499,0.078995496,0.963985985,0.583843685,0.668636123,0.219357863
2,1,0.558462499,0.078995496,0.963985985,0.583843685,0.668636123,0.219357863
2,1,0.558462499,0.078995496,0.963985985,0.583843685,0.668636123,0.219357863
2,1,0.558462499,0.078995496,0.963985985,0.583843685,0.668636123,0.219357863
2,1,0.558462499,0.078995496,0.963985985,0.583843685,0.668636123,0.219357863
2,1,0.558462499,0.078995496,0.963985985,0.583843685,0.668636123,0.219357863
2,1,0.558462499,0.078995496,0.963985985,0.583843685,0.668636123,0.219357863
2,1,0.558462499,0.078995496,0.963985985,0.583843685,0.668636123,0.219357863
2,1,0.558462499,0.078995496,0.963985985,0.583843685,0.668636123,0.219357863
2,1,0.558462499,0.078995496,0.963985985,0.583843685,0.668636123,0.219357863
2,1,0.558462499,0.078995496,0.963985985,0.583843685,0.668636123,0.219357863
2,1,0.558462499,0.078995496,0.963985985,0.583843685,0.668636123,0.219357863
2,1,0.558462499,0.078995496,0.963985985,0.583843685,0.668636123,0.219357863
2,1,0.558462499,0.078995496,0.963985985,0.583843685,0.668636123,0.219357863
2,1,0.558462499,0.078995496,0.963985985,0.583843685,0.668636123,0.219357863
2,1,0.558462499,0.078995496,0.963985985,0.583843685,0.668636123,0.219357863
2,1,0.558462499,0.078995496,0.963985985,0.583843685,0.668636123,0.219357863
2,1,0.558462499,0.078995496,0.963985985,0.583843685,0.668636123,0.219357863
2,1,0.558462499,0.078995496,0.963985985,0.583843685,0.668636123,0.219357863
2,1,0.558462499,0.078995496,0.963985985,0.583843685,0.668636123,0.219357863
2,1,0.558462499,0.078995496,0.963985985,0.583843685,0.668636123,0.219357863
2,1,0.558462499,0.078995496,0.963985985,0.583843685,0.668636123,0.219357863
2,1,0.558462499,0.078995496,0.963985985,0.583843685,0.668636123,0.219357863
2,1,0.558462499,0.078995496,0.963985985,0.583843685,0.668636123,0.219357863
2,1,0.558462499,0.078995496,0.963985985,0.583843685,0.668636123,0.219357863
2,1,0.558462499,0.078995496,0.963985985,0.583843685,0.668636123,0.219357863
2,1,0.558462499,0.078995496,0.963985985,0.583843685,0.668636123,0.219357863
2,1,0.558462499,0.078995496,0.963985985,0.583843685,0.668636123,0.219357863
2,1,0.558462499,0.078995496,0.963985985,0.583843685,0.668636123,0.219357863
2,1,0.558462499,0.078995496,0.963985985,0.583843685,0.668636123,0.219357863
2,1,0.558462499,0.078995496,0.963985985,0.583843685,0.668636123,0.219357863
2,1,0.558462499,0.078995496,0.963985985,0.583843685,0.668636123,0.219357863
2,1,0.558462499,0.078995496,0.963985985,0.583843685,0.668636123,0.219357863
2,1,0.558462499,0.078995496,0.963985985,0.583843685,0.668636123,0.219357863
2,1,0.558462499,0.078995496,0.963985985,0.583843685,0.668636123,0.219357863
2,1,0.558462499,0.078995496,0.963985985,0.583843685,0.668636123,0.219357863
2,1,0.558462499,0.078995496,0.963985985,0.583843685,0.668636123,0.219357863
2,1,0.558462499,0.078995496,0.963985985,0.583843685,0.668636123,0.219357863
2,1,0.558462499,0.078995496,0.963985985,0.583843685,0.668636123,0.219357863
2,1,0.558462499,0.078995496,0.963985985,0.583843685,0.668636123,0.219357863
2,1,0.558462499,0.078995496,0.963985985,0.583843685,0.668636123,0.219357863
2,1,0.558462499,0.078995496,0.963985985,0.583843685,0.668636123,0.219357863
2,1,0.558462499,0.078995496,0.963985985,0.583843685,0.668636123,0.219357863
2,1,0.558462499,0.078995496,0.963985985,0.583843685,0.668636123,0.219357863
2,1,0.558462499,0.078995496,0.963985985,0.583843685,0.668636123,0.219357863
2,1,0.558462499,0.078995496,0.963985985,0.583843685,0.668636123,0.219357863
2,1,0.558462499,0.078995496,0.963985985,0.583843685,0.668636123,0.219357863
2,1,0.558462499,0.078995496,0.963985985,0.583843685,0.668636123,0.219357863
3,1,0.555563968,0.126445208,0.958957927,0.396676633,0.681517061,0.336621312
3,1,0.558173204,0.073730474,0.96046697,0.430402733,0.682031667,0.291238848
3,1,0.552580621,0.125780075,0.957988697,0.424208588,0.678551688,0.338447266
3,1,0.556393542,0.199424951,0.958709697,0.413369138,0.681421343,0.296856207
3,1,0.556143592,0.098270828,0.957535739,0.423489465,0.68104413,0.303468476
3,1,0.555988693,0.09007306,0.960181978,0.433836601,0.680960025,0.340562637
3,1,0.555495924,0.141584426,0.959705595,0.431240956,0.681723112,0.280287833
3,1,0.558696529,0.094046624,0.960997456,0.454140752,0.683121167,0.336112819
3,1,0.553508315,0.105211929,0.959342167,0.400199004,0.680241565,0.285563922
3,1,0.557405675,0.156567407,0.960282628,0.446424419,0.682766826,0.338560932
3,1,0.553441172,0.170130773,0.956108772,0.404033372,0.677925638,0.341329728
3,1,0.556738774,0.163089967,0.956942025,0.42816416,0.680243392,0.287595603
3,1,0.55633502,0.138945462,0.957735843,0.443970929,0.680250841,0.311931496
3,1,0.557960672,0.068397016,0.96207048,0.500129552,0.684390882,0.30996325
3,1,0.551912831,0.073093935,0.957262535,0.40334143,0.676551024,0.286409782
3,1,0.55703324,0.121047334,0.958346745,0.405580265,0.680614639,0.275706413
3,1,0.556000141,0.087737805,0.962208869,0.479771134,0.683859314,0.280591273
3,1,0.558136091,0.089324201,0.963188863,0.547581212,0.684930418,0.286936922
3,1,0.55698945,0.059967777,0.961078729,0.44084596,0.681665317,0.316032988
3,1,0.552179072,0.179626731,0.95836434,0.421566234,0.680211461,0.298076405
3,1,0.557163363,0.054949361,0.961771489,0.469644052,0.684151616,0.291208435
3,1,0.556519139,0.152637395,0.958602592,0.437584135,0.680572018,0.334794968
3,1,0.552641763,0.133801405,0.956536934,0.421308829,0.678478556,0.301965382
3,1,0.556035898,0.093520418,0.95998791,0.439290236,0.68472631,0.285320449
3,1,0.559420898,0.091786567,0.962371884,0.456632788,0.68475349,0.305813656
3,1,0.554473761,0.156116982,0.958189293,0.447814174,0.680166562,0.29876045
3,1,0.554320398,0.077155157,0.959635351,0.463818565,0.679302893,0.305397521
3,1,0.552760192,0.136340507,0.957690112,0.402491602,0.67917062,0.291911004
3,1,0.553507639,0.133123733,0.957620908,0.399265875,0.680788738,0.324604983
3,1,0.555437452,0.12625368,0.959347328,0.452313122,0.680293115,0.304271876
3,1,0.554855096,0.096731204,0.961790943,0.452279483,0.681610964,0.317108579
3,1,0.554036979,0.121272892,0.960244988,0.458086678,0.681161421,0.283799831
3,1,0.55645936,0.124690294,0.961058158,0.460626365,0.684011429,0.334053307
3,1,0.552876551,0.068128858,0.955926526,0.357450684,0.68069232,0.291026362
3,1,0.552458584,0.078532898,0.957191357,0.358100629,0.678121102,0.274196457
3,1,0.557109214,0.12746906,0.962424586,0.469911547,0.685413602,0.295719474
3,1,0.557356632,0.120129861,0.959865604,0.462166987,0.681259409,0.302057923
3,1,0.55624703,0.127407917,0.959717441,0.434127072,0.679724043,0.298641662
3,1,0.558642541,0.120567754,0.960829316,0.472399061,0.681561261,0.317366386
3,1,0.556652361,0.170703583,0.960734054,0.47166729,0.680056748,0.315999942
3,1,0.553467131,0.119439147,0.959497968,0.403710007,0.67942146,0.296704025
3,1,0.555851777,0.103501227,0.960389176,0.467034068,0.680136063,0.305003321
3,1,0.555196993,0.082363712,0.958386974,0.380148399,0.679494712,0.317168549
3,1,0.556841441,0.073890555,0.959632817,0.438925179,0.681912776,0.326293792
3,1,0.555173789,0.12910422,0.958152505,0.420441112,0.682347414,0.270914871
3,1,0.558681092,0.067376205,0.96239945,0.46475899,0.685675806,0.312258141
3,1,0.553883899,0.135525112,0.958127347,0.387598775,0.680322927,0.311023305
3,1,0.555208073,0.143225312,0.960635016,0.442718129,0.680335735,0.299313972
3,1,0.556007022,0.108527581,0.960028838,0.425395555,0.681375405,0.279602747
3,1,0.555579075,0.169999952,0.958944691,0.4160585,0.680704685,0.256502746
4,1,0.553593753,0.100840439,0.958351805,0.415880233,0.679521301,0.29428114
4,1,0.555577951,0.090517509,0.957262397,0.418711809,0.678434245,0.294553289
4,1,0.556636979,0.118323285,0.959817226,0.503488084,0.679813187,0.357489268
4,1,0.55464165,0.095734585,0.959761776,0.432995723,0.683953162,0.287142863
4,1,0.558728208,0.111159541,0.961763838,0.443657691,0.683371009,0.340101642
4,1,0.556531112,0.109234759,0.959432483,0.433211874,0.684418593,0.278873374
4,1,0.55721197,0.101416487,0.96162268,0.428595615,0.68114294,0.334022972
4,1,0.559890555,0.039484619,0.962746731,0.459987299,0.684805822,0.30115526
4,1,0.557657707,0.099845466,0.956067929,0.398510844,0.682291536,0.326164748
4,1,0.555295305,0.151845546,0.960910381,0.430962676,0.681396644,0.297652928
4,1,0.548736683,0.114147597,0.956970944,0.410205264,0.678254012,0.291868316
4,1,0.552425161,0.13126815,0.957243396,0.404150654,0.67934226,0.288310656
4,1,0.554819444,0.121297729,0.960467348,0.449822988,0.676010548,0.308778745
4,1,0.550778665,0.154764223,0.957752351,0.415539451,0.676691476,0.314632717
4,1,0.550448071,0.075473013,0.957078423,0.346569755,0.679884285,0.2786461
4,1,0.55759736,0.122830841,0.960345096,0.399877365,0.680389892,0.28054509
4,1,0.554610192,0.080730854,0.961844756,0.45719269,0.681057047,0.311617988
4,1,0.556197888,0.125144132,0.962617867,0.491006079,0.682226098,0.322749459
4,1,0.554469812,0.150412234,0.959941061,0.396977104,0.680763822,0.316893882
4,1,0.551972876,0.10946048,0.959802297,0.411793836,0.680214122,0.309591358
4,1,0.557747869,0.042566275,0.963671665,0.458532724,0.684246907,0.321433688
4,1,0.558762224,0.113110581,0.956713527,0.404908909,0.682116576,0.287571581
4,1,0.553303374,0.108530777,0.958659335,0.423864233,0.67820877,0.291732435
4,1,0.554266194,0.089923197,0.961786778,0.470675854,0.681776002,0.311463486
4,1,0.554230035,0.120150052,0.959673462,0.401800417,0.682289839,0.301837929
4,1,0.555365667,0.08239293,0.962615369,0.525823015,0.681253151,0.329313361
4,1,0.554210742,0.029425942,0.958071141,0.386698622,0.681460119,0.282233418
4,1,0.557621886,0.046331845,0.962404621,0.417846375,0.682436308,0.28454315
4,1,0.55279251,0.106823993,0.959650005,0.458001298,0.679625573,0.308170452
4,1,0.554777984,0.125152005,0.958086941,0.365289991,0.679460898,0.306293935
4,1,0.55498522,0.122700111,0.959945539,0.415421255,0.682814029,0.326621457
4,1,0.558256414,0.130786684,0.963463587,0.506563623,0.682673956,0.315531379
4,1,0.555308168,0.066324774,0.959907317,0.429043151,0.680607946,0.322460288
4,1,0.554586417,0.136860962,0.959081816,0.413190075,0.681667989,0.346323188
4,1,0.556451455,0.146005115,0.960704117,0.444476512,0.678733786,0.298313523
4,1,0.55514639,0.102896111,0.958402417,0.400568089,0.682981102,0.312669726
4,1,0.556667133,0.118425629,0.962599401,0.452252048,0.68055031,0.322612343
4,1,0.557268096,0.147587289,0.960511649,0.414954989,0.681692269,0.327795093
4,1,0.555805748,0.098038751,0.960180646,0.451338911,0.682626746,0.288390281
4,1,0.555372977,0.108902759,0.960896007,0.406717885,0.680839778,0.335272579
4,1,0.555989845,0.161479752,0.962474705,0.488416685,0.682098478,0.307963267
4,1,0.553274916,0.125646041,0.95896333,0.397787517,0.680195443,0.321106759
4,1,0.552503733,0.070924655,0.959783476,0.425175123,0.681666258,0.292157467
4,1,0.556206387,0.147852456,0.961115869,0.484332151,0.683031986,0.326552389
4,1,0.554389591,0.068217601,0.9601993,0.419284661,0.679176003,0.283464564
4,1,0.554793922,0.113738932,0.95903546,0.390452331,0.683052403,0.28598482
4,1,0.555448937,0.133426423,0.962124664,0.505629909,0.681027053,0.339856884
4,1,0.553408704,0.09195298,0.958442469,0.448849236,0.67943025,0.291474986
4,1,0.55761435,0.125007522,0.959930531,0.453017167,0.682395953,0.268781571
4,1,0.555850407,0.082133538,0.960889537,0.447473598,0.681367305,0.280706711
5,1,0.556801441,0.086072356,0.957970594,0.406500795,0.681030091,0.279676164
5,1,0.554637754,0.15332942,0.956664235,0.371899972,0.680395276,0.35589171
5,1,0.553255391,0.098020063,0.95198756,0.381047863,0.675568361,0.30833445
5,1,0.546733638,0.083309013,0.948225891,0.360319119,0.667308968,0.28532841
5,1,0.553953928,0.094638161,0.954044289,0.407070063,0.678571063,0.315712516
5,1,0.553296069,0.117417384,0.955285232,0.355664632,0.679657075,0.309450139
5,1,0.551143651,0.092831218,0.951066875,0.367494586,0.676785373,0.292775975
5,1,0.550048718,0.151880617,0.950947177,0.353341716,0.672865065,0.309393226
5,1,0.554181057,0.167119163,0.955815159,0.437690334,0.677315968,0.331902472
5,1,0.556639608,0.070046833,0.956069941,0.396103332,0.677116229,0.342728942
5,1,0.55201135,0.16901601,0.949684612,0.381037026,0.673322388,0.298564204
5,1,0.552755468,0.084122921,0.95249962,0.327355892,0.670256223,0.257980025
5,1,0.553066395,0.123663098,0.95905983,0.401949498,0.68295622,0.28477879
5,1,0.551794899,0.093500514,0.958662008,0.41873265,0.680403912,0.329807617
5,1,0.556569739,0.157844101,0.956514048,0.397067424,0.680990281,0.288163499
5,1,0.548622778,0.099124314,0.947808636,0.351240824,0.674246181,0.290322642
5,1,0.557103085,0.152147384,0.95690389,0.37073534,0.676331054,0.316317922
5,1,0.545942942,0.1263241,0.949578159,0.350678348,0.675793581,0.328358585
5,1,0.552738778,0.100032144,0.955191105,0.364952261,0.673680115,0.258600155
5,1,0.550697825,0.140562429,0.953310573,0.442277448,0.675519069,0.289217722
5,1,0.557005597,0.139095068,0.958420437,0.453360794,0.683369482,0.335163055
5,1,0.551789169,0.078047105,0.955524605,0.439564151,0.681043614,0.271698586
5,1,0.555886315,0.127184757,0.953035094,0.371018822,0.679749403,0.305749831
5,1,0.553663554,0.071480573,0.960451952,0.446560513,0.682398209,0.311452916
5,1,0.550713045,0.12937999,0.952143885,0.401297512,0.674003697,0.253327568
5,1,0.55683645,0.065851848,0.959859451,0.423879497,0.679899867,0.26829584
5,1,0.549845495,0.10059037,0.950624601,0.35838828,0.678457233,0.311465405
5,1,0.557625225,0.130382608,0.959735285,0.462926474,0.68257892,0.29101777
5,1,0.551769331,0.091180646,0.955204024,0.399480641,0.677994664,0.309533344
5,1,0.555155039,0.098390641,0.959953724,0.44743748,0.679432714,0.305594237
5,1,0.555885503,0.070694889,0.95615707,0.342362566,0.679336004,0.27366415
5,1,0.549231412,0.045015825,0.952719256,0.349083863,0.677689117,0.26688523
5,1,0.549487345,0.166092611,0.956026948,0.403587208,0.67720866,0.303024695
5,1,0.557218729,0.113047694,0.962029284,0.480829005,0.682559077,0.288596991
5,1,0.55487999,0.11377026,0.95767761,0.392280389,0.678571934,0.278481922
5,1,0.553627458,0.064752446,0.956738308,0.412221596,0.682305511,0.262524295
5,1,0.554766341,0.101921415,0.96204636,0.50256711,0.682433436,0.314556843
5,1,0.552069685,0.120050132,0.955718456,0.379873742,0.676289904,0.371422853
5,1,0.551853683,0.195798255,0.95709375,0.458422969,0.678233917,0.307343156
5,1,0.555377192,0.096000476,0.960845003,0.407480823,0.681782488,0.277653087
5,1,0.550723717,0.110043538,0.948684775,0.332299729,0.675713955,0.318514008
5,1,0.549552871,0.095079428,0.956172981,0.418853591,0.674840646,0.28681135
5,1,0.550631318,0.091197705,0.952637201,0.35141636,0.677446571,0.286907652
5,1,0.552792616,0.085869579,0.955866519,0.398721343,0.677377336,0.34286996
5,1,0.555178083,0.152219686,0.955241938,0.402902319,0.68011376,0.298268528
5,1,0.556597613,0.087264683,0.958868635,0.428072431,0.681923799,0.314009666
5,1,0.551514007,0.098787193,0.955690968,0.363998984,0.676776085,0.28660486
5,1,0.551913948,0.068190379,0.953582784,0.420717485,0.675889544,0.268051454
5,1,0.554533082,0.113011053,0.957288561,0.404417646,0.680721887,0.324223554
5,1,0.547921893,0.137649315,0.953405868,0.341007077,0.677118203,0.280982354
6,1,0.552868356,0.095026221,0.9544406,0.359951572,0.679553064,0.251979958
6,1,0.559499581,0.112402507,0.954425954,0.388262984,0.680271868,0.241190221
6,1,0.545760653,0.12475835,0.948896303,0.309133631,0.672507886,0.241000912
6,1,0.547109471,0.131106008,0.946586811,0.279490313,0.671744291,0.252983908
6,1,0.554350385,0.085122283,0.955597565,0.354669905,0.681269378,0.277269345
6,1,0.552450411,0.167354562,0.958080589,0.411150672,0.680694259,0.305140622
6,1,0.552620345,0.117479624,0.956941288,0.315511792,0.678648573,0.231470607
6,1,0.549853206,0.149261655,0.949613158,0.328198551,0.671526991,0.208193786
6,1,0.545527741,0.18974929,0.950959708,0.379755466,0.675328522,0.331346628
6,1,0.552680858,0.129931584,0.947791717,0.246629332,0.676456955,0.217483622
6,1,0.550711633,0.213531735,0.95276501,0.327186647,0.679348492,0.227215821
6,1,0.551703452,0.11726881,0.953107725,0.30075697,0.676583187,0.267823832
6,1,0.559983392,0.132922999,0.957558152,0.408538052,0.682133669,0.242740292
6,1,0.554013191,0.110761109,0.953515446,0.309783467,0.676006372,0.278310039
6,1,0.551898313,0.178787673,0.954019913,0.358572038,0.678100916,0.262199022
6,1,0.546128586,0.169505568,0.948181933,0.278685426,0.674439739,0.29693487
6,1,0.551618162,0.142423693,0.949249412,0.32515449,0.675008358,0.22529685
6,1,0.554748537,0.136684697,0.954853416,0.353709557,0.676912752,0.257346181
6,1,0.554380759,0.042236168,0.954886942,0.337479444,0.679922238,0.340956964
6,1,0.553695059,0.167902853,0.951273785,0.364478192,0.674127661,0.269380247
6,1,0.555756245,0.174912149,0.956458947,0.352113739,0.67947613,0.286498366
6,1,0.545088513,0.072123022,0.948667833,0.3327973,0.674000597,0.318907159
6,1,0.553899192,0.095386291,0.949107504,0.367478967,0.674049334,0.300044843
6,1,0.55334418,0.117362732,0.949896923,0.343132563,0.674447113,0.298852929
6,1,0.555304263,0.132474691,0.955547792,0.385734707,0.676237437,0.261013248
6,1,0.553012546,0.104270725,0.955562862,0.366851777,0.678414743,0.278350872
6,1,0.550445704,0.120043176,0.957413787,0.344961253,0.675861995,0.263660889
6,1,0.556222009,0.078879748,0.956057436,0.36086517,0.680360089,0.272272185
6,1,0.549257497,0.114712672,0.952765509,0.353793526,0.675462451,0.281733181
6,1,0.550036284,0.149521135,0.951891816,0.349394329,0.679746762,0.323660593
6,1,0.552943893,0.129129059,0.957849376,0.364840683,0.67964313,0.257248059
6,1,0.556337344,0.151564513,0.958062463,0.373852671,0.679738646,0.31337668
6,1,0.551700766,0.128001429,0.954248589,0.410934553,0.672934459,0.288436531
6,1,0.558517288,0.088346118,0.957986394,0.378848459,0.678289641,0.276232679
6,1,0.553453718,0.150213611,0.953521538,0.316130887,0.672777687,0.286113161
6,1,0.548730446,0.186008067,0.948998404,0.298224472,0.675531634,0.25373133
6,1,0.548204658,0.11987359,0.952614183,0.42176568,0.677987106,0.229378149
6,1,0.552174493,0.187237869,0.951370533,0.351806994,0.676231891,0.236624339
6,1,0.558063257,0.153577996,0.953268555,0.323031291,0.67544519,0.220277946
6,1,0.555015872,0.112475265,0.955789409,0.374884677,0.682531336,0.284945564
6,1,0.550233724,0.179399334,0.947582316,0.341720851,0.674929978,0.262349139
6,1,0.546859876,0.175024562,0.948077048,0.324698105,0.679107967,0.288096402
6,1,0.555054102,0.123661661,0.953236416,0.351619942,0.674049754,0.276486855
6,1,0.551657697,0.12093415,0.954182767,0.417506684,0.675964815,0.32378074
6,1,0.558084131,0.122388505,0.957479463,0.360193781,0.678469194,0.261204719
6,1,0.54888035,0.12551719,0.948930624,0.328538352,0.670245566,0.292342332
6,1,0.556604055,0.1144334,0.957280649,0.400748943,0.679837138,0.252720043
6,1,0.554952887,0.087211687,0.955274987,0.38242544,0.677633042,0.270008193
6,1,0.551059534,0.14020207,0.94998637,0.312135073,0.671284565,0.27308805
6,1,0.552055537,0.15805874,0.955791952,0.265988858,0.682826297,0.27886779
1,2,0.520907105,0.072990647,0.94558078,0.634216768,0.512599836,0.317228598
1,2,0.520907105,0.072990647,0.94558078,0.634216768,0.512599836,0.317228598
1,2,0.520907105,0.072990647,0.94558078,0.634216768,0.512599836,0.317228598
1,2,0.520907105,0.072990647,0.94558078,0.634216768,0.512599836,0.317228598
1,2,0.520907105,0.072990647,0.94558078,0.634216768,0.512599836,0.317228598
1,2,0.520907105,0.072990647,0.94558078,0.634216768,0.512599836,0.317228598
1,2,0.520907105,0.072990647,0.94558078,0.634216768,0.512599836,0.317228598
1,2,0.520907105,0.072990647,0.94558078,0.634216768,0.512599836,0.317228598
1,2,0.520907105,0.072990647,0.94558078,0.634216768,0.512599836,0.317228598
1,2,0.520907105,0.072990647,0.94558078,0.634216768,0.512599836,0.317228598
1,2,0.520907105,0.072990647,0.94558078,0.634216768,0.512599836,0.317228598
1,2,0.520907105,0.072990647,0.94558078,0.634216768,0.512599836,0.317228598
1,2,0.520907105,0.072990647,0.94558078,0.634216768,0.512599836,0.317228598
1,2,0.520907105,0.072990647,0.94558078,0.634216768,0.512599836,0.317228598
1,2,0.520907105,0.072990647,0.94558078,0.634216768,0.512599836,0.317228598
1,2,0.520907105,0.072990647,0.94558078,0.634216768,0.512599836,0.317228598
1,2,0.520907105,0.072990647,0.94558078,0.634216768,0.512599836,0.317228598
1,2,0.520907105,0.072990647,0.94558078,0.634216768,0.512599836,0.317228598
1,2,0.520907105,0.072990647,0.94558078,0.634216768,0.512599836,0.317228598
1,2,0.520907105,0.072990647,0.94558078,0.634216768,0.512599836,0.317228598
1,2,0.520907105,0.072990647,0.94558078,0.634216768,0.512599836,0.317228598
1,2,0.520907105,0.072990647,0.94558078,0.634216768,0.512599836,0.317228598
1,2,0.520907105,0.072990647,0.94558078,0.634216768,0.512599836,0.317228598
1,2,0.520907105,0.072990647,0.94558078,0.634216768,0.512599836,0.317228598
1,2,0.520907105,0.072990647,0.94558078,0.634216768,0.512599836,0.317228598
1,2,0.520907105,0.072990647,0.94558078,0.634216768,0.512599836,0.317228598
1,2,0.520907105,0.072990647,0.94558078,0.634216768,0.512599836,0.317228598
1,2,0.520907105,0.072990647,0.94558078,0.634216768,0.512599836,0.317228598
1,2,0.520907105,0.072990647,0.94558078,0.634216768,0.512599836,0.317228598
1,2,0.520907105,0.072990647,0.94558078,0.634216768,0.512599836,0.317228598
1,2,0.520907105,0.072990647,0.94558078,0.634216768,0.512599836,0.317228598
1,2,0.520907105,0.072990647,0.94558078,0.634216768,0.512599836,0.317228598
1,2,0.520907105,0.072990647,0.94558078,0.634216768,0.512599836,0.317228598
1,2,0.520907105,0.072990647,0.94558078,0.634216768,0.512599836,0.317228598
1,2,0.520907105,0.072990647,0.94558078,0.634216768,0.512599836,0.317228598
1,2,0.520907105,0.072990647,0.94558078,0.634216768,0.512599836,0.317228598
1,2,0.520907105,0.072990647,0.94558078,0.634216768,0.512599836,0.317228598
1,2,0.520907105,0.072990647,0.94558078,0.634216768,0.512599836,0.317228598
1,2,0.520907105,0.072990647,0.94558078,0.634216768,0.512599836,0.317228598
1,2,0.520907105,0.072990647,0.94558078,0.634216768,0.512599836,0.317228598
1,2,0.520907105,0.072990647,0.94558078,0.634216768,0.512599836,0.317228598
1,2,0.520907105,0.072990647,0.94558078,0.634216768,0.512599836,0.317228598
1,2,0.520907105,0.072990647,0.94558078,0.634216768,0.512599836,0.317228598
1,2,0.520907105,0.072990647,0.94558078,0.634216768,0.512599836,0.317228598
1,2,0.520907105,0.072990647,0.94558078,0.634216768,0.512599836,0.317228598
1,2,0.520907105,0.072990647,0.94558078,0.634216768,0.512599836,0.317228598
1,2,0.520907105,0.072990647,0.94558078,0.634216768,0.512599836,0.317228598
1,2,0.520907105,0.072990647,0.94558078,0.634216768,0.512599836,0.317228598
1,2,0.520907105,0.072990647,0.94558078,0.634216768,0.512599836,0.317228598
1,2,0.520907105,0.072990647,0.94558078,0.634216768,0.512599836,0.317228598
2,2,0.523416211,0.079635265,0.94599962,0.585172559,0.608171394,0.406013376
2,2,0.523416211,0.079635265,0.94599962,0.585172559,0.608171394,0.406013376
2,2,0.523416211,0.079635265,0.94599962,0.585172559,0.608171394,0.406013376
2,2,0.523416211,0.079635265,0.94599962,0.585172559,0.608171394,0.406013376
2,2,0.523416211,0.079635265,0.94599962,0.585172559,0.608171394,0.406013376
2,2,0.523416211,0.079635265,0.94599962,0.585172559,0.608171394,0.406013376
2,2,0.523416211,0.079635265,0.94599962,0.585172559,0.608171394,0.406013376
2,2,0.523416211,0.079635265,0.94599962,0.585172559,0.608171394,0.406013376
2,2,0.523416211,0.079635265,0.94599962,0.585172559,0.608171394,0.406013376
2,2,0.523416211,0.079635265,0.94599962,0.585172559,0.608171394,0.406013376
2,2,0.523416211,0.079635265,0.94599962,0.585172559,0.608171394,0.406013376
2,2,0.523416211,0.079635265,0.94599962,0.585172559,0.608171394,0.406013376
2,2,0.523416211,0.079635265,0.94599962,0.585172559,0.608171394,0.406013376
2,2,0.523416211,0.079635265,0.94599962,0.585172559,0.608171394,0.406013376
2,2,0.523416211,0.079635265,0.94599962,0.585172559,0.608171394,0.406013376
2,2,0.523416211,0.079635265,0.94599962,0.585172559,0.608171394,0.406013376
2,2,0.523416211,0.079635265,0.94599962,0.585172559,0.608171394,0.406013376
2,2,0.523416211,0.079635265,0.94599962,0.585172559,0.608171394,0.406013376
2,2,0.523416211,0.079635265,0.94599962,0.585172559,0.608171394,0.406013376
2,2,0.523416211,0.079635265,0.94599962,0.585172559,0.608171394,0.406013376
2,2,0.523416211,0.079635265,0.94599962,0.585172559,0.608171394,0.406013376
2,2,0.523416211,0.079635265,0.94599962,0.585172559,0.608171394,0.406013376
2,2,0.523416211,0.079635265,0.94599962,0.585172559,0.608171394,0.406013376
2,2,0.523416211,0.079635265,0.94599962,0.585172559,0.608171394,0.406013376
2,2,0.523416211,0.079635265,0.94599962,0.585172559,0.608171394,0.406013376
2,2,0.523416211,0.079635265,0.94599962,0.585172559,0.608171394,0.406013376
2,2,0.523416211,0.079635265,0.94599962,0.585172559,0.608171394,0.406013376
2,2,0.523416211,0.079635265,0.94599962,0.585172559,0.608171394,0.406013376
2,2,0.523416211,0.079635265,0.94599962,0.585172559,0.608171394,0.406013376
2,2,0.523416211,0.079635265,0.94599962,0.585172559,0.608171394,0.406013376
2,2,0.523416211,0.079635265,0.94599962,0.585172559,0.608171394,0.406013376
2,2,0.523416211,0.079635265,0.94599962,0.585172559,0.608171394,0.406013376
2,2,0.523416211,0.079635265,0.94599962,0.585172559,0.608171394,0.406013376
2,2,0.523416211,0.079635265,0.94599962,0.585172559,0.608171394,0.406013376
2,2,0.523416211,0.079635265,0.94599962,0.585172559,0.608171394,0.406013376
2,2,0.523416211,0.079635265,0.94599962,0.585172559,0.608171394,0.406013376
2,2,0.523416211,0.079635265,0.94599962,0.585172559,0.608171394,0.406013376
2,2,0.523416211,0.079635265,0.94599962,0.585172559,0.608171394,0.406013376
2,2,0.523416211,0.079635265,0.94599962,0.585172559,0.608171394,0.406013376
2,2,0.523416211,0.079635265,0.94599962,0.585172559,0.608171394,0.406013376
2,2,0.523416211,0.079635265,0.94599962,0.585172559,0.608171394,0.406013376
2,2,0.523416211,0.079635265,0.94599962,0.585172559,0.608171394,0.406013376
2,2,0.523416211,0.079635265,0.94599962,0.585172559,0.608171394,0.406013376
2,2,0.523416211,0.079635265,0.94599962,0.585172559,0.608171394,0.406013376
2,2,0.523416211,0.079635265,0.94599962,0.585172559,0.608171394,0.406013376
2,2,0.523416211,0.079635265,0.94599962,0.585172559,0.608171394,0.406013376
2,2,0.523416211,0.079635265,0.94599962,0.585172559,0.608171394,0.406013376
2,2,0.523416211,0.079635265,0.94599962,0.585172559,0.608171394,0.406013376
2,2,0.523416211,0.079635265,0.94599962,0.585172559,0.608171394,0.406013376
2,2,0.523416211,0.079635265,0.94599962,0.585172559,0.608171394,0.406013376
3,2,0.518017068,0.128681138,0.93879983,0.428032466,0.508945704,0.305014434
3,2,0.515758087,0.150926792,0.940008232,0.410811779,0.506036909,0.28635997
3,2,0.518202411,0.129666906,0.939637561,0.440755497,0.509568045,0.295704226
3,2,0.518719513,0.085571702,0.940228694,0.438407637,0.509778442,0.301499514
3,2,0.514496289,0.118278895,0.939059208,0.386852855,0.504887074,0.272744412
3,2,0.519435053,0.092507617,0.944139394,0.524310259,0.511981463,0.290317074
3,2,0.516595984,0.074339694,0.942314582,0.444568998,0.507897785,0.261220596
3,2,0.517324989,0.097195044,0.941922566,0.408966101,0.50957166,0.270910698
3,2,0.518433871,0.094697855,0.942232554,0.466313876,0.510415272,0.289331441
3,2,0.518556042,0.149194886,0.94026753,0.378497144,0.508386243,0.310558351
3,2,0.51631752,0.127229801,0.94036677,0.413275338,0.506886259,0.283679686
3,2,0.517022044,0.0727667,0.940106236,0.449683344,0.506771319,0.314369547
3,2,0.520747713,0.091614938,0.942594855,0.436622106,0.513180225,0.297371422
3,2,0.520766709,0.062199842,0.943503943,0.521554583,0.514198935,0.317063555
3,2,0.516411512,0.126202507,0.940385768,0.381910039,0.505472542,0.29537419
3,2,0.517241135,0.191026147,0.94055521,0.440043756,0.509010187,0.259899605
3,2,0.514687976,0.092605459,0.938769456,0.404587942,0.505024776,0.26633475
3,2,0.515257006,0.156267101,0.938444897,0.43782863,0.506718254,0.295984347
3,2,0.517237543,0.067275788,0.942868636,0.459235249,0.509494659,0.247597909
3,2,0.518960449,0.178434129,0.939868292,0.425280936,0.510876966,0.290816142
3,2,0.51494529,0.043347907,0.939922765,0.422682917,0.506468567,0.293450028
3,2,0.517441734,0.09581324,0.940853219,0.393654915,0.508633853,0.312039364
3,2,0.518605986,0.102600746,0.937288517,0.402144224,0.509257703,0.289136594
3,2,0.516739786,0.110158428,0.940536059,0.465077237,0.508883503,0.299688514
3,2,0.514509958,0.078429218,0.939883284,0.379382301,0.505003157,0.277756718
3,2,0.521576211,0.089568468,0.941995531,0.494943652,0.513143879,0.305733398
3,2,0.51556171,0.113266692,0.934731075,0.435782554,0.509887138,0.296577216
3,2,0.518506493,0.150664219,0.939441337,0.354171889,0.508751762,0.25241718
3,2,0.517234157,0.045438994,0.942006596,0.421387971,0.510611783,0.284174702
3,2,0.518370045,0.075594037,0.939946666,0.420699425,0.510773865,0.269711625
3,2,0.520551891,0.070807202,0.940467707,0.449976487,0.513669367,0.276460865
3,2,0.517324583,0.089072714,0.939679867,0.396322434,0.507069056,0.270079051
3,2,0.517350976,0.144401213,0.94125562,0.441545464,0.511255606,0.29247278
3,2,0.518867464,0.083267413,0.940112095,0.427736346,0.512071736,0.275306782
3,2,0.518168151,0.148494967,0.941733124,0.419641255,0.510517238,0.287148069
3,2,0.516386759,0.099949067,0.938744756,0.374223285,0.510348684,0.273060208
3,2,0.516819085,0.097883392,0.942081686,0.484228492,0.509914602,0.318441527
3,2,0.519304798,0.115434833,0.94373289,0.486686456,0.512499554,0.311794948
3,2,0.518284564,0.128263181,0.937696659,0.356901586,0.507239816,0.279673196
3,2,0.517539766,0.083346002,0.941273393,0.429919896,0.509571498,0.277328781
3,2,0.519597663,0.122392295,0.942305956,0.421430868,0.511261898,0.300886901
3,2,0.517107241,0.098984825,0.941825531,0.415813343,0.5065854,0.296158584
3,2,0.518060066,0.150534935,0.940931186,0.45008957,0.509647342,0.301978922
3,2,0.517049101,0.089648577,0.939086944,0.430387853,0.508435751,0.260483034
3,2,0.519221949,0.103988538,0.941538358,0.425940096,0.509748532,0.265833908
3,2,0.520360167,0.119181749,0.942890049,0.435876606,0.511473247,0.300115066
3,2,0.515443261,0.096659084,0.938469761,0.420966917,0.507528426,0.247551008
3,2,0.515388638,0.120872341,0.93911169,0.41459145,0.50623288,0.272980008
3,2,0.516303116,0.144967988,0.938189908,0.371562775,0.506078417,0.256439384
3,2,0.517252326,0.073306433,0.941317641,0.452790813,0.510177413,0.262483674
4,2,0.519545132,0.121945721,0.944425315,0.535019155,0.512022357,0.296820342
4,2,0.519116656,0.113036492,0.940041845,0.40145552,0.506591951,0.291211873
4,2,0.519847825,0.127953693,0.939832845,0.38986483,0.507361824,0.271872903
4,2,0.518225547,0.089263004,0.940506645,0.4082926,0.512354539,0.276162298
4,2,0.516998956,0.073688807,0.94112713,0.462441037,0.508020438,0.284235149
4,2,0.519533263,0.088663768,0.941970313,0.410401633,0.511288931,0.284853085
4,2,0.518341384,0.040268104,0.941498159,0.379343908,0.50756398,0.273332786
4,2,0.517437679,0.166900422,0.940284573,0.448995685,0.50854559,0.301374688
4,2,0.519031464,0.133791081,0.94115595,0.426416338,0.508676522,0.309146661
4,2,0.518595331,0.138111102,0.941194098,0.435142948,0.50815263,0.289916423
4,2,0.51923691,0.088473257,0.944327509,0.521637577,0.511411193,0.308444485
4,2,0.518848407,0.073549661,0.943869034,0.476504485,0.511949812,0.312990629
4,2,0.518568608,0.0743457,0.94208964,0.455297377,0.512123616,0.314570964
4,2,0.516342538,0.115042176,0.938157605,0.373966631,0.510106491,0.269590105
4,2,0.516853157,0.103235814,0.939774672,0.454842316,0.510673592,0.302831506
4,2,0.51716488,0.072803938,0.941088253,0.417643632,0.510002644,0.290011245
4,2,0.512541382,0.07437077,0.93585806,0.354042309,0.505318134,0.246356315
4,2,0.518975184,0.126074546,0.93941273,0.43783669,0.507110968,0.258068945
4,2,0.517768979,0.067971415,0.941698299,0.424793511,0.507024159,0.292664926
4,2,0.516281802,0.176296248,0.941160882,0.443342139,0.50853675,0.300324008
4,2,0.517833232,0.076641203,0.941105706,0.381849975,0.50849937,0.278031976
4,2,0.51900758,0.126753406,0.943375114,0.440734654,0.511159234,0.308582752
4,2,0.519397338,0.044226329,0.941325713,0.448517229,0.50995553,0.314617899
4,2,0.519519499,0.049576832,0.943421723,0.425978909,0.511359938,0.270673619
4,2,0.519231656,0.11076652,0.942327142,0.397965551,0.510486875,0.279360027
4,2,0.516440855,0.107756392,0.939957923,0.366388146,0.509001611,0.286736677
4,2,0.517531974,0.071671743,0.940349225,0.433181893,0.509952583,0.294318391
4,2,0.517131491,0.114494281,0.9419977,0.462974189,0.508651608,0.300390198
4,2,0.517353009,0.132770847,0.941458077,0.403447923,0.508851189,0.29649091
4,2,0.512876137,0.151031318,0.937171975,0.413080595,0.505605677,0.301235062
4,2,0.518454689,0.079456476,0.941986428,0.407420992,0.509387989,0.269931087
4,2,0.51619858,0.084372459,0.939363915,0.425339017,0.507342121,0.271140185
4,2,0.518336469,0.096046518,0.941719389,0.431484666,0.511276617,0.285669252
4,2,0.517609747,0.081554717,0.940823978,0.478339527,0.512317864,0.302920988
4,2,0.515959183,0.07650343,0.940979021,0.385354962,0.506841143,0.314024741
4,2,0.518334441,0.115798555,0.942086757,0.42278191,0.509619644,0.297729851
4,2,0.521188551,0.09232491,0.94210488,0.478629892,0.511363903,0.297102722
4,2,0.518410002,0.077401356,0.943421059,0.493781073,0.510592285,0.300340869
4,2,0.514975593,0.051681545,0.93776575,0.381998651,0.510513108,0.285989459
4,2,0.515689951,0.117577247,0.940773172,0.422908613,0.509719956,0.278823232
4,2,0.517914933,0.068601986,0.941540541,0.439071014,0.509469414,0.310566503
4,2,0.516949241,0.110788613,0.941212973,0.449544155,0.508653673,0.265515215
4,2,0.516653412,0.128429888,0.94115519,0.447326419,0.507359837,0.296611165
4,2,0.518002603,0.096367217,0.940321554,0.405219579,0.508766855,0.256047335
4,2,0.51906794,0.075260939,0.940833121,0.419479466,0.51050283,0.288659697
4,2,0.516510769,0.09304797,0.9408476,0.37217365,0.508335372,0.320232163
4,2,0.518512774,0.099225286,0.94180996,0.464599078,0.509989768,0.293990947
4,2,0.51994522,0.108044652,0.943322554,0.467632513,0.513278915,0.31567442
4,2,0.517082909,0.061240628,0.941037132,0.46838556,0.507777588,0.316117694
4,2,0.516673356,0.114914307,0.938565998,0.382049008,0.50832478,0.280901818
5,2,0.516053509,0.0776248,0.938059525,0.380043864,0.507173548,0.254107402
5,2,0.517306136,0.129768241,0.940535826,0.395159997,0.509517288,0.274753786
5,2,0.516502134,0.153661741,0.936895204,0.354341842,0.508029729,0.299533352
5,2,0.513462284,0.105999922,0.935569878,0.379714314,0.505078558,0.28726387
5,2,0.514092854,0.176128687,0.936430074,0.364093183,0.504297535,0.284250678
5,2,0.515013086,0.140486752,0.935942128,0.388677732,0.505673997,0.271036018
5,2,0.509292895,0.086830441,0.92803696,0.350695523,0.494620151,0.264805138
5,2,0.515241476,0.086853971,0.933610195,0.406853826,0.510669104,0.258780026
5,2,0.515475748,0.098265853,0.933035906,0.365704397,0.507218224,0.290992745
5,2,0.517296949,0.160852518,0.940107188,0.368473924,0.507456864,0.266856117
5,2,0.517663678,0.07967966,0.935790477,0.372250991,0.510912696,0.295318287
5,2,0.51630784,0.077947063,0.933985937,0.423397724,0.506776831,0.252466004
5,2,0.51821712,0.095845907,0.934711028,0.389811917,0.50468224,0.278901238
5,2,0.516282908,0.053222161,0.940123253,0.418050579,0.507764026,0.279337119
5,2,0.510608876,0.16292343,0.93008177,0.398978716,0.501767965,0.265091539
5,2,0.513933726,0.141657326,0.935438474,0.390154131,0.507314256,0.298031137
5,2,0.514743236,0.106329047,0.935703069,0.378795923,0.500623558,0.235721671
5,2,0.514435982,0.122761684,0.936077311,0.386762712,0.507785453,0.300602672
5,2,0.513673383,0.124085361,0.9351397,0.34359866,0.506196277,0.264770994
5,2,0.520919968,0.116506335,0.936534924,0.427913238,0.508205384,0.265385418
5,2,0.516350306,0.115953797,0.938073639,0.404061719,0.510770976,0.29364685
5,2,0.514223227,0.106265455,0.936994504,0.38582922,0.507220551,0.256248646
5,2,0.511958956,0.093737484,0.928883993,0.367531065,0.504331123,0.304379513
5,2,0.510024941,0.138053821,0.933113691,0.370089661,0.49963608,0.282642032
5,2,0.515926301,0.139300527,0.93888634,0.39973522,0.508263168,0.283414112
5,2,0.512986882,0.079959124,0.935502048,0.33979899,0.503196328,0.25579013
5,2,0.52070502,0.113266058,0.937680507,0.400933036,0.511129224,0.291582483
5,2,0.511065583,0.123861195,0.931120336,0.381699597,0.505224978,0.308311088
5,2,0.516551997,0.100805905,0.936187857,0.367957867,0.504440421,0.269281954
5,2,0.514252641,0.129983886,0.934534499,0.325856168,0.504921565,0.285034842
5,2,0.5191708,0.088349212,0.931389648,0.325027165,0.508335424,0.224342248
5,2,0.51285742,0.160721332,0.932289273,0.357915009,0.50168413,0.299414824
5,2,0.512785648,0.139603485,0.935532119,0.392687894,0.502634541,0.277249601
5,2,0.520433124,0.107163767,0.938854501,0.436681933,0.508596306,0.264112082
5,2,0.517853384,0.141370386,0.934498703,0.391843019,0.507911931,0.25260734
5,2,0.51532453,0.117871658,0.940051648,0.401780533,0.506960292,0.303699131
5,2,0.518582324,0.144648619,0.939729091,0.387610048,0.5096005,0.26266558
5,2,0.516404306,0.201288232,0.940453311,0.405562276,0.506838968,0.301283584
5,2,0.516237846,0.134377254,0.933331688,0.366537469,0.503045629,0.269322449
5,2,0.507715323,0.139609896,0.929417801,0.41160783,0.496397079,0.284346623
5,2,0.514151942,0.196139619,0.933543853,0.36766271,0.506199295,0.286627959
5,2,0.512797634,0.176630195,0.938957316,0.4484103,0.506302965,0.284158937
5,2,0.512215198,0.170415394,0.934759245,0.386963875,0.505783184,0.307941197
5,2,0.50993537,0.113115944,0.935410588,0.409740463,0.504806039,0.28152624
5,2,0.512122366,0.10072785,0.936534782,0.424007609,0.503991393,0.259428419
5,2,0.51514085,0.115912378,0.933844094,0.353310236,0.506168431,0.265057655
5,2,0.515234387,0.115830715,0.93900954,0.384618988,0.503867723,0.24331474
5,2,0.515628835,0.1085748,0.933617845,0.388973645,0.509214633,0.287315587
5,2,0.517082197,0.148476156,0.939897449,0.445286278,0.508037337,0.267916533
5,2,0.51391147,0.120321695,0.937036509,0.423788716,0.504435744,0.281465933
6,2,0.518837734,0.108243414,0.939234203,0.300392476,0.511324459,0.271548174
6,2,0.513962003,0.187364178,0.93254151,0.291969812,0.504375493,0.211359921
6,2,0.515987417,0.151929688,0.932112959,0.38004982,0.505728614,0.294476891
6,2,0.515626746,0.125597613,0.936926827,0.390643665,0.505825169,0.282013086
6,2,0.507222635,0.210503283,0.931345241,0.388678494,0.493299775,0.245414359
6,2,0.513975478,0.127267711,0.932990001,0.255585462,0.50890416,0.276840222
6,2,0.520056379,0.067137442,0.937246095,0.334009639,0.50689161,0.285006991
6,2,0.512779033,0.129603822,0.934536074,0.373964475,0.508813308,0.247410879
6,2,0.512683616,0.190142909,0.931559203,0.334506069,0.504384537,0.22665629
6,2,0.513102801,0.165525533,0.937569886,0.316338346,0.505315211,0.228279113
6,2,0.517878478,0.139888637,0.937188899,0.326216617,0.510967945,0.248265553
6,2,0.509775127,0.109844456,0.931156166,0.294571991,0.503695358,0.216065834
6,2,0.516015323,0.093807061,0.934684359,0.328094144,0.508695934,0.235259979
6,2,0.512552259,0.183258827,0.933025449,0.29250376,0.503385205,0.276140096
6,2,0.513004705,0.129179964,0.930574291,0.376596815,0.499563585,0.29292569
6,2,0.513167409,0.190218298,0.930581978,0.294472739,0.501510793,0.272396189
6,2,0.52027654,0.18737902,0.935540951,0.304034954,0.512021221,0.249862177
6,2,0.516464812,0.112927225,0.937962083,0.364212407,0.510503251,0.261087221
6,2,0.516679142,0.12660568,0.935281541,0.350348426,0.503368261,0.233849884
6,2,0.515498243,0.11551629,0.93625787,0.375783676,0.508009535,0.284035609
6,2,0.515721179,0.175461913,0.938120605,0.410394108,0.509397623,0.278328253
6,2,0.517788214,0.089812086,0.939190952,0.477264306,0.507432102,0.272555061
6,2,0.514750433,0.092890325,0.936388484,0.376815021,0.503644221,0.295359397
6,2,0.516905407,0.156726787,0.938653069,0.395439855,0.509020668,0.277565392
6,2,0.517895314,0.127954924,0.940243055,0.463824605,0.513309849,0.316431025
6,2,0.51618398,0.120343616,0.930596368,0.323935164,0.509195681,0.254966771
6,2,0.520169576,0.20264204,0.936508389,0.358419396,0.507122845,0.275305076
6,2,0.518428215,0.113030543,0.934837631,0.395640728,0.507679939,0.252297512
6,2,0.513783147,0.08834312,0.935720743,0.308897671,0.50357112,0.2185165
6,2,0.513236099,0.181086523,0.935845687,0.375013063,0.506175824,0.258366254
6,2,0.518852264,0.110671316,0.941223524,0.349749779,0.510548935,0.301851728
6,2,0.512590358,0.119244284,0.936023076,0.397752324,0.506876089,0.305249418
6,2,0.511683556,0.14851494,0.933097265,0.30962051,0.506884843,0.221946759
6,2,0.515946667,0.100684779,0.936901762,0.348683366,0.511535203,0.23807265
6,2,0.516487501,0.160810433,0.940331962,0.402664014,0.506470007,0.260105869
6,2,0.516195305,0.100968084,0.940557542,0.387838823,0.508436639,0.267630142
6,2,0.511113326,0.071744835,0.932794895,0.342408053,0.495955959,0.269714393
6,2,0.520215851,0.221865746,0.932614349,0.273823569,0.511155197,0.2804984
6,2,0.519035281,0.089901567,0.931487863,0.339775442,0.502678373,0.25687432
6,2,0.518613866,0.079253955,0.934782382,0.329492531,0.508952565,0.240886905
6,2,0.515809789,0.125009947,0.931585177,0.349547596,0.504694739,0.227213562
6,2,0.514082594,0.095550502,0.932283312,0.29639497,0.506375326,0.244112217
6,2,0.51775646,0.118956619,0.936216277,0.339232033,0.505800028,0.283237304
6,2,0.517797815,0.123939994,0.939627035,0.35279861,0.507520073,0.275292986
6,2,0.517758656,0.108687644,0.93881034,0.412460239,0.505957307,0.249545327
6,2,0.516184672,0.09269467,0.93705607,0.343607533,0.505171609,0.300315743
6,2,0.516835914,0.178366705,0.934380728,0.330072651,0.500708654,0.228980218
6,2,0.51296386,0.117143977,0.934604788,0.285568091,0.505667925,0.267216113
6,2,0.51112448,0.141340599,0.935424319,0.327167206,0.509568399,0.240666396
6,2,0.512924574,0.103800031,0.933837307,0.350256793,0.504688881,0.274495992
1,3,0.430879163,0.068864235,0.858791935,0.626472765,0.659992441,0.327061015
1,3,0.476616003,0.068550868,0.865694997,0.629892093,0.662733667,0.330492986
1,3,0.462428422,0.072802463,0.847783142,0.626991043,0.652301331,0.326941774
1,3,0.489121002,0.071103146,0.881975376,0.631570689,0.675246863,0.334451104
1,3,0.486503851,0.069856242,0.886070884,0.630864226,0.654896906,0.337887135
1,3,0.480391158,0.074474082,0.871229912,0.629416887,0.687538383,0.330373822
1,3,0.450114093,0.070050073,0.862858642,0.62714512,0.656572158,0.330280883
1,3,0.488034742,0.07016231,0.887540616,0.63063874,0.674096522,0.333678942
1,3,0.432818132,0.071996564,0.854717232,0.625723199,0.647114001,0.326222901
1,3,0.450735489,0.070640009,0.865998305,0.627039948,0.653108298,0.325991044
1,3,0.479911515,0.073787776,0.886298864,0.627984158,0.662111019,0.334443233
1,3,0.464518574,0.074805875,0.860813568,0.622910004,0.652824746,0.329620046
1,3,0.45748422,0.071852826,0.883924086,0.632455539,0.619710389,0.333722806
1,3,0.467340696,0.070561231,0.868370975,0.629110776,0.676558212,0.331438398
1,3,0.45620661,0.074656871,0.883019704,0.630020657,0.658277675,0.326267664
1,3,0.486556994,0.07221279,0.893454689,0.631147431,0.678512607,0.33750984
1,3,0.466792892,0.073573221,0.871244567,0.628983624,0.665292624,0.324702385
1,3,0.428036822,0.071577037,0.848386,0.624987933,0.656323661,0.321262781
1,3,0.473500155,0.071976745,0.864429519,0.624693171,0.665939292,0.333758527
1,3,0.471052294,0.072434343,0.868021471,0.629893469,0.664530457,0.33665473
1,3,0.463263432,0.069752621,0.865064009,0.62890017,0.658631437,0.329102995
1,3,0.474965567,0.070185993,0.868558955,0.627998966,0.66594139,0.335077919
1,3,0.462302259,0.06857111,0.865876308,0.627841159,0.658211078,0.331569988
1,3,0.441820794,0.068834586,0.838591825,0.621239189,0.650651327,0.334533149
1,3,0.480522996,0.072410909,0.873836346,0.625575639,0.671466831,0.331806793
1,3,0.461203125,0.070043117,0.86011658,0.62948441,0.668989784,0.331718636
1,3,0.465041218,0.074249934,0.872320197,0.628246176,0.668037286,0.332002465
1,3,0.477162234,0.071513277,0.881130317,0.630111349,0.682990364,0.333129644
1,3,0.490429443,0.071487695,0.879106065,0.628551718,0.675959243,0.323557884
1,3,0.484964008,0.072450714,0.879723216,0.630821087,0.675552386,0.329791633
1,3,0.453356775,0.073132683,0.856914163,0.628255274,0.668686542,0.32858197
1,3,0.471776116,0.070335104,0.861887634,0.626945158,0.663039659,0.33265318
1,3,0.474986582,0.072387407,0.88468369,0.630672117,0.659251793,0.339388271
1,3,0.466620522,0.06944384,0.882724084,0.631427254,0.624305044,0.331386956
1,3,0.456561741,0.072357698,0.873156709,0.629756345,0.671007897,0.337001892
1,3,0.446156228,0.073812993,0.85747071,0.625351202,0.648388007,0.335361821
1,3,0.483811851,0.068764864,0.874623352,0.627681682,0.649842678,0.328572694
1,3,0.472210626,0.066808564,0.858777107,0.628701767,0.68185737,0.328562332
1,3,0.506659672,0.071280355,0.923702133,0.632381483,0.68953454,0.328671817
1,3,0.436342952,0.066773266,0.836858836,0.622971099,0.652865155,0.319300246
1,3,0.474962957,0.071518218,0.899332489,0.631638052,0.676075522,0.327774451
1,3,0.43937819,0.068171069,0.838708806,0.62533967,0.66954406,0.332274972
1,3,0.464467025,0.072407917,0.849996594,0.627523815,0.650584495,0.336787271
1,3,0.455717878,0.07154832,0.877605522,0.628306577,0.667450951,0.331938498
1,3,0.485554024,0.071257903,0.87010866,0.628789727,0.671781891,0.332678458
1,3,0.436196079,0.070188637,0.842595407,0.624961329,0.669320289,0.31818496
1,3,0.462373228,0.074297085,0.858385299,0.629535083,0.658982409,0.331900344
1,3,0.463229431,0.072307493,0.853801458,0.628924674,0.66826007,0.328259104
1,3,0.476760355,0.072738734,0.893257049,0.630527084,0.670987346,0.334211718
1,3,0.447643566,0.073605378,0.857927771,0.626487708,0.662684639,0.329573409
2,3,0.481795011,0.078371987,0.900054987,0.58291838,0.64610934,0.220399268
2,3,0.447603436,0.079225602,0.841666217,0.573718674,0.631464052,0.223859852
2,3,0.465289207,0.078755638,0.864046414,0.57791948,0.645769866,0.211546745
2,3,0.481625706,0.079153722,0.879703397,0.579260814,0.640605556,0.218908991
2,3,0.450620791,0.075792711,0.856260509,0.578091062,0.615307148,0.21937029
2,3,0.477548379,0.07582099,0.88925159,0.580532812,0.648638838,0.213819854
2,3,0.414289146,0.078628654,0.834150889,0.572682063,0.630872428,0.218605424
2,3,0.448176677,0.080401122,0.840279571,0.575187993,0.621902321,0.218066758
2,3,0.475305938,0.07585488,0.884925611,0.578662971,0.645266866,0.220930258
2,3,0.43283959,0.077915793,0.855707576,0.578148939,0.636818444,0.211883245
2,3,0.445372511,0.077809879,0.864390117,0.573331443,0.628965211,0.214993327
2,3,0.465023355,0.078180878,0.847376493,0.576714296,0.615294743,0.211955165
2,3,0.471811018,0.075897265,0.853770075,0.577581996,0.639722566,0.221283801
2,3,0.476023975,0.079808636,0.881828957,0.57999691,0.638645217,0.213972538
2,3,0.474213057,0.076610487,0.876536362,0.57893133,0.628333382,0.217093024
2,3,0.422981217,0.075177794,0.86654977,0.577705688,0.637730531,0.216579422
2,3,0.465739087,0.077066066,0.864784387,0.579708422,0.632073887,0.212729283
2,3,0.459757528,0.078233265,0.860293188,0.573201628,0.639233711,0.219499451
2,3,0.464915411,0.079182092,0.879990076,0.580483694,0.651420485,0.211060295
2,3,0.449295803,0.080252133,0.867490176,0.576724892,0.637742204,0.220578679
2,3,0.484535701,0.077197399,0.881495486,0.579708462,0.653153895,0.21511105
2,3,0.487468967,0.078243878,0.860283014,0.578235785,0.630857423,0.214462027
2,3,0.468743873,0.075321547,0.872321562,0.578882698,0.656561092,0.218673325
2,3,0.430919445,0.072879562,0.839129655,0.574285911,0.598019167,0.217041629
2,3,0.460030592,0.075951238,0.862796155,0.576709647,0.639206828,0.221056799
2,3,0.475281119,0.074618736,0.863098774,0.578193224,0.640882511,0.216087243
2,3,0.48086933,0.076909742,0.870526134,0.57993163,0.649290086,0.217013647
2,3,0.452852533,0.079086996,0.846206853,0.578629574,0.639277605,0.213809857
2,3,0.469608903,0.077322908,0.863418624,0.579083681,0.640196888,0.222631798
2,3,0.461132232,0.075315307,0.849417967,0.576970654,0.638592597,0.214768022
2,3,0.438504949,0.078362886,0.856694485,0.576888972,0.629311441,0.218812523
2,3,0.455360494,0.077089351,0.876351484,0.58023348,0.638667204,0.215701062
2,3,0.479388952,0.079421689,0.872952429,0.580959585,0.629698629,0.211849584
2,3,0.4555115,0.077612214,0.870369252,0.577312216,0.63248539,0.218509293
2,3,0.460804735,0.077142285,0.871815947,0.580781476,0.634448345,0.216427284
2,3,0.493919144,0.079082714,0.870935005,0.581277382,0.647449613,0.211864432
2,3,0.468150714,0.077911166,0.883250278,0.580606438,0.653408643,0.219075612
2,3,0.480729631,0.078342918,0.88322422,0.579475367,0.643346352,0.219777442
2,3,0.469310141,0.079795201,0.867533989,0.579090553,0.658310265,0.21923304
2,3,0.444907481,0.078389091,0.856364643,0.577984,0.630025462,0.216504787
2,3,0.445658052,0.080703928,0.862804847,0.575115752,0.65370804,0.219047864
2,3,0.505612147,0.077667752,0.881412065,0.580089145,0.631358706,0.218898586
2,3,0.453729408,0.079573892,0.857322003,0.574825433,0.624453498,0.208873546
2,3,0.428276207,0.079589159,0.863393918,0.575645828,0.631715579,0.214040367
2,3,0.458359734,0.076702477,0.852181913,0.576704027,0.621819463,0.219912835
2,3,0.45811295,0.078894617,0.849294159,0.576892852,0.618708662,0.210897494
2,3,0.447083465,0.077278871,0.851650499,0.577809429,0.645943597,0.217928295
2,3,0.448018128,0.076327168,0.845365132,0.576349806,0.625690227,0.218044955
2,3,0.462961587,0.077718608,0.847428798,0.574829473,0.638086697,0.214577026
2,3,0.474021244,0.076770708,0.85973785,0.576935821,0.636095063,0.210612309
3,3,0.492821762,0.139538183,0.88131193,0.466829291,0.672715248,0.30527451
3,3,0.462434229,0.12419922,0.883068852,0.425577906,0.650911165,0.310464412
3,3,0.459983192,0.083546898,0.872443307,0.429803709,0.66001251,0.310145943
3,3,0.441111086,0.126263771,0.851057225,0.396037003,0.658495335,0.306760958
3,3,0.472016409,0.094374422,0.831988313,0.401481742,0.646901294,0.284671476
3,3,0.443995713,0.107802733,0.880057292,0.463622172,0.66313806,0.346084395
3,3,0.455692217,0.104141024,0.873660329,0.453399708,0.655190242,0.296497547
3,3,0.469937197,0.061798187,0.876577785,0.478394773,0.65115263,0.322523245
3,3,0.456604357,0.099007353,0.873099728,0.401096769,0.660524374,0.271484319
3,3,0.439781477,0.113409387,0.863853933,0.395306565,0.645336513,0.257654717
3,3,0.465567585,0.075508316,0.875981635,0.391500248,0.671661252,0.306417027
3,3,0.428932593,0.07487499,0.849894447,0.406263181,0.658577369,0.268952571
3,3,0.452250683,0.086376674,0.873619014,0.441650599,0.678840568,0.290387213
3,3,0.453009674,0.102133558,0.859237833,0.398197256,0.664372331,0.2684584
3,3,0.496825529,0.091717123,0.856526598,0.448372268,0.661610193,0.294309936
3,3,0.473342909,0.085081182,0.868229712,0.471243308,0.668077784,0.321559269
3,3,0.508882462,0.07481931,0.892838676,0.430893572,0.67046207,0.323920919
3,3,0.460846509,0.128066064,0.87921407,0.403426514,0.663379679,0.30323119
3,3,0.475836974,0.120197127,0.853127284,0.406911524,0.649920715,0.279123375
3,3,0.471189224,0.130596441,0.870800073,0.471614468,0.671363803,0.29121105
3,3,0.446394793,0.102507,0.871934112,0.402666286,0.648392535,0.272220324
3,3,0.43263408,0.135014383,0.854762199,0.470692407,0.656843414,0.291423487
3,3,0.437306375,0.140103887,0.858713374,0.43580629,0.648078384,0.302552496
3,3,0.472227024,0.107538746,0.864275944,0.441389135,0.663701463,0.31537833
3,3,0.453193144,0.085332098,0.86887578,0.396277185,0.669142008,0.307312962
3,3,0.45190534,0.08298209,0.864379,0.405048714,0.666112062,0.317268648
3,3,0.475002944,0.126895496,0.870630826,0.413657445,0.647722758,0.319065807
3,3,0.456297784,0.071516483,0.871890505,0.460222819,0.649683346,0.314506404
3,3,0.456331531,0.124585597,0.841646896,0.384105631,0.655670373,0.333859818
3,3,0.436003289,0.094484787,0.852617468,0.410573922,0.642350405,0.227501487
3,3,0.452248398,0.090338046,0.880785294,0.490113484,0.666479449,0.283895184
3,3,0.441271129,0.051567246,0.84346158,0.398352029,0.642514993,0.293710067
3,3,0.459520904,0.1421688,0.882716242,0.437556649,0.657705419,0.286364482
3,3,0.491914325,0.11237532,0.866405241,0.440262027,0.655577838,0.279870315
3,3,0.48304472,0.179063859,0.873610118,0.413378532,0.600425359,0.284688657
3,3,0.472366932,0.147734661,0.874423773,0.411512245,0.663479597,0.308098498
3,3,0.454648772,0.121016075,0.879588569,0.484312283,0.676384519,0.306159262
3,3,0.461172725,0.074491108,0.868135582,0.43972539,0.668573327,0.27679672
3,3,0.43156883,0.085490543,0.848687316,0.42490952,0.654726898,0.339027014
3,3,0.464764101,0.115995264,0.854231831,0.439511319,0.666047805,0.312990842
3,3,0.479771813,0.202797394,0.896287787,0.407772743,0.667944716,0.282817349
3,3,0.447773082,0.131168386,0.865003892,0.533086888,0.671274478,0.313983473
3,3,0.479507364,0.124807536,0.880814175,0.483877887,0.670215824,0.313119402
3,3,0.4481573,0.07299172,0.852510028,0.423374452,0.655891049,0.331767402
3,3,0.453546108,0.085743781,0.850326316,0.391031385,0.643182802,0.276614305
3,3,0.471685021,0.102359373,0.852291432,0.372002095,0.655067205,0.303017968
3,3,0.450453126,0.123383303,0.847560114,0.40691422,0.663494078,0.304442042
3,3,0.449629291,0.126361907,0.866182999,0.44037765,0.682497793,0.291588591
3,3,0.459034141,0.10129723,0.850655319,0.469370686,0.661707158,0.301197291
3,3,0.463954914,0.066811878,0.877207643,0.462099276,0.661080509,0.304551039
4,3,0.468309379,0.058296371,0.854205746,0.381213824,0.660377231,0.296783351
4,3,0.461117566,0.080560453,0.866256077,0.403083639,0.661810261,0.280805513
4,3,0.481484269,0.078120634,0.895540238,0.356885313,0.685506526,0.282267476
4,3,0.47244659,0.039641717,0.879349154,0.453091303,0.661557641,0.332548585
4,3,0.463156822,0.069927189,0.85130459,0.3552193,0.658327213,0.246831367
4,3,0.442963197,0.109499034,0.859920205,0.446718693,0.64747033,0.307023118
4,3,0.464658018,0.029710741,0.869053065,0.42354949,0.66504326,0.342553848
4,3,0.42111118,0.079654231,0.849232429,0.498502062,0.619029202,0.348891892
4,3,0.47310432,0.044557097,0.879064568,0.489213614,0.67987917,0.303540313
4,3,0.452593421,0.141461217,0.859820885,0.423121308,0.663773566,0.322689063
4,3,0.489659628,0.073181744,0.894438604,0.384835626,0.679794547,0.297569294
4,3,0.480600778,0.071110822,0.882583728,0.420915143,0.658497353,0.335799953
4,3,0.4493181,0.112232583,0.860052391,0.407549883,0.665365329,0.316246872
4,3,0.481776855,0.158096745,0.871595352,0.37184572,0.671591449,0.303294191
4,3,0.42123099,0.094549982,0.844071057,0.403139901,0.642466713,0.225360821
4,3,0.457681823,0.071987717,0.863744341,0.417888581,0.669512067,0.300206553
4,3,0.49546671,0.086083301,0.89978036,0.437050045,0.674587702,0.348758311
4,3,0.461328373,0.055204537,0.863943687,0.413267835,0.665258978,0.302347984
4,3,0.42268734,0.066040706,0.858135474,0.434507796,0.659236329,0.299461315
4,3,0.475317932,0.0770426,0.879503665,0.405758293,0.684815749,0.274171865
4,3,0.490444733,0.05160862,0.883544406,0.456022288,0.692186355,0.263445592
4,3,0.452968702,0.095427592,0.872884832,0.415020244,0.662652565,0.292192721
4,3,0.487338235,0.113855978,0.893301806,0.403263948,0.68101755,0.296867629
4,3,0.475819113,0.096114706,0.888814135,0.397889432,0.675243872,0.291599631
4,3,0.473474053,0.100298029,0.843160885,0.390640193,0.660244141,0.320655565
4,3,0.466180189,0.084620278,0.880653844,0.373927795,0.670564953,0.326542427
4,3,0.494250468,0.111075461,0.902018726,0.459526341,0.637173673,0.298992543
4,3,0.465764145,0.128627108,0.859348179,0.384852194,0.659161461,0.301262806
4,3,0.460037397,0.116541408,0.8532291,0.384532181,0.652452315,0.295734648
4,3,0.449465338,0.021061042,0.855787131,0.383098613,0.66842311,0.308207005
4,3,0.489626721,0.054327748,0.89595508,0.441166463,0.675057125,0.334637732
4,3,0.484012232,0.099784736,0.878917484,0.410830361,0.684863363,0.31136154
4,3,0.470993636,0.120247991,0.87986021,0.435205807,0.676789396,0.308165369
4,3,0.450695381,0.14700472,0.874623438,0.445943579,0.62866916,0.278370025
4,3,0.462751815,0.030108773,0.884285642,0.412012807,0.680973101,0.297968462
4,3,0.465100735,0.081311894,0.86124977,0.445828638,0.661844478,0.335596308
4,3,0.477423978,0.070150056,0.875020345,0.419680553,0.675833753,0.303325365
4,3,0.447166344,0.100545654,0.850392311,0.366941399,0.655011802,0.275247067
4,3,0.465298711,0.031758839,0.874351134,0.430983082,0.673397979,0.315774936
4,3,0.43053543,0.104127849,0.84215322,0.497382986,0.646520829,0.322703778
4,3,0.467901137,0.042786886,0.888657298,0.427780316,0.67054859,0.255777552
4,3,0.452509026,0.109114697,0.863562423,0.483191019,0.667082894,0.298309047
4,3,0.463549291,0.078622976,0.860372743,0.429258076,0.657909468,0.295015673
4,3,0.421504798,0.101873992,0.841172149,0.445411921,0.644285942,0.35548893
4,3,0.455413789,0.170417079,0.871639607,0.407204814,0.613257776,0.298833551
4,3,0.475533296,0.148657375,0.860642681,0.39767372,0.672891458,0.281697705
4,3,0.441212437,0.079985943,0.874093547,0.42399149,0.648626264,0.326270878
4,3,0.45194219,0.061557926,0.874486903,0.424680863,0.660330867,0.331569413
4,3,0.484374893,0.047557925,0.888924439,0.434387694,0.670828511,0.332613869
4,3,0.482498036,0.111126328,0.88584816,0.362711945,0.67083938,0.274809907
5,3,0.458991763,0.090672786,0.872413224,0.404656824,0.660805732,0.32029062
5,3,0.466711361,0.10643303,0.866469484,0.380886655,0.652530564,0.320881149
5,3,0.457778079,0.13831552,0.857309014,0.35852286,0.654718531,0.250292809
5,3,0.460842419,0.126440721,0.868202975,0.384103458,0.640913828,0.290118333
5,3,0.440922711,0.109160661,0.840030994,0.386524254,0.646406799,0.253989239
5,3,0.425850955,0.087689218,0.847508363,0.343221337,0.668683528,0.307083321
5,3,0.462823187,0.075368368,0.858185839,0.432356446,0.661772563,0.31640474
5,3,0.421685356,0.136488673,0.86091229,0.380233511,0.661948639,0.274629737
5,3,0.436261422,0.099967529,0.849377688,0.351760308,0.643516071,0.294603407
5,3,0.463408493,0.126289727,0.859517411,0.357741068,0.680737401,0.281503533
5,3,0.474443159,0.140331934,0.874042279,0.402991301,0.666570022,0.307779574
5,3,0.466534524,0.164471188,0.849845854,0.406325893,0.632905576,0.302407767
5,3,0.478678289,0.10440843,0.8707434,0.356042825,0.661599554,0.298004004
5,3,0.474778183,0.129079181,0.878209288,0.388741897,0.660454224,0.305029101
5,3,0.451910972,0.098578052,0.857232187,0.433548319,0.656814215,0.302634953
5,3,0.463014475,0.124560634,0.852148167,0.316745533,0.659396641,0.246843551
5,3,0.414165261,0.097891489,0.83140339,0.461456607,0.665206854,0.336914893
5,3,0.490403801,0.079049437,0.871300785,0.357469156,0.658692381,0.288129947
5,3,0.434559452,0.098696422,0.851956578,0.390187783,0.663654461,0.279313917
5,3,0.471420729,0.121132152,0.879654323,0.369168767,0.650688143,0.231402618
5,3,0.467168094,0.108641745,0.867583691,0.393342187,0.657835747,0.293170857
5,3,0.466564583,0.069060372,0.85789468,0.380530393,0.665395907,0.288227212
5,3,0.449853721,0.085991558,0.855814142,0.349991716,0.654802062,0.354227427
5,3,0.456190038,0.146247174,0.841929414,0.401159427,0.65092322,0.319028854
5,3,0.426938123,0.088866376,0.86382198,0.369104089,0.643565693,0.282965378
5,3,0.463577329,0.128999744,0.873994331,0.341039519,0.647322742,0.287231033
5,3,0.473377055,0.093086732,0.859604655,0.425135208,0.663802987,0.325982288
5,3,0.470934542,0.12560846,0.849114502,0.387572826,0.63725776,0.283467138
5,3,0.452000757,0.116396825,0.891105964,0.414522968,0.655716969,0.292958839
5,3,0.476714849,0.117286786,0.861296248,0.330509309,0.656005847,0.244097374
5,3,0.494840861,0.170621784,0.885859359,0.331192498,0.679102676,0.2611043
5,3,0.483180521,0.138479117,0.886076929,0.379979819,0.677424047,0.335075845
5,3,0.444001627,0.04442048,0.849311555,0.365085392,0.656608865,0.290255639
5,3,0.433265176,0.05663404,0.837813005,0.389883561,0.673190087,0.25301178
5,3,0.445242206,0.095512136,0.846598684,0.484758601,0.678255044,0.291905203
5,3,0.461498081,0.062290206,0.869922645,0.471232051,0.666741151,0.336525753
5,3,0.469008362,0.164781101,0.862268109,0.347521388,0.6486196,0.258907536
5,3,0.457262264,0.142871428,0.849006673,0.366163878,0.672622747,0.253794584
5,3,0.454839908,0.092151726,0.870809021,0.43186267,0.646581446,0.272857796
5,3,0.465726498,0.118903709,0.867504875,0.337164146,0.658875308,0.269404361
5,3,0.452610404,0.095013064,0.85594501,0.45611388,0.645955385,0.272086676
5,3,0.467937265,0.100502243,0.888139021,0.369025906,0.687077518,0.275234203
5,3,0.434453324,0.121970768,0.858455339,0.408088326,0.646843454,0.27256816
5,3,0.472759629,0.155626549,0.861309355,0.401308168,0.67089822,0.339365609
5,3,0.452369657,0.101559503,0.87357092,0.42726821,0.648648427,0.317785682
5,3,0.448739871,0.076259778,0.845355618,0.414469355,0.652408443,0.300500431
5,3,0.469097025,0.102243582,0.86784088,0.429644319,0.656085506,0.267961807
5,3,0.4959168,0.203795616,0.889086308,0.450513275,0.660393545,0.281486711
5,3,0.494843019,0.124928167,0.901971514,0.422838445,0.681470754,0.334916269
5,3,0.457592529,0.071121976,0.863518586,0.445562151,0.651131116,0.328841813
6,3,0.442226398,0.132920291,0.837266148,0.297795255,0.641748824,0.217078911
6,3,0.446009112,0.165541521,0.860340922,0.354155378,0.66976955,0.291468957
6,3,0.449014207,0.154953697,0.865737033,0.370240446,0.643579922,0.274038542
6,3,0.442580449,0.109812276,0.850542718,0.328708356,0.640159129,0.276082717
6,3,0.448334753,0.0660172,0.844369195,0.330852786,0.658209351,0.267880502
6,3,0.463175534,0.13684562,0.851377921,0.314332165,0.651956886,0.299748696
6,3,0.465517206,0.10539647,0.868928971,0.400473442,0.650543731,0.272758747
6,3,0.477634754,0.124241829,0.888884294,0.297319959,0.685042655,0.222839016
6,3,0.448280416,0.096235364,0.860072559,0.28678014,0.609713961,0.269674413
6,3,0.449339204,0.126287363,0.869934647,0.296997329,0.617321868,0.265895158
6,3,0.446556115,0.186576584,0.869549046,0.402851621,0.659768854,0.231423339
6,3,0.442306375,0.120048832,0.8496307,0.352544063,0.666821944,0.267594275
6,3,0.463412177,0.149293168,0.86904233,0.416513525,0.673123373,0.326000738
6,3,0.458977295,0.20414194,0.849240454,0.365680609,0.664179583,0.248596819
6,3,0.486388377,0.110033472,0.894615714,0.487429212,0.664959989,0.325518142
6,3,0.447189877,0.154942547,0.832768761,0.292595877,0.65216878,0.223294854
6,3,0.454078687,0.197792708,0.850287625,0.267947917,0.651335427,0.267643758
6,3,0.452739171,0.113132504,0.861127781,0.303674241,0.659078598,0.273795321
6,3,0.465666606,0.169601229,0.862944009,0.373396548,0.664456412,0.310445846
6,3,0.461802298,0.130807797,0.857344855,0.315284946,0.668828007,0.270164033
6,3,0.447503371,0.079797163,0.865273033,0.339223559,0.64644451,0.312064356
6,3,0.457091392,0.136435443,0.848932487,0.307865848,0.668348833,0.293682909
6,3,0.479546154,0.172897777,0.901498779,0.401121297,0.671682293,0.292767287
6,3,0.484629735,0.145412882,0.883262993,0.414634613,0.663311272,0.228259884
6,3,0.465915105,0.075623846,0.873929872,0.253509676,0.661525887,0.291781762
6,3,0.461561403,0.092075817,0.87762445,0.375735312,0.65808646,0.258890498
6,3,0.446931433,0.172173681,0.845302349,0.250801625,0.6570315,0.284025529
6,3,0.479363173,0.058094635,0.900215606,0.302194614,0.666078879,0.290629061
6,3,0.479531476,0.104067488,0.867294944,0.29621394,0.685024396,0.269758234
6,3,0.464693402,0.150423429,0.855827797,0.3948851,0.650444464,0.332212738
6,3,0.425160552,0.086400317,0.861401689,0.3518111,0.657232438,0.29006044
6,3,0.458935794,0.138955071,0.872867382,0.379553271,0.656687237,0.300855619
6,3,0.463324714,0.111597002,0.855199265,0.353639954,0.653139055,0.236078745
6,3,0.469761094,0.144427051,0.884358913,0.230403924,0.650697846,0.217105283
6,3,0.471693357,0.117712129,0.86649655,0.307094473,0.67262263,0.286872147
6,3,0.466311759,0.107041641,0.855444311,0.373180261,0.65060216,0.276461671
6,3,0.447318212,0.091587575,0.855079383,0.335663394,0.658275253,0.286792128
6,3,0.455264701,0.082262239,0.864020481,0.358761098,0.656272092,0.266131291
6,3,0.477616478,0.103082905,0.881829247,0.436317932,0.62421372,0.300696847
6,3,0.500350163,0.139937441,0.907897462,0.376030897,0.669913174,0.260215821
6,3,0.439561107,0.141480008,0.845926492,0.342427523,0.649544282,0.267915991
6,3,0.475909201,0.144765395,0.893595388,0.35287629,0.669735624,0.276387187
6,3,0.449137457,0.196906187,0.851676853,0.415690493,0.644858706,0.202083471
6,3,0.461312672,0.134120967,0.880567352,0.310234399,0.635942028,0.293037014
6,3,0.451254566,0.173066302,0.868907427,0.277963252,0.659913247,0.186707115
6,3,0.46546696,0.116981704,0.872707438,0.358537843,0.671917249,0.309194443
6,3,0.441814324,0.089069136,0.850677556,0.362956983,0.654261546,0.251014072
6,3,0.461595737,0.158553968,0.865656898,0.336834104,0.643408982,0.302715382
6,3,0.491385211,0.094647467,0.9074422,0.378225849,0.64510951,0.267864402
6,3,0.480947455,0.149712517,0.844785306,0.329719309,0.64605559,0.265077006
1,4,0.437928327,0.06717472,0.852139707,0.625903847,0.644854455,0.328954296
1,4,0.487853381,0.070796102,0.8950952,0.632354136,0.680336881,0.329173478
1,4,0.445023537,0.070925729,0.841051809,0.628919419,0.643951581,0.33141088
1,4,0.44774476,0.075060483,0.882840341,0.628264655,0.666623508,0.336520306
1,4,0.463679449,0.072891048,0.897619889,0.630984818,0.677118352,0.33548356
1,4,0.468066229,0.071770543,0.901110409,0.630045483,0.670416591,0.332911075
1,4,0.429737565,0.070753477,0.857734587,0.630631371,0.636051779,0.330149108
1,4,0.454082838,0.068593661,0.846895014,0.630049106,0.664705566,0.333724135
1,4,0.443570037,0.071450741,0.841733427,0.630708766,0.640281519,0.330222374
1,4,0.457553128,0.0698213,0.850895425,0.630371172,0.656664911,0.332702106
1,4,0.449560973,0.071907442,0.861558864,0.626496995,0.661223924,0.327930296
1,4,0.475164423,0.070600061,0.865051475,0.63267142,0.65166264,0.329315523
1,4,0.42367359,0.069321358,0.884245956,0.630377267,0.666784424,0.331059404
1,4,0.483721332,0.071146568,0.883766165,0.633270494,0.656822041,0.337191802
1,4,0.406149335,0.074474886,0.854676042,0.628037926,0.656773882,0.333550668
1,4,0.442820464,0.071273757,0.854796597,0.63505147,0.653601811,0.329196019
1,4,0.475776787,0.071837258,0.870884152,0.630465603,0.67095773,0.329426903
1,4,0.488578166,0.070846994,0.848478944,0.626975691,0.650228525,0.333236511
1,4,0.415470931,0.068439729,0.846550567,0.627726887,0.652780551,0.330291782
1,4,0.430311701,0.070938007,0.849113631,0.624965588,0.653393838,0.330541929
1,4,0.450916755,0.073828363,0.865982347,0.62525984,0.665483942,0.328110914
1,4,0.466265073,0.071427218,0.879748538,0.633795951,0.615221311,0.333704141
1,4,0.455186058,0.070489038,0.846372545,0.626473795,0.6364724,0.328530042
1,4,0.461330511,0.071230537,0.855388426,0.630974968,0.669606723,0.32958345
1,4,0.474237861,0.071520428,0.897874514,0.632274286,0.669769489,0.335332096
1,4,0.451489676,0.071901359,0.8733918,0.629664813,0.661138538,0.332361078
1,4,0.450403724,0.071373866,0.85356515,0.626516217,0.671884073,0.333136229
1,4,0.470909509,0.07551508,0.88362173,0.631428926,0.659006033,0.333375705
1,4,0.428958515,0.069395985,0.838778642,0.625175064,0.652901455,0.333159274
1,4,0.468154762,0.070495628,0.872920397,0.631613065,0.665431348,0.3336786
1,4,0.483273844,0.071537128,0.870383939,0.634070191,0.657762092,0.331531155
1,4,0.448570449,0.072489629,0.859019915,0.628411592,0.658084552,0.327955753
1,4,0.468541776,0.072691506,0.873298576,0.63066783,0.652948316,0.327506029
1,4,0.463134007,0.07305983,0.886437388,0.630769008,0.664815036,0.33516585
1,4,0.465984773,0.069374505,0.879893699,0.629252509,0.665681306,0.327089271
1,4,0.464460454,0.074762824,0.858605791,0.629140337,0.652014473,0.332094922
1,4,0.458876825,0.072029182,0.871129547,0.626873263,0.664570372,0.327259286
1,4,0.477418545,0.07363234,0.87921149,0.625796656,0.666592188,0.332921233
1,4,0.49225225,0.073450938,0.893601442,0.633794036,0.663409549,0.332363271
1,4,0.469473632,0.074051685,0.873032314,0.633341597,0.671599483,0.326586499
1,4,0.508611698,0.07230934,0.8974369,0.633986846,0.669512964,0.334682002
1,4,0.461881569,0.073122424,0.885419754,0.630411671,0.663423795,0.336863624
1,4,0.449992889,0.069583944,0.850502325,0.627562765,0.650131394,0.331856352
1,4,0.473672375,0.073344994,0.890464493,0.628566789,0.677632031,0.331091832
1,4,0.456019952,0.070442608,0.849765621,0.628533944,0.647973962,0.333598747
1,4,0.481780353,0.073047996,0.879161154,0.632245406,0.662330346,0.329132255
1,4,0.439450559,0.073766787,0.866459754,0.627691473,0.657588094,0.330288968
1,4,0.466921185,0.068327202,0.873642434,0.62921179,0.66575698,0.327264859
1,4,0.459868371,0.071521773,0.889110301,0.629896657,0.670123504,0.332538876
1,4,0.446219762,0.072901204,0.849191558,0.626202182,0.655996212,0.325919109
2,4,0.448534142,0.079239262,0.870250058,0.57869568,0.621899798,0.212332662
2,4,0.457457861,0.077816051,0.865183308,0.575169228,0.632884401,0.214241969
2,4,0.440828055,0.074024918,0.846463711,0.572884422,0.622047743,0.217916122
2,4,0.474334522,0.080268945,0.871359935,0.579391137,0.633185522,0.213321917
2,4,0.461605467,0.077402126,0.875010871,0.580951151,0.639088905,0.219251971
2,4,0.476255082,0.079933138,0.880833054,0.577580101,0.631938744,0.220888933
2,4,0.512232728,0.079247006,0.918763767,0.581729569,0.656825015,0.217117922
2,4,0.441227803,0.078316828,0.863060905,0.582784156,0.635486673,0.212887038
2,4,0.467059112,0.080705603,0.857401227,0.578336632,0.634966044,0.211753699
2,4,0.474882153,0.079192348,0.871542658,0.579712212,0.630789724,0.214880533
2,4,0.474733575,0.07725877,0.880536396,0.580771076,0.649582868,0.215352921
2,4,0.466210402,0.078413099,0.868591586,0.58030437,0.629600834,0.21803029
2,4,0.452346813,0.076247,0.865593922,0.577706295,0.624085745,0.220323932
2,4,0.486705401,0.077759105,0.913630089,0.582660611,0.650790838,0.218966781
2,4,0.44448078,0.07693206,0.847766208,0.581730927,0.623641004,0.212133366
2,4,0.447892565,0.073700403,0.839924204,0.573609164,0.609108295,0.218375124
2,4,0.429131981,0.076275309,0.847961305,0.57831651,0.626896882,0.218529661
2,4,0.458005473,0.075558655,0.848278371,0.578681228,0.624690551,0.214293272
2,4,0.477988818,0.077081233,0.866242517,0.580504039,0.637281176,0.218894628
2,4,0.447571089,0.079804938,0.866220079,0.57876974,0.63594088,0.21467596
2,4,0.451507287,0.07817238,0.874455535,0.58315488,0.625321256,0.214505497
2,4,0.481753005,0.077310461,0.903084248,0.582035258,0.624345177,0.223622622
2,4,0.456035677,0.079158697,0.871225028,0.577360757,0.608018747,0.216601276
2,4,0.484434153,0.077532051,0.894039266,0.582066456,0.644966074,0.218997128
2,4,0.433394002,0.078865669,0.863298322,0.579597915,0.601822166,0.217916978
2,4,0.456162422,0.077644677,0.859312493,0.576503876,0.642464143,0.210812686
2,4,0.480525979,0.077466011,0.880687343,0.581464651,0.644275353,0.218649519
2,4,0.438503569,0.076537071,0.851144369,0.578619922,0.633612766,0.214234214
2,4,0.459581903,0.077210136,0.860914341,0.575079745,0.621775669,0.220506519
2,4,0.448752659,0.077274109,0.864767545,0.575613011,0.632739115,0.221478698
2,4,0.488741243,0.076733155,0.897813492,0.579413277,0.651164112,0.220755211
2,4,0.445004102,0.078551258,0.8497122,0.576379344,0.632041129,0.211707513
2,4,0.497029017,0.077601248,0.882694829,0.5813578,0.637165468,0.220109758
2,4,0.45902631,0.081060654,0.84920274,0.57819538,0.6345975,0.212720375
2,4,0.467124187,0.076529822,0.873492508,0.5801131,0.638558753,0.216439817
2,4,0.447770335,0.078785598,0.887878991,0.580022126,0.637866668,0.217277631
2,4,0.516715115,0.07787985,0.92748053,0.582288855,0.651009188,0.222248364
2,4,0.443772966,0.074228183,0.848120711,0.577804706,0.623205383,0.22084285
2,4,0.468817559,0.076141985,0.857733033,0.578628602,0.636712023,0.21980763
2,4,0.448625863,0.077483747,0.869390396,0.577888736,0.643638612,0.221249865
2,4,0.435489612,0.076451748,0.843945269,0.580719778,0.621567047,0.216028583
2,4,0.475327555,0.076607659,0.875227195,0.575772405,0.642336443,0.221029679
2,4,0.434447705,0.073705983,0.847598143,0.575662196,0.635629895,0.218569494
2,4,0.440785154,0.074812286,0.846841027,0.576061179,0.618267008,0.22168593
2,4,0.467371427,0.074784063,0.853816787,0.579366124,0.623672627,0.219272259
2,4,0.434728396,0.073939028,0.841956389,0.577595729,0.578397453,0.219361074
2,4,0.454411981,0.07497822,0.848124891,0.576658796,0.631371195,0.222449292
2,4,0.462642234,0.080473292,0.860172015,0.577467576,0.625572342,0.217422943
2,4,0.488855537,0.079794781,0.88519223,0.582987281,0.644084271,0.213751348
2,4,0.427516344,0.076234031,0.849987355,0.577338266,0.601389179,0.215881308
3,4,0.453689845,0.089317822,0.843469057,0.364267254,0.614393172,0.295789982
3,4,0.458593062,0.109342395,0.874482736,0.428066399,0.657753398,0.291511602
3,4,0.466559004,0.083650274,0.880187978,0.438016918,0.651649857,0.328414216
3,4,0.448062076,0.086313496,0.857334814,0.411755558,0.617453018,0.292664156
3,4,0.469660015,0.109868296,0.868355685,0.458053473,0.665766819,0.28550186
3,4,0.439990564,0.068756435,0.846895137,0.431338747,0.651679467,0.312838543
3,4,0.459376932,0.171011342,0.841851941,0.458581459,0.65772749,0.332361983
3,4,0.472283518,0.092426733,0.860722351,0.433101918,0.644857219,0.312772302
3,4,0.49454954,0.176451502,0.889620751,0.385326212,0.670162043,0.299804387
3,4,0.455363212,0.138897007,0.861338279,0.405751451,0.654216278,0.308678092
3,4,0.44373914,0.157773198,0.847179418,0.399730383,0.65198079,0.285082376
3,4,0.479560651,0.137569868,0.889076497,0.480293104,0.679092792,0.325821316
3,4,0.47907369,0.085842644,0.873207075,0.420209604,0.652476252,0.301334563
3,4,0.484833826,0.112290749,0.867293683,0.402769633,0.678735679,0.304064863
3,4,0.460142626,0.20441603,0.881045982,0.409538638,0.657528382,0.297033496
3,4,0.463109176,0.135463095,0.863795479,0.419166588,0.66564101,0.296794637
3,4,0.456696809,0.101147401,0.848337136,0.40993892,0.655428247,0.261025272
3,4,0.447984927,0.115382401,0.870173858,0.443232573,0.673596992,0.26139648
3,4,0.444335763,0.120974864,0.849433929,0.460231635,0.650534365,0.296827718
3,4,0.457796857,0.083604766,0.86596968,0.459437422,0.651667616,0.31922406
3,4,0.44525377,0.13121534,0.85340942,0.43396521,0.656035012,0.307132923
3,4,0.435842586,0.092392641,0.867173619,0.363312364,0.645637654,0.253726367
3,4,0.463029362,0.151972281,0.889812204,0.392685628,0.622265031,0.305999942
3,4,0.451290119,0.077935336,0.86946209,0.479425596,0.658347381,0.324038454
3,4,0.446213611,0.088512189,0.847908925,0.434401901,0.659794932,0.334443621
3,4,0.441176445,0.203641605,0.846964497,0.407570316,0.644087026,0.342917499
3,4,0.434004812,0.179759258,0.841200577,0.44555835,0.644653004,0.305424529
3,4,0.494422544,0.11411193,0.896488512,0.375303164,0.666269211,0.280751633
3,4,0.465700622,0.188831723,0.863204946,0.389806651,0.667056555,0.356731058
3,4,0.449434805,0.086251782,0.851462395,0.457497301,0.646653045,0.267981767
3,4,0.473984838,0.188866319,0.880308402,0.372476444,0.659204693,0.301794017
3,4,0.468415793,0.117508139,0.847843644,0.45892904,0.64753449,0.315670383
3,4,0.482048684,0.091022823,0.891453508,0.401655937,0.657918134,0.321062027
3,4,0.448312037,0.087973027,0.863234262,0.474648698,0.666830944,0.332155714
3,4,0.467917101,0.094550802,0.882575877,0.42146199,0.654202707,0.287654237
3,4,0.447313517,0.112649862,0.855999389,0.494525724,0.652988513,0.309524303
3,4,0.445091122,0.091402835,0.853190486,0.502650182,0.665790215,0.302913583
3,4,0.463504623,0.108415116,0.857770707,0.455599868,0.662511631,0.27263818
3,4,0.432293381,0.075077981,0.839659014,0.440329657,0.631607208,0.300524512
3,4,0.460862143,0.093101634,0.860778873,0.431030626,0.653788873,0.342451865
3,4,0.459726586,0.162122697,0.876854694,0.374753359,0.658205399,0.324256574
3,4,0.457060671,0.075834998,0.843764359,0.437621123,0.646418649,0.302387817
3,4,0.457638748,0.145362963,0.858186148,0.356939792,0.650150588,0.306357662
3,4,0.433235932,0.141005801,0.84591854,0.413210779,0.647412493,0.300375087
3,4,0.434957223,0.078916638,0.875853303,0.519653926,0.638078669,0.306100226
3,4,0.458733928,0.071259798,0.870064942,0.47216946,0.665781449,0.275723998
3,4,0.467806797,0.101638971,0.873095682,0.483856902,0.670119261,0.346012521
3,4,0.432143217,0.107184141,0.841547219,0.439134031,0.64538114,0.283141252
3,4,0.443525861,0.072701033,0.853322355,0.41526731,0.644422369,0.29732603
3,4,0.457079821,0.090606656,0.856195074,0.460001379,0.659890353,0.28232858
4,4,0.438740074,0.14384537,0.848303876,0.371824719,0.654067813,0.291310975
4,4,0.473362174,0.125262656,0.878795293,0.485869609,0.661476956,0.335253343
4,4,0.441461952,0.122290638,0.845427964,0.479310245,0.652373507,0.337449416
4,4,0.460442061,0.0845523,0.849859391,0.419539185,0.655030807,0.291391176
4,4,0.447299546,0.091220071,0.848604613,0.440401003,0.656419774,0.322434368
4,4,0.464054449,0.105157349,0.862543517,0.428819156,0.659647367,0.304184655
4,4,0.442180345,0.057765442,0.853607424,0.465002553,0.648197191,0.291200547
4,4,0.462895597,0.041446506,0.860315469,0.447892602,0.664061024,0.282530228
4,4,0.462241393,0.103700912,0.855913897,0.501125871,0.683577239,0.310622237
4,4,0.483161754,0.137421963,0.886203112,0.444037283,0.660921097,0.311092728
4,4,0.475894015,0.073196315,0.872547418,0.43872618,0.679184555,0.29446427
4,4,0.461536342,0.108900162,0.850489785,0.388966474,0.655317132,0.303591459
4,4,0.443021166,0.084118616,0.862088,0.429296043,0.634284904,0.301561929
4,4,0.452866174,0.123823495,0.872600402,0.48706536,0.651193923,0.317377584
4,4,0.450368047,0.080444158,0.852437625,0.426472301,0.6598773,0.322424853
4,4,0.473257719,0.053209123,0.876101859,0.446145393,0.67685105,0.328586126
4,4,0.461732774,0.119714159,0.865919004,0.440048513,0.685458193,0.337228177
4,4,0.467238673,0.051226927,0.860693918,0.436806842,0.67378444,0.276127785
4,4,0.443140501,0.104557897,0.854241827,0.413018072,0.640806661,0.273409537
4,4,0.455736888,0.082170148,0.858682744,0.454328418,0.653181271,0.27458426
4,4,0.436036821,0.098571597,0.877478966,0.418652704,0.68643878,0.344128745
4,4,0.477752126,0.130482232,0.859291957,0.400832555,0.671165377,0.305807128
4,4,0.448601883,0.104804518,0.871730289,0.401971557,0.604649706,0.295238639
4,4,0.464742084,0.128704732,0.852254522,0.443255689,0.679304504,0.323281136
4,4,0.458300253,0.047329505,0.880231884,0.440780505,0.661253894,0.312429802
4,4,0.437059694,0.112938046,0.84133529,0.37840531,0.661207581,0.311750114
4,4,0.441492643,0.094331162,0.848064192,0.356204779,0.658244027,0.314901702
4,4,0.463492415,0.103076906,0.862467023,0.401406535,0.645365351,0.309722009
4,4,0.438436141,0.089631417,0.867613844,0.473801116,0.655048667,0.294703537
4,4,0.440983575,0.153806951,0.848579933,0.410986693,0.641592143,0.307342067
4,4,0.438200711,0.079186273,0.85165965,0.458117328,0.658850165,0.316326538
4,4,0.460678184,0.134310549,0.880794907,0.41962756,0.680226265,0.300375988
4,4,0.458182679,0.052925732,0.873985534,0.357530587,0.663842945,0.272187087
4,4,0.477362213,0.078575319,0.873198653,0.441039749,0.666264467,0.27265766
4,4,0.503786748,0.11436542,0.910111508,0.407340234,0.667429513,0.310476043
4,4,0.456167626,0.138898897,0.860635572,0.439426829,0.656734644,0.342701766
4,4,0.456101905,0.124757576,0.856626377,0.414927782,0.644420292,0.309538018
4,4,0.446058463,0.071702713,0.843176513,0.40236393,0.648333929,0.305741564
4,4,0.456623933,0.127436833,0.872487709,0.476982415,0.660892809,0.347460533
4,4,0.474927344,0.119130512,0.879859449,0.404494881,0.657614555,0.298537973
4,4,0.465157622,0.078503658,0.866808588,0.395029592,0.660127811,0.325931136
4,4,0.479729865,0.089033584,0.882439037,0.470534757,0.675792649,0.299564877
4,4,0.462654111,0.110794856,0.85852715,0.405800534,0.67226266,0.309904874
4,4,0.47404177,0.104666161,0.853597898,0.405794274,0.659097577,0.303606561
4,4,0.442938841,0.020404732,0.881803494,0.452168408,0.661525435,0.284751028
4,4,0.475854681,0.076706248,0.868366615,0.470113687,0.665960357,0.292262439
4,4,0.463486054,0.09613093,0.836875575,0.386727788,0.650938128,0.295936646
4,4,0.451440648,0.098955484,0.881621093,0.436690051,0.64935029,0.291298644
4,4,0.428438649,0.114375768,0.872479761,0.455073479,0.63914629,0.278079775
4,4,0.486993685,0.100398854,0.88057469,0.393926105,0.670391661,0.302614735
5,4,0.458881367,0.087746884,0.886698282,0.410928746,0.672767754,0.32213575
5,4,0.440924331,0.089940323,0.861866,0.338702943,0.658613165,0.285858858
5,4,0.45849091,0.073135209,0.878002734,0.367137044,0.665002799,0.288893042
5,4,0.439073221,0.157509458,0.848413057,0.394228489,0.633186521,0.297964566
5,4,0.466517274,0.068696141,0.871984108,0.448836002,0.641248421,0.313727086
5,4,0.457410376,0.092466732,0.848541329,0.352673484,0.641927429,0.278596405
5,4,0.446095081,0.169638624,0.829481179,0.373300043,0.660384403,0.264822896
5,4,0.485076302,0.118423685,0.865987625,0.361995298,0.657183575,0.296946202
5,4,0.477036113,0.091122304,0.878135024,0.412275793,0.665076422,0.349869405
5,4,0.474801301,0.088975869,0.87168411,0.385402907,0.642155671,0.32079144
5,4,0.439232524,0.123731842,0.847633841,0.411975232,0.636368756,0.300458847
5,4,0.42583594,0.120351262,0.845025319,0.39876777,0.650799896,0.272760112
5,4,0.418850504,0.107785258,0.843759484,0.320843148,0.641510647,0.326484124
5,4,0.46040538,0.141426791,0.877447317,0.368503784,0.668025234,0.275222549
5,4,0.490296447,0.092129207,0.886694281,0.373749379,0.650049794,0.274576663
5,4,0.447834538,0.112479327,0.844009757,0.384579324,0.650967948,0.286382255
5,4,0.452246568,0.069335798,0.84761859,0.364253345,0.656532753,0.292751688
5,4,0.438597265,0.117205024,0.861148391,0.39788841,0.666670486,0.275893751
5,4,0.414511735,0.134872666,0.859596438,0.336123568,0.638470085,0.283952473
5,4,0.450405764,0.101325406,0.880126775,0.456378028,0.662744608,0.25563422
5,4,0.492739182,0.122187541,0.858603119,0.381461293,0.663709697,0.30906642
5,4,0.463274082,0.107642123,0.852468248,0.389110931,0.630989432,0.261293076
5,4,0.417210878,0.100422674,0.874007936,0.402099825,0.649233635,0.263971792
5,4,0.440400925,0.070015168,0.847615315,0.400782691,0.648036325,0.310231691
5,4,0.445063114,0.108354674,0.845727362,0.437278105,0.675099846,0.301629195
5,4,0.409096551,0.084798025,0.86369166,0.371450663,0.631621896,0.237430489
5,4,0.477399878,0.095855272,0.872517396,0.435198716,0.641480947,0.284912532
5,4,0.445408422,0.114342004,0.852227742,0.44472481,0.658260295,0.286876577
5,4,0.466964605,0.124593448,0.863435155,0.405052056,0.676373322,0.301819816
5,4,0.471185634,0.112924886,0.868920957,0.38545348,0.654734023,0.298391929
5,4,0.483559399,0.061309733,0.917373974,0.406209591,0.671075238,0.293312519
5,4,0.454127088,0.178695227,0.850378899,0.40628239,0.608303502,0.336639261
5,4,0.436079306,0.063766248,0.867546693,0.409175973,0.657588221,0.285789937
5,4,0.453811735,0.077533386,0.845295641,0.380588311,0.64652756,0.298787493
5,4,0.444746914,0.136238266,0.832034764,0.362556742,0.620578739,0.257415921
5,4,0.464979772,0.081215386,0.878611064,0.372888084,0.656908144,0.250968831
5,4,0.449948433,0.101090104,0.862158675,0.345869769,0.651150653,0.300321434
5,4,0.441625326,0.093806827,0.860425216,0.396146676,0.642994205,0.269551484
5,4,0.498459202,0.07228837,0.876701655,0.406860047,0.670903628,0.333571029
5,4,0.454134262,0.085368401,0.841357674,0.385750718,0.637858888,0.303721669
5,4,0.439432688,0.094579054,0.865716278,0.39623703,0.653727894,0.319765727
5,4,0.431984276,0.146567026,0.849112517,0.407562262,0.654402954,0.289566447
5,4,0.432190439,0.066016591,0.851740144,0.315621512,0.65611077,0.305516182
5,4,0.483610339,0.109342256,0.880438154,0.368599648,0.670857491,0.312058665
5,4,0.430096299,0.113128265,0.852882746,0.404816914,0.664230341,0.29306679
5,4,0.459914512,0.170453635,0.874861869,0.385883204,0.662673173,0.304107714
5,4,0.427666214,0.110229839,0.850244665,0.386729844,0.617936638,0.315453094
5,4,0.478140929,0.141226246,0.852857666,0.391136349,0.645621643,0.275972979
5,4,0.449306376,0.127898855,0.854822347,0.347476943,0.639633851,0.317543805
5,4,0.428701497,0.103007141,0.851459406,0.307846243,0.629381527,0.277493471
6,4,0.443950385,0.07416955,0.836056679,0.375966551,0.658275154,0.248338705
6,4,0.469032326,0.132193584,0.897308382,0.281233386,0.662916223,0.258386358
6,4,0.458963798,0.145135473,0.847129552,0.31117779,0.637566897,0.313342688
6,4,0.437804597,0.178216303,0.856223497,0.284861725,0.646963737,0.31154496
6,4,0.461517192,0.111865236,0.876726819,0.382294331,0.665129668,0.273729014
6,4,0.454891821,0.087077575,0.869125141,0.338654562,0.657132238,0.272104373
6,4,0.50252598,0.071219467,0.89681426,0.377623718,0.667500071,0.338546791
6,4,0.44126634,0.133613087,0.842634488,0.331126309,0.627673426,0.310394863
6,4,0.449521673,0.072634666,0.860825556,0.313914966,0.668716115,0.250705609
6,4,0.448945,0.05644603,0.856715279,0.370628929,0.657789489,0.276091456
6,4,0.471989916,0.141948694,0.872687233,0.307394287,0.645694309,0.312590127
6,4,0.443100918,0.078073985,0.85086125,0.392500813,0.640674523,0.186743278
6,4,0.449423957,0.149984921,0.845856759,0.31444734,0.640437654,0.259433725
6,4,0.447348853,0.110818374,0.844070152,0.339846208,0.650860679,0.247459025
6,4,0.446232289,0.139687405,0.853692253,0.331633872,0.652997611,0.263862773
6,4,0.451553276,0.080308962,0.839324839,0.278006126,0.654661325,0.219219581
6,4,0.447212869,0.131263364,0.847233244,0.255629642,0.639561793,0.279465515
6,4,0.432976541,0.16433749,0.848149666,0.470286913,0.651337627,0.241586535
6,4,0.466213133,0.10410841,0.885987203,0.361773866,0.649053734,0.27800111
6,4,0.470013318,0.132977968,0.87772578,0.314227299,0.653180905,0.290138824
6,4,0.467579202,0.130869938,0.849535786,0.381975594,0.646281992,0.287193418
6,4,0.437153991,0.116123262,0.84537763,0.436708972,0.664010063,0.277322843
6,4,0.423486832,0.128640548,0.834838205,0.252386422,0.647963829,0.232100246
6,4,0.451799085,0.186264258,0.834757249,0.340095851,0.637729563,0.26418747
6,4,0.417613847,0.038878367,0.855956478,0.333204313,0.658860129,0.269060774
6,4,0.479100712,0.14135503,0.889091547,0.309270905,0.650759424,0.272776034
6,4,0.429183854,0.103146773,0.845856913,0.331839966,0.644343267,0.257391363
6,4,0.441219312,0.065509914,0.85914235,0.321278431,0.662625352,0.285404479
6,4,0.4285078,0.137633575,0.861551185,0.359662655,0.660520173,0.285082076
6,4,0.483202156,0.152624724,0.897170603,0.304857756,0.668044003,0.287612563
6,4,0.463926363,0.095065475,0.86508563,0.325990049,0.641610085,0.261462399
6,4,0.460018046,0.142280293,0.867456091,0.438613222,0.652140979,0.303893015
6,4,0.447811089,0.12605026,0.864543719,0.49374907,0.640814336,0.316997559
6,4,0.455300371,0.126390528,0.862770445,0.329611385,0.649922164,0.279613458
6,4,0.469621579,0.122027616,0.866358291,0.390467851,0.674862681,0.288626491
6,4,0.46841871,0.167904678,0.880653464,0.41715286,0.646382474,0.281602318
6,4,0.454519413,0.114870021,0.867889355,0.367984629,0.628530827,0.313649846
6,4,0.456644041,0.10318733,0.846356889,0.340052531,0.635795753,0.216874329
6,4,0.441511256,0.190064368,0.848560579,0.301796418,0.651092984,0.240045262
6,4,0.484996316,0.155452872,0.897979401,0.360342939,0.670080795,0.332162252
6,4,0.435390677,0.136349311,0.850388596,0.317397962,0.618766944,0.291300388
6,4,0.45110075,0.155557157,0.838793183,0.393698675,0.641126015,0.284607638
6,4,0.436399634,0.119107345,0.83361023,0.290824796,0.65846057,0.249342881
6,4,0.463164593,0.075396273,0.868556067,0.329609559,0.665027155,0.268264267
6,4,0.400877207,0.09901977,0.836063589,0.368689886,0.639821189,0.296565511
6,4,0.472343587,0.157500818,0.893502024,0.370092005,0.660919159,0.279507025
6,4,0.498654042,0.09289312,0.894022104,0.378559553,0.676343265,0.279764468
6,4,0.482253005,0.073590358,0.865736228,0.269402036,0.64924399,0.25540047
6,4,0.466633458,0.110217804,0.868165492,0.429440903,0.631724548,0.298728628
6,4,0.465747216,0.169994828,0.873906523,0.308024602,0.650023638,0.280262463
1,5,0.423145883,0.073297945,0.843220503,0.627117644,0.627426919,0.33253837
1,5,0.428101018,0.071346317,0.844386766,0.628405956,0.659370588,0.3271762
1,5,0.417111307,0.070723847,0.859903342,0.624506188,0.647756592,0.340869162
1,5,0.451529894,0.069305007,0.845889922,0.627182922,0.66147396,0.324974371
1,5,0.39460279,0.070153832,0.848630944,0.624293191,0.669896075,0.328333865
1,5,0.426322803,0.069079995,0.832277044,0.628114886,0.645424233,0.328978788
1,5,0.4440685,0.074235816,0.858938479,0.626190388,0.660061918,0.330751003
1,5,0.434915127,0.074159494,0.844591646,0.626566121,0.654547186,0.32973252
1,5,0.4242465,0.067500697,0.828782097,0.622773154,0.641147213,0.324621267
1,5,0.435258767,0.072606382,0.849668161,0.620087691,0.656396673,0.322629953
1,5,0.406407466,0.067774023,0.811420882,0.616340858,0.618407114,0.324275924
1,5,0.460371285,0.067841398,0.864619368,0.62593016,0.645371291,0.326538538
1,5,0.426595462,0.071445001,0.830211565,0.62205825,0.65725031,0.321590315
1,5,0.456866601,0.070334137,0.843748055,0.624522299,0.658846151,0.336651616
1,5,0.445394057,0.071140636,0.822049219,0.624152251,0.655769403,0.326973114
1,5,0.424188744,0.071488149,0.824589326,0.622054414,0.65348831,0.332527165
1,5,0.481500891,0.073227643,0.899100402,0.632464202,0.647785398,0.335198977
1,5,0.422603844,0.076075476,0.848353929,0.621526075,0.650797237,0.326315403
1,5,0.431421255,0.07240331,0.831604854,0.621398713,0.655592078,0.333359412
1,5,0.423513307,0.076111361,0.809445343,0.626013087,0.634487232,0.328773494
1,5,0.430427711,0.075035347,0.840585026,0.618653786,0.644774705,0.330428182
1,5,0.44618067,0.069385928,0.849911856,0.629907962,0.652131312,0.333056619
1,5,0.449020355,0.06927791,0.817343732,0.623125555,0.628527446,0.324418909
1,5,0.41456092,0.074740743,0.812984364,0.609818755,0.638737349,0.325115715
1,5,0.448506889,0.071996006,0.836340109,0.627293084,0.680436507,0.326980008
1,5,0.437185597,0.068202098,0.806518072,0.61957321,0.640794688,0.322235576
1,5,0.458534959,0.070675089,0.824197202,0.625185179,0.636949512,0.326453501
1,5,0.423993166,0.069878388,0.826947013,0.623561137,0.649723921,0.320395216
1,5,0.439540587,0.064372818,0.82107047,0.620904361,0.629333717,0.329265818
1,5,0.438212698,0.072589413,0.828482278,0.620880969,0.64697004,0.33380373
1,5,0.396171923,0.065253582,0.82052939,0.620673698,0.64245837,0.329123529
1,5,0.393674483,0.066748885,0.815023945,0.622480651,0.617523082,0.33182946
1,5,0.503011984,0.070985233,0.887556041,0.631356252,0.682055004,0.329167324
1,5,0.433918466,0.07289807,0.819477089,0.619722209,0.616838712,0.332550073
1,5,0.428987048,0.071472897,0.843691101,0.619116931,0.653013895,0.326451243
1,5,0.427609717,0.072825915,0.827495727,0.61902736,0.646569018,0.32818779
1,5,0.405871067,0.068071307,0.85182435,0.629735069,0.67385075,0.337267414
1,5,0.418324265,0.072213649,0.826124212,0.618328859,0.645716136,0.323819103
1,5,0.434556029,0.069514754,0.827932087,0.62256449,0.657000144,0.326821242
1,5,0.451919428,0.068670855,0.83579206,0.625405011,0.657180873,0.334698477
1,5,0.401669622,0.066402146,0.791131309,0.612632605,0.627688312,0.316706821
1,5,0.444925341,0.071502576,0.859695299,0.628386235,0.65007068,0.324990913
1,5,0.455402094,0.071955211,0.870020926,0.628222864,0.663982184,0.325314141
1,5,0.45000639,0.070011801,0.823546826,0.623936922,0.654735038,0.326994753
1,5,0.425633457,0.0658227,0.837997779,0.621276784,0.615161426,0.334823084
1,5,0.425566653,0.074032024,0.840381099,0.624466554,0.639219156,0.33221772
1,5,0.447085393,0.070294408,0.84878711,0.626718859,0.678440348,0.328580246
1,5,0.462172161,0.068528164,0.867778285,0.630990571,0.658000875,0.328517582
1,5,0.423828536,0.067430698,0.812972867,0.618605778,0.632643995,0.335412065
1,5,0.412940577,0.06618779,0.815902946,0.621573206,0.633424237,0.32300408
2,5,0.441095726,0.081284801,0.846883833,0.575861193,0.631505918,0.216541727
2,5,0.417943491,0.07274214,0.816220929,0.565698682,0.621675486,0.216398775
2,5,0.417455572,0.071286389,0.817950679,0.562104185,0.614053884,0.219575137
2,5,0.415262206,0.081303926,0.827351085,0.563498956,0.601905903,0.217549573
2,5,0.438306027,0.080399844,0.835140283,0.573371997,0.611709407,0.216828439
2,5,0.441946247,0.076395603,0.852424853,0.571859386,0.618445055,0.215735259
2,5,0.434133302,0.078175071,0.844028312,0.5778095,0.613002686,0.214808894
2,5,0.427890482,0.074181515,0.804297022,0.57047545,0.585412417,0.22004976
2,5,0.446249069,0.073904579,0.864318977,0.581204735,0.64345199,0.215672185
2,5,0.45540947,0.075613934,0.870161323,0.577161226,0.62442662,0.215695083
2,5,0.43710351,0.07323497,0.843048187,0.576348973,0.616468804,0.216151021
2,5,0.452914888,0.079774586,0.858852924,0.578093966,0.615719517,0.21662345
2,5,0.43101545,0.075340445,0.86780715,0.57775428,0.588170191,0.21519613
2,5,0.409487033,0.077735087,0.84277328,0.575539116,0.60728999,0.208823085
2,5,0.410250378,0.073653698,0.837324714,0.577007378,0.612925949,0.217159565
2,5,0.434318285,0.078342783,0.841371969,0.574969871,0.626887875,0.223372924
2,5,0.437440318,0.079690146,0.806806518,0.5661218,0.58903944,0.208683796
2,5,0.432334146,0.07987179,0.867049673,0.580388027,0.635077483,0.2135085
2,5,0.447714691,0.077480345,0.867736125,0.577535269,0.623536862,0.21851683
2,5,0.446967994,0.079361407,0.860810058,0.579221946,0.609295699,0.214171743
2,5,0.45240064,0.077738313,0.837388248,0.573606595,0.639190047,0.214900739
2,5,0.41424397,0.078435457,0.816627454,0.568260939,0.611613254,0.209987524
2,5,0.406231028,0.079977565,0.814201219,0.56913928,0.594977742,0.212028702
2,5,0.437673718,0.079330984,0.832691545,0.573542735,0.615307421,0.20890842
2,5,0.442962541,0.076619963,0.807128301,0.568014596,0.6199337,0.206107158
2,5,0.458127382,0.080552632,0.857593259,0.576736664,0.643306156,0.217737513
2,5,0.406061677,0.073116381,0.82060246,0.574807535,0.612154805,0.211562348
2,5,0.39036889,0.074916259,0.816952146,0.571721927,0.606973032,0.214719062
2,5,0.408955336,0.074745748,0.82749218,0.573388509,0.616731321,0.207325143
2,5,0.422621377,0.07830586,0.839224141,0.573548909,0.625017743,0.213543
2,5,0.466273872,0.077257448,0.841339748,0.577429305,0.622845776,0.219076381
2,5,0.425557015,0.076400924,0.816574292,0.565250336,0.581925516,0.209278297
2,5,0.442355343,0.07574664,0.815992668,0.568667052,0.584445089,0.210535004
2,5,0.42044042,0.075341822,0.834195519,0.572505358,0.602208703,0.217818832
2,5,0.4196937,0.075005967,0.839602493,0.572703367,0.620445777,0.209868161
2,5,0.440850734,0.077642996,0.852576609,0.573652628,0.632734885,0.224419975
2,5,0.381973443,0.077651743,0.837460819,0.572772576,0.616127955,0.208478172
2,5,0.44560577,0.07612054,0.869088926,0.579396555,0.636759839,0.221037821
2,5,0.436692383,0.073729279,0.822756387,0.566330885,0.623927761,0.215655118
2,5,0.430118544,0.07814245,0.851409275,0.578860968,0.628944681,0.211026889
2,5,0.431787669,0.081072401,0.827068237,0.572865989,0.624968394,0.211130468
2,5,0.417954963,0.078379452,0.824524451,0.570910173,0.603423168,0.217173027
2,5,0.410912385,0.076824117,0.841892699,0.571689067,0.63298205,0.214993657
2,5,0.446412409,0.077192564,0.83206797,0.570912349,0.589705059,0.218016257
2,5,0.403249253,0.072780612,0.830583322,0.577194123,0.620821293,0.212026228
2,5,0.4310245,0.079792837,0.838418504,0.573998965,0.609536685,0.215012141
2,5,0.4472195,0.077534275,0.855920739,0.57667473,0.637272616,0.210174429
2,5,0.446533475,0.075892054,0.859174424,0.57976452,0.650838698,0.217454262
2,5,0.443033566,0.079673897,0.870900542,0.580560415,0.60382206,0.217705208
2,5,0.451018704,0.078806006,0.84471344,0.577153353,0.620890686,0.211854735
3,5,0.414655649,0.124405133,0.828620134,0.431906575,0.646410492,0.269012006
3,5,0.422295546,0.089750086,0.820733387,0.417109786,0.638718,0.286111392
3,5,0.436726682,0.16166373,0.826732744,0.401359172,0.654437166,0.271957904
3,5,0.425266655,0.102684747,0.841115304,0.422054215,0.628838702,0.310298082
3,5,0.396116099,0.155189461,0.797864365,0.439084727,0.63272929,0.308884709
3,5,0.435603316,0.095993221,0.864283528,0.4538401,0.65917371,0.326697155
3,5,0.425117939,0.072391937,0.829552585,0.521287508,0.635134078,0.311401508
3,5,0.442498941,0.089969589,0.815310267,0.477051042,0.629195826,0.339399051
3,5,0.411528933,0.149744527,0.805373183,0.429090984,0.636501406,0.321806671
3,5,0.40928692,0.153134548,0.812581699,0.431324909,0.626642659,0.28197954
3,5,0.444357171,0.129395814,0.849036723,0.403073635,0.684964591,0.316436431
3,5,0.439878746,0.071635678,0.836558869,0.424807775,0.653003774,0.260317461
3,5,0.425256609,0.149829108,0.785081333,0.46175087,0.621224601,0.295355838
3,5,0.462487661,0.1014073,0.857768097,0.439366961,0.640243251,0.328710357
3,5,0.421525121,0.116865878,0.818609625,0.356318706,0.629918822,0.262807835
3,5,0.426589126,0.105809378,0.817751593,0.382730226,0.637191849,0.313042009
3,5,0.420808906,0.098066784,0.807303887,0.470055467,0.632806916,0.286574607
3,5,0.426258345,0.102547552,0.806832846,0.431717496,0.648595889,0.273645384
3,5,0.440736657,0.129144513,0.845860379,0.40474326,0.667143263,0.304410581
3,5,0.432138047,0.075103783,0.806091444,0.439188555,0.64223149,0.287395375
3,5,0.445056541,0.110337093,0.853639658,0.397442266,0.652605667,0.373978211
3,5,0.469030732,0.114461959,0.869474906,0.448870172,0.653451357,0.264316784
3,5,0.426806976,0.105783526,0.818923631,0.460559973,0.630785648,0.309935716
3,5,0.425743425,0.071472131,0.842166086,0.476997064,0.642776431,0.293401257
3,5,0.452443454,0.095865812,0.83751234,0.433823482,0.646774216,0.286018552
3,5,0.458351295,0.077271014,0.833366236,0.434590785,0.66010015,0.271129331
3,5,0.431706192,0.116040449,0.825315144,0.485361173,0.637218937,0.300288753
3,5,0.437114994,0.106899079,0.827591181,0.412350533,0.654221432,0.28526504
3,5,0.426718723,0.07126148,0.846741905,0.429258831,0.66393803,0.335619529
3,5,0.442290767,0.120575056,0.855098714,0.474130062,0.64026248,0.29711848
3,5,0.405913085,0.138025064,0.824567907,0.404240391,0.641096522,0.333597168
3,5,0.453171641,0.122544269,0.856041011,0.423609389,0.666696577,0.334528291
3,5,0.419331813,0.131307132,0.823047605,0.375107433,0.638613702,0.312376141
3,5,0.431406446,0.08232017,0.828950012,0.368408107,0.636499635,0.291551013
3,5,0.416257787,0.109001597,0.835451789,0.438590216,0.630889568,0.319406799
3,5,0.416757949,0.150112751,0.839161162,0.398705281,0.665239078,0.360001869
3,5,0.454914833,0.066668231,0.838425467,0.492384644,0.65707543,0.272788315
3,5,0.426533262,0.068997308,0.833186096,0.453805556,0.637528502,0.292110066
3,5,0.445888197,0.144534269,0.853564464,0.392748749,0.641292682,0.312399849
3,5,0.45651952,0.150567179,0.841215755,0.4628912,0.666383159,0.327386248
3,5,0.411766005,0.127180188,0.825851923,0.451423584,0.646116368,0.277575181
3,5,0.456447166,0.100144104,0.844220767,0.440613009,0.654536582,0.307060916
3,5,0.424415413,0.098683378,0.808504162,0.450159297,0.628228726,0.275482764
3,5,0.409019262,0.116886631,0.831615273,0.423297797,0.649151742,0.303114492
3,5,0.427544146,0.126599061,0.831370727,0.429536122,0.630344641,0.351413645
3,5,0.460393502,0.138966596,0.843590465,0.426273628,0.641429051,0.315467433
3,5,0.437880851,0.059054137,0.829954134,0.404323201,0.646222181,0.306503075
3,5,0.400718687,0.096608109,0.804259485,0.434544521,0.635287352,0.270777132
3,5,0.436987774,0.122154058,0.832604821,0.397599459,0.629664018,0.250687353
3,5,0.420263611,0.150660715,0.831321788,0.427764552,0.643069711,0.285852915
4,5,0.415180869,0.124056193,0.83087163,0.508186295,0.618393852,0.315347787
4,5,0.404924079,0.117064822,0.797790518,0.399750044,0.650564189,0.288023982
4,5,0.439522192,0.03584225,0.8274854,0.403379292,0.638522024,0.270215284
4,5,0.45420648,0.142196602,0.863064331,0.332833086,0.634928834,0.271602949
4,5,0.42474174,0.068158596,0.830175806,0.365315988,0.645322424,0.285620251
4,5,0.426579315,0.070532712,0.848705004,0.427211246,0.641450663,0.29589516
4,5,0.417993617,0.111478169,0.815145058,0.435200951,0.619657932,0.271493017
4,5,0.473718782,0.118223507,0.87915367,0.430840053,0.655092589,0.341264397
4,5,0.456303393,0.081171081,0.860074998,0.432618346,0.644991636,0.297946962
4,5,0.44177569,0.101061188,0.839079389,0.436969128,0.638538146,0.275604618
4,5,0.398575282,0.089087906,0.820716595,0.401091878,0.642980406,0.300558755
4,5,0.429951145,0.089387749,0.81324988,0.45612919,0.636290109,0.338206626
4,5,0.421812789,0.151076784,0.838239296,0.321242299,0.638539817,0.262966679
4,5,0.456023492,0.061660801,0.846056464,0.37464613,0.652312777,0.305072601
4,5,0.443383085,0.085367832,0.854121613,0.429287617,0.634807845,0.333253624
4,5,0.44583149,0.092780026,0.8495988,0.424592943,0.640132743,0.296761124
4,5,0.465410464,0.126568866,0.843863242,0.468410302,0.650855079,0.310894423
4,5,0.423007868,0.113427244,0.796800007,0.441369116,0.625791976,0.2662736
4,5,0.435717641,0.043456083,0.823657643,0.375402048,0.650609946,0.307406718
4,5,0.431869622,0.114691487,0.827133133,0.442745293,0.611837832,0.318639355
4,5,0.458434704,0.092969679,0.825855477,0.417647361,0.650658418,0.283534329
4,5,0.41022997,0.087840328,0.826485861,0.410783012,0.677542953,0.296703564
4,5,0.41263808,0.114717226,0.853907991,0.422678992,0.652384847,0.317392091
4,5,0.417960438,0.118360753,0.834956303,0.481611277,0.641634283,0.32601539
4,5,0.477013622,0.123285671,0.87965227,0.357549898,0.659497883,0.303801993
4,5,0.465561274,0.065281834,0.857912356,0.470430116,0.652481379,0.265462908
4,5,0.414506805,0.144968645,0.843321401,0.367264397,0.640678994,0.260371676
4,5,0.433178697,0.082424798,0.802761992,0.396945477,0.664968868,0.297279636
4,5,0.431118517,0.098356131,0.844432407,0.50241572,0.644785501,0.318723801
4,5,0.455557996,0.12679746,0.825830449,0.369082663,0.63577708,0.30659565
4,5,0.450426106,0.066423874,0.844818141,0.396129852,0.66867812,0.299079874
4,5,0.431188267,0.05338998,0.804472856,0.436279599,0.643691717,0.30309739
4,5,0.434500864,0.149817362,0.838385855,0.459377061,0.656436599,0.351949914
4,5,0.442370592,0.110558735,0.845285887,0.416411727,0.650329669,0.288110412
4,5,0.420822629,0.077267747,0.855009526,0.520449873,0.654821977,0.335428269
4,5,0.411429021,0.132217181,0.829471861,0.417165816,0.644635672,0.327628228
4,5,0.435452486,0.045619063,0.824527521,0.383168352,0.644929193,0.267195698
4,5,0.454793783,0.106720069,0.837528279,0.397254422,0.630464109,0.241026028
4,5,0.422578267,0.098548696,0.835615527,0.413981766,0.62387901,0.270270259
4,5,0.408371878,0.097643016,0.813944345,0.441295078,0.633480888,0.304281827
4,5,0.408966971,0.049695614,0.817454231,0.401931633,0.645682857,0.296635621
4,5,0.434287456,0.098723539,0.841754643,0.440530068,0.647582817,0.31366324
4,5,0.425573434,0.071159452,0.821732376,0.422193299,0.645428723,0.230392152
4,5,0.413481432,0.103980117,0.8375253,0.448557502,0.637956224,0.283049166
4,5,0.429057949,0.06481459,0.833125793,0.383487726,0.646938267,0.296468119
4,5,0.451781725,0.11417807,0.836196697,0.457817419,0.659054454,0.371951028
4,5,0.421785275,0.096407279,0.805091742,0.410780416,0.634097132,0.288916638
4,5,0.452203891,0.140370458,0.853173705,0.407128256,0.665819867,0.269873395
4,5,0.435107119,0.02906408,0.821523696,0.380832566,0.652087222,0.271817548
4,5,0.427983176,0.110057811,0.857256807,0.470824188,0.660707062,0.31815911
5,5,0.427059804,0.115475334,0.792909772,0.405254059,0.626553085,0.284741054
5,5,0.442201606,0.171663896,0.845402257,0.396313222,0.627357802,0.299555687
5,5,0.440744734,0.086833118,0.870041813,0.378425076,0.653099127,0.307335128
5,5,0.453170056,0.091402975,0.881716599,0.411985444,0.655525812,0.260935971
5,5,0.413531941,0.073033967,0.829289104,0.376372365,0.654280603,0.278489242
5,5,0.475276474,0.129908429,0.84175381,0.409192886,0.675547259,0.275693985
5,5,0.413682083,0.100404869,0.832564849,0.363135895,0.665514177,0.31113389
5,5,0.436274369,0.141322583,0.827455067,0.404790632,0.633201599,0.275203984
5,5,0.432413864,0.096135601,0.820875263,0.360953567,0.647124768,0.270591054
5,5,0.395524155,0.084330678,0.806044557,0.337860077,0.625203587,0.301029265
5,5,0.426123035,0.115132324,0.825663754,0.370102448,0.637818262,0.276494541
5,5,0.432663414,0.103221183,0.827003793,0.398245738,0.660787865,0.332605919
5,5,0.419753893,0.151170923,0.809582289,0.382098681,0.64079007,0.291783343
5,5,0.44149359,0.128160342,0.872756073,0.429880775,0.655166701,0.292168334
5,5,0.432293048,0.161978906,0.812961385,0.399453836,0.638951197,0.230609353
5,5,0.462455426,0.130767864,0.855908397,0.435357043,0.65451997,0.294308555
5,5,0.425870051,0.12292756,0.808751585,0.409648628,0.645229093,0.280469881
5,5,0.435593729,0.069205785,0.826187482,0.40155682,0.636100794,0.313059135
5,5,0.40340149,0.068835169,0.831475124,0.428014248,0.641897176,0.302579106
5,5,0.417030983,0.156395091,0.804413522,0.340597605,0.638962594,0.267621073
5,5,0.436276349,0.092077374,0.830518582,0.401997965,0.633020619,0.272803339
5,5,0.447154455,0.048200701,0.83570979,0.307803135,0.673558028,0.301886593
5,5,0.420488939,0.092121753,0.795525329,0.367327292,0.623211116,0.301646679
5,5,0.401221808,0.178331167,0.801121789,0.378370928,0.595677297,0.297632634
5,5,0.445497578,0.065844704,0.810013284,0.373078494,0.628622306,0.31532924
5,5,0.428975307,0.122716809,0.829012456,0.411240583,0.63674393,0.287791471
5,5,0.487692123,0.07131101,0.890804891,0.383185145,0.680206397,0.298893894
5,5,0.412737967,0.119171303,0.823232197,0.439516693,0.646628378,0.296793602
5,5,0.432960476,0.092903612,0.824379102,0.416264623,0.626571889,0.293605094
5,5,0.399857141,0.114361295,0.811250386,0.393621339,0.643309913,0.285238714
5,5,0.429091445,0.120813162,0.828916267,0.401498272,0.641983629,0.313479807
5,5,0.451273859,0.194466302,0.844811926,0.333554094,0.629414204,0.269376098
5,5,0.43775344,0.101081181,0.8257857,0.341781256,0.646103023,0.293102396
5,5,0.45420559,0.09783436,0.841797092,0.376669467,0.636038479,0.293548896
5,5,0.432326253,0.075483241,0.851072434,0.462815986,0.660776998,0.237809331
5,5,0.426920151,0.096288184,0.83637228,0.340017977,0.631674699,0.299420833
5,5,0.397077315,0.173074819,0.803028746,0.385737284,0.626779188,0.347693088
5,5,0.362174879,0.143410713,0.81217925,0.403535998,0.621480568,0.319962286
5,5,0.44447165,0.079103707,0.860342168,0.358056743,0.636473041,0.266144344
5,5,0.46796181,0.139342428,0.879393077,0.312578481,0.630880403,0.276722214
5,5,0.446139812,0.141670613,0.851473267,0.393503745,0.650215545,0.291577965
5,5,0.440774717,0.141578753,0.855556493,0.359459062,0.676985509,0.327341294
5,5,0.40639551,0.131121585,0.812863919,0.353798312,0.649130049,0.338359705
5,5,0.435208206,0.142086386,0.807657792,0.368445818,0.642985233,0.284637777
5,5,0.40234821,0.103407005,0.811995964,0.392599339,0.637712551,0.292254116
5,5,0.442483549,0.12298183,0.857293225,0.341210854,0.648470101,0.253775416
5,5,0.422567835,0.118988221,0.813521352,0.400399368,0.639910151,0.334159514
5,5,0.430271381,0.161790162,0.830631121,0.40101952,0.649554453,0.277889655
5,5,0.449718772,0.08701432,0.860710785,0.468693397,0.647515479,0.332201846
5,5,0.448016552,0.146656322,0.830640349,0.39524338,0.622119432,0.292297309
6,5,0.427478014,0.098484811,0.822817506,0.289884977,0.663231504,0.285087661
6,5,0.441658133,0.156398137,0.833078239,0.373908172,0.622204144,0.32986573
6,5,0.429146311,0.067037903,0.862699961,0.345752158,0.604396156,0.248252543
6,5,0.408402663,0.117655287,0.814960109,0.370653909,0.640267307,0.264291972
6,5,0.442223006,0.193725049,0.834928312,0.352644251,0.651769879,0.290528742
6,5,0.424375654,0.127367217,0.794885468,0.375118183,0.630292133,0.338881237
6,5,0.454730094,0.094800852,0.843304643,0.291876215,0.641764001,0.253646433
6,5,0.40686402,0.142652149,0.815913022,0.335706264,0.653453292,0.281761156
6,5,0.437080749,0.187059919,0.819233998,0.342849115,0.627748997,0.297848362
6,5,0.434785731,0.169203055,0.832378453,0.312827265,0.657524776,0.275466433
6,5,0.414248578,0.171756181,0.804030007,0.292324357,0.62283422,0.227406378
6,5,0.409708594,0.134820334,0.800817999,0.295810872,0.626036548,0.261477799
6,5,0.420113262,0.162182321,0.801147194,0.323767575,0.639939002,0.234446886
6,5,0.44461808,0.175576756,0.840090944,0.267491389,0.653174617,0.266470935
6,5,0.407435865,0.092819427,0.803325505,0.284789267,0.628551829,0.264019556
6,5,0.424671988,0.173615222,0.823547647,0.299276212,0.638143065,0.217652395
6,5,0.430100414,0.077642692,0.824682725,0.334440501,0.638829291,0.304201801
6,5,0.399632828,0.088879476,0.783474615,0.290531987,0.616935927,0.232701793
6,5,0.445895029,0.054189332,0.867983838,0.308634187,0.663275175,0.263113284
6,5,0.413221316,0.191618172,0.774948168,0.350136135,0.605694442,0.254329866
6,5,0.434547698,0.189134373,0.804949849,0.369685837,0.619533473,0.285181225
6,5,0.42251945,0.101799497,0.815373551,0.281293921,0.621082941,0.262446638
6,5,0.427648269,0.160690009,0.835952438,0.275667409,0.665281154,0.206160719
6,5,0.424235222,0.084407349,0.85043799,0.282710463,0.659766317,0.233030855
6,5,0.453458913,0.123824744,0.860152175,0.301621456,0.661349787,0.23999629
6,5,0.408713968,0.136888462,0.818050062,0.378459707,0.622985241,0.239589606
6,5,0.421095068,0.196291075,0.818020722,0.354465208,0.666160766,0.234545774
6,5,0.455814499,0.121884852,0.835989004,0.294108689,0.656686972,0.276879633
6,5,0.447366585,0.187461217,0.810094933,0.281942347,0.646995098,0.24393094
6,5,0.443176164,0.148574792,0.852205633,0.361010278,0.65375676,0.265130446
6,5,0.3992498,0.099449768,0.79242564,0.318145615,0.617551817,0.234224403
6,5,0.441540038,0.168376583,0.821011908,0.391744073,0.625836659,0.326061743
6,5,0.439042583,0.108468411,0.82445625,0.381963287,0.622226647,0.289490174
6,5,0.429961742,0.091771667,0.810038415,0.327770478,0.636043382,0.260275764
6,5,0.44667504,0.131950925,0.839976224,0.358892781,0.645513695,0.270487626
6,5,0.437477287,0.158917652,0.834635803,0.317054735,0.630694499,0.316985686
6,5,0.41766367,0.210113935,0.814540379,0.321412413,0.643052719,0.233114896
6,5,0.462667003,0.122978077,0.842227227,0.397240206,0.65439954,0.285856996
6,5,0.430586255,0.10949756,0.832933376,0.358097243,0.649361326,0.286053273
6,5,0.446956972,0.154322059,0.810545853,0.261702771,0.62640057,0.234605012
6,5,0.369243298,0.141953912,0.811225559,0.291589477,0.634010619,0.219114961
6,5,0.420400207,0.154361421,0.811610518,0.335920574,0.644323929,0.292153483
6,5,0.422829549,0.182210628,0.79733337,0.367404183,0.627412464,0.291766006
6,5,0.44490812,0.112931952,0.821965608,0.313815004,0.643132117,0.303935806
6,5,0.389859334,0.204077593,0.802763005,0.277405404,0.633704855,0.289917774
6,5,0.444056719,0.108243788,0.844510682,0.423909191,0.644525095,0.284237833
6,5,0.414936563,0.190078816,0.821075281,0.31111155,0.633185645,0.241278437
6,5,0.409274772,0.126904266,0.812718235,0.391296657,0.655404911,0.188698796
6,5,0.420960994,0.111461565,0.819898617,0.286363284,0.641058679,0.325633805
6,5,0.46383374,0.11832392,0.870925084,0.348587213,0.632860832,0.272883058
1,6,0.287143698,0.064713889,0.473317972,0.624563454,0.34868701,0.32720339
1,6,0.223039767,0.073940238,0.381337358,0.620243152,0.296839927,0.335696767
1,6,0.268155767,0.07948205,0.320140388,0.620787958,0.265789715,0.322513447
1,6,0.27472154,0.07707257,0.309675328,0.622080828,0.276445101,0.336415049
1,6,0.253801059,0.07227837,0.264485298,0.611762508,0.241860197,0.324791923
1,6,0.290537446,0.074163276,0.39146113,0.619745455,0.266236255,0.32529724
1,6,0.225157649,0.074951996,0.336385662,0.61391365,0.279681794,0.325686545
1,6,0.370575592,0.065917352,0.611867509,0.627716523,0.44259168,0.330545645
1,6,0.214705073,0.083465191,0.268183169,0.621459654,0.2175573,0.334809269
1,6,0.345298188,0.066856386,0.506039163,0.627658954,0.368346597,0.329247243
1,6,0.244306666,0.06689596,0.296505141,0.61935325,0.249908285,0.319724521
1,6,0.267613066,0.07513228,0.454731748,0.620671564,0.288039705,0.34150762
1,6,0.294565801,0.07847855,0.440409161,0.623041558,0.306452328,0.332108681
1,6,0.34700444,0.072039354,0.51031999,0.626339977,0.329809481,0.330855961
1,6,0.257107973,0.079145617,0.37646722,0.631309448,0.265851608,0.334220439
1,6,0.228051469,0.069094539,0.450875282,0.614400993,0.259985298,0.327203839
1,6,0.320044507,0.067514458,0.412368796,0.623847402,0.326963329,0.331120525
1,6,0.269194492,0.076661658,0.381340441,0.622346387,0.289309558,0.334506852
1,6,0.214840492,0.074776854,0.308234785,0.622225895,0.291139457,0.322760568
1,6,0.239988143,0.080832308,0.325372508,0.624582609,0.280704527,0.332662494
1,6,0.231787474,0.064240189,0.246752398,0.619471556,0.267166803,0.329312089
1,6,0.155813669,0.069437213,0.176495023,0.611316849,0.199230765,0.324694842
1,6,0.279517032,0.075961332,0.397571408,0.626002354,0.278592323,0.325624749
1,6,0.249948466,0.06506711,0.298803539,0.607704789,0.267166444,0.317413472
1,6,0.306426621,0.073576527,0.386689684,0.629810938,0.316553941,0.332405744
1,6,0.267034476,0.074745584,0.401764863,0.626180842,0.303326472,0.328229984
1,6,0.256678636,0.063698149,0.342961959,0.615308187,0.280203382,0.324100846
1,6,0.203036502,0.073066952,0.30459678,0.619334766,0.264102042,0.328127752
1,6,0.204098216,0.067151961,0.253964773,0.616833066,0.269088892,0.319698858
1,6,0.283582931,0.076901606,0.353827859,0.625365188,0.326553391,0.324136119
1,6,0.274847488,0.075017056,0.386891323,0.611908728,0.302644006,0.340014652
1,6,0.230653027,0.073470358,0.197864271,0.617957532,0.222807353,0.316934514
1,6,0.251978624,0.067423456,0.394826954,0.621013387,0.301470395,0.335783512
1,6,0.322801224,0.073688521,0.516078224,0.61502848,0.331130594,0.325745383
1,6,0.190775675,0.062507559,0.263428148,0.616778746,0.232269073,0.317435484
1,6,0.270733349,0.067044087,0.449510836,0.61916369,0.337160761,0.328730705
1,6,0.277380879,0.073549903,0.410928163,0.626098148,0.291552637,0.336313584
1,6,0.281283666,0.066704254,0.350875121,0.622659888,0.295722708,0.331844331
1,6,0.239013301,0.074602189,0.31677487,0.610600171,0.28375247,0.32512165
1,6,0.286562109,0.074854405,0.405811087,0.627385198,0.310034725,0.331868971
1,6,0.264823867,0.070916237,0.38089295,0.626454836,0.292282594,0.329952949
1,6,0.325211534,0.069018744,0.40650542,0.623641871,0.330177745,0.334692353
1,6,0.322988992,0.072157884,0.500178975,0.626854516,0.349994156,0.330893737
1,6,0.266134926,0.067864298,0.380388076,0.619875505,0.297458553,0.323006047
1,6,0.311342715,0.071647468,0.439718803,0.62279957,0.330804722,0.323084369
1,6,0.19933805,0.066286957,0.31626007,0.622240216,0.25218904,0.331963419
1,6,0.242622844,0.070239731,0.311646671,0.622419909,0.25605436,0.328891153
1,6,0.245910505,0.070130251,0.317809334,0.620368417,0.280769818,0.322929153
1,6,0.30416794,0.072167977,0.4109312,0.626854724,0.340953297,0.333757207
1,6,0.232736917,0.077221553,0.368078981,0.6247866,0.246839943,0.324679354
2,6,0.325639324,0.070790714,0.426640711,0.572089667,0.329187015,0.214508536
2,6,0.367990674,0.080981726,0.596225175,0.577088592,0.399989134,0.215844754
2,6,0.279778822,0.074586699,0.48687129,0.569855834,0.310026626,0.222781084
2,6,0.276906978,0.083807346,0.422305546,0.576821213,0.334817528,0.212950256
2,6,0.250828696,0.071591234,0.430725945,0.578686264,0.338467246,0.213698102
2,6,0.181442569,0.06876549,0.194971585,0.55823416,0.216467201,0.217220051
2,6,0.364812589,0.078183003,0.470317346,0.576055332,0.359874241,0.213256252
2,6,0.282393581,0.079823234,0.403124883,0.57147453,0.337499661,0.216376717
2,6,0.303218984,0.080799204,0.514969852,0.566168948,0.317517166,0.218205722
2,6,0.283394601,0.07396543,0.30354161,0.565850095,0.32407809,0.210079543
2,6,0.278882127,0.080616056,0.302976334,0.569771816,0.292963811,0.21792132
2,6,0.307758327,0.072580948,0.503180786,0.569892551,0.332892094,0.217447321
2,6,0.225753997,0.094192524,0.293831268,0.580893285,0.277942107,0.225449099
2,6,0.285717396,0.079849973,0.497791354,0.57281447,0.343653106,0.210415107
2,6,0.222476544,0.075204024,0.365327306,0.57629944,0.323878674,0.223313881
2,6,0.187135704,0.075774314,0.209924943,0.569540948,0.255502669,0.211926723
2,6,0.254133863,0.081804658,0.335522396,0.574713404,0.317943624,0.224596935
2,6,0.278412023,0.077713277,0.433129982,0.575171145,0.324616986,0.21331485
2,6,0.241858256,0.081725732,0.302184878,0.571731903,0.302462611,0.217487342
2,6,0.294177815,0.085945532,0.401863245,0.574975575,0.326442716,0.219282373
2,6,0.326470892,0.078968834,0.427575098,0.57085922,0.360318967,0.215806388
2,6,0.195372613,0.085187777,0.220395823,0.555810198,0.250099418,0.200416979
2,6,0.241813616,0.077622624,0.344632164,0.576969132,0.302691053,0.208665913
2,6,0.311666828,0.083182789,0.459792654,0.580408521,0.35453988,0.220950017
2,6,0.212645017,0.074147877,0.317164249,0.575187425,0.286528549,0.221398379
2,6,0.349147616,0.07914729,0.502277463,0.578915162,0.383634788,0.216955518
2,6,0.28859542,0.076477159,0.432207304,0.575854628,0.34410734,0.213881251
2,6,0.26528254,0.080266013,0.429325022,0.568152504,0.287565359,0.2179292
2,6,0.26938197,0.077372836,0.331371083,0.574201933,0.285586279,0.212895449
2,6,0.255404857,0.080311849,0.338429953,0.570491117,0.297304029,0.208643343
2,6,0.300484221,0.076199394,0.424589309,0.575827549,0.354483901,0.216228875
2,6,0.293366558,0.07490258,0.420767457,0.570430498,0.344466374,0.213273401
2,6,0.207470517,0.064733677,0.276518924,0.56434438,0.285097318,0.216787608
2,6,0.266311791,0.073828108,0.416636808,0.571774142,0.335598866,0.209612129
2,6,0.273670553,0.078533767,0.429020534,0.571410068,0.337272193,0.222621722
2,6,0.280502217,0.082102057,0.351852304,0.569685773,0.30563767,0.214241162
2,6,0.283998552,0.071066042,0.338671249,0.572534826,0.319600451,0.211426042
2,6,0.253378442,0.072335507,0.447292438,0.571578358,0.311486843,0.207899521
2,6,0.307055211,0.082513469,0.441770409,0.566391107,0.343397607,0.209732512
2,6,0.244503575,0.087009311,0.375654188,0.57273362,0.307316424,0.208728528
2,6,0.325276551,0.082264603,0.455040614,0.571209938,0.338792348,0.209433866
2,6,0.270045377,0.072445456,0.348469866,0.572816916,0.299954205,0.219894258
2,6,0.336768694,0.075230274,0.534986778,0.57933983,0.372494038,0.213692319
2,6,0.2579029,0.081954909,0.390809944,0.569515682,0.300387894,0.215986883
2,6,0.270944769,0.079043201,0.408695548,0.574132995,0.319193176,0.219201866
2,6,0.31604616,0.078782676,0.403872288,0.577489586,0.353708448,0.214081892
2,6,0.270626901,0.070794115,0.327781827,0.562469662,0.312963028,0.21702403
2,6,0.254849306,0.075793994,0.258481417,0.567942587,0.281736323,0.213185948
2,6,0.290340023,0.080102306,0.454480143,0.579198818,0.323864229,0.21997182
2,6,0.308758839,0.081705147,0.440650603,0.569050254,0.333089721,0.22083055
3,6,0.223275594,0.048446412,0.268446661,0.38522621,0.257723231,0.315394067
3,6,0.214831584,0.142220314,0.27257833,0.452713891,0.267401653,0.285802393
3,6,0.22704911,0.092810161,0.266335809,0.446279968,0.255046175,0.298098105
3,6,0.266500862,0.117583859,0.389514651,0.427581403,0.276069938,0.318808021
3,6,0.226415047,0.121068823,0.395176494,0.390611105,0.318194085,0.280338888
3,6,0.308189811,0.059572861,0.517561687,0.433982188,0.392040717,0.318968958
3,6,0.241913637,0.033963305,0.366028956,0.429761789,0.315826485,0.304120356
3,6,0.338773909,0.094363965,0.504264261,0.495931958,0.313541075,0.258335376
3,6,0.248564781,0.117934836,0.324182674,0.428909316,0.266585848,0.317250049
3,6,0.271905511,0.11323008,0.315065222,0.433510692,0.292960702,0.26558302
3,6,0.360799926,0.097542966,0.5294912,0.429229174,0.366383626,0.30926411
3,6,0.284004648,0.116988367,0.521724785,0.403977253,0.380306304,0.301326973
3,6,0.220107121,0.117137012,0.336906471,0.472760445,0.262785941,0.298962921
3,6,0.211091052,0.103511897,0.265642068,0.393198942,0.259609103,0.275605639
3,6,0.235103645,0.122822989,0.343519535,0.417624068,0.277611196,0.288938944
3,6,0.259172694,0.146559336,0.368717881,0.408589622,0.293890378,0.309367926
3,6,0.360216911,0.103704253,0.504009596,0.414139906,0.373732628,0.272594726
3,6,0.283855767,0.176537271,0.468950168,0.376768817,0.291068265,0.296829057
3,6,0.321236696,0.129764933,0.542676953,0.407377107,0.399522494,0.282875312
3,6,0.28186854,0.051577964,0.318445461,0.405155373,0.294678447,0.3020651
3,6,0.292355813,0.122949466,0.444190475,0.400485317,0.329764834,0.295651823
3,6,0.320697542,0.082552816,0.475395472,0.377314565,0.34234649,0.297430462
3,6,0.390333532,0.119111643,0.531248183,0.444271408,0.371683682,0.319382229
3,6,0.311026902,0.095189875,0.394136465,0.474709712,0.324016057,0.314649706
3,6,0.323930569,0.106370311,0.568565127,0.449717836,0.366914065,0.29711084
3,6,0.290694598,0.075146266,0.511387489,0.370984224,0.344746949,0.257456771
3,6,0.322422253,0.122473631,0.451132589,0.4077932,0.341786093,0.29771694
3,6,0.289512874,0.139625434,0.340234358,0.404262747,0.295684069,0.330962487
3,6,0.389196244,0.14560132,0.627979885,0.457107096,0.419980623,0.306546294
3,6,0.236560582,0.085026268,0.370314326,0.474594358,0.290630792,0.322833434
3,6,0.307842552,0.141957905,0.497738728,0.43078979,0.349545193,0.274199079
3,6,0.20070855,0.125598929,0.334088345,0.423052601,0.234151013,0.292221378
3,6,0.316223077,0.097159833,0.428879945,0.421657567,0.313527664,0.309572085
3,6,0.27854157,0.102852784,0.404002888,0.497272037,0.282944687,0.278501563
3,6,0.219956348,0.046478688,0.221186897,0.440189409,0.243963401,0.301364596
3,6,0.327104424,0.095568601,0.484556152,0.480936566,0.373556379,0.321376832
3,6,0.373443633,0.139314494,0.589609432,0.40534339,0.413441805,0.327315519
3,6,0.385990026,0.082326865,0.492911014,0.503087124,0.410560772,0.310468073
3,6,0.315867258,0.155031663,0.451472403,0.37890167,0.331810513,0.302840999
3,6,0.313952941,0.104819029,0.433505995,0.470122301,0.309306449,0.306211304
3,6,0.248658354,0.127673989,0.310191376,0.433639257,0.31060538,0.324041586
3,6,0.296040335,0.073490148,0.401135716,0.496891364,0.336104224,0.325596186
3,6,0.335836723,0.12935024,0.477952522,0.409115928,0.322848323,0.329252794
3,6,0.251410833,0.099874591,0.37967854,0.498747706,0.289041394,0.264763196
3,6,0.27854672,0.112277618,0.413801235,0.441028356,0.314399523,0.317886562
3,6,0.298473101,0.162635432,0.43692447,0.419930806,0.315694823,0.321627712
3,6,0.201607728,0.12121559,0.275180267,0.397698794,0.28373127,0.309687308
3,6,0.236336636,0.157851924,0.330619114,0.400771588,0.249315985,0.272587329
3,6,0.204441073,0.104717205,0.21911523,0.38043913,0.245718463,0.305255894
3,6,0.310227393,0.075048905,0.542007656,0.403783354,0.310770876,0.319928777
4,6,0.251712536,0.085550755,0.388524391,0.441796909,0.28170715,0.295464875
4,6,0.263193089,0.091975678,0.510377609,0.419960156,0.319547199,0.269628007
4,6,0.271317317,0.096147922,0.471016146,0.436884344,0.293926488,0.296933866
4,6,0.363207971,0.134722161,0.552543988,0.393921184,0.389880766,0.272194509
4,6,0.205407907,0.09332595,0.322088679,0.366162147,0.276668112,0.286719009
4,6,0.293200934,0.072749009,0.4349353,0.374968443,0.32511609,0.264526546
4,6,0.223824768,0.060010227,0.271607313,0.378127061,0.231594751,0.302607737
4,6,0.266209026,0.026363902,0.364129313,0.408359324,0.277472596,0.314210085
4,6,0.235540942,0.049447226,0.292363839,0.494802857,0.270088087,0.326805695
4,6,0.265468552,0.102305851,0.295275588,0.417521997,0.261053834,0.282965616
4,6,0.213306522,0.056205655,0.30883339,0.388549884,0.257809555,0.300285825
4,6,0.290000491,0.127136897,0.493951867,0.408103195,0.326610437,0.289742034
4,6,0.248423017,0.140227123,0.359045232,0.396163667,0.274286718,0.334077416
4,6,0.265718886,0.083451669,0.401001411,0.399502397,0.282176405,0.316139707
4,6,0.223624657,0.109226149,0.317410141,0.411503397,0.256477791,0.306852209
4,6,0.340481033,0.121973372,0.474085448,0.402658865,0.327677536,0.265801165
4,6,0.233269824,0.101532667,0.31395915,0.419417371,0.257258269,0.315661589
4,6,0.224109674,0.105984254,0.351721264,0.411043165,0.259642737,0.303797874
4,6,0.253298929,0.134221275,0.31268545,0.401049971,0.279235883,0.294908946
4,6,0.214307363,0.118957902,0.287004051,0.35962003,0.236806481,0.293325759
4,6,0.195563478,0.085935406,0.218953917,0.405237973,0.213599538,0.325855675
4,6,0.246911784,0.107727913,0.279922651,0.460916932,0.266334644,0.300815035
4,6,0.270440742,0.146886141,0.42571898,0.371654732,0.305334032,0.271459348
4,6,0.182979824,0.134517641,0.246986405,0.416008049,0.248174966,0.288625732
4,6,0.289340338,0.029391437,0.450728762,0.369370305,0.308244215,0.283102805
4,6,0.171158259,0.062158332,0.161418133,0.40675057,0.192593854,0.279934155
4,6,0.190899457,0.086521846,0.286634008,0.389164747,0.258609686,0.279007607
4,6,0.310845705,0.131122599,0.478328465,0.474046052,0.359574852,0.281817342
4,6,0.252528203,0.114687926,0.338450835,0.384133597,0.27866466,0.25281997
4,6,0.284536759,0.091814677,0.386650638,0.403142191,0.317014216,0.314063437
4,6,0.332670852,0.038010386,0.576670087,0.434280561,0.362494663,0.314854737
4,6,0.334211727,0.033143031,0.550161139,0.412738195,0.411808507,0.335511791
4,6,0.333014164,0.119569979,0.433568399,0.452936468,0.354184006,0.310451909
4,6,0.330929765,0.132963369,0.532756009,0.390605773,0.391749691,0.324401349
4,6,0.226193187,0.04736913,0.303108601,0.399495387,0.245056332,0.303683975
4,6,0.220700981,0.118033595,0.386651303,0.388202026,0.327023625,0.299356929
4,6,0.192000326,0.05656147,0.220210907,0.475906036,0.242731782,0.329312008
4,6,0.312226879,0.074279589,0.422293737,0.366322487,0.292624353,0.283119034
4,6,0.27602315,0.126521538,0.421884156,0.389149495,0.337745525,0.321328921
4,6,0.318412139,0.119751049,0.474454595,0.429250189,0.324940214,0.306278232
4,6,0.300108124,0.070417871,0.435214351,0.47273447,0.307274134,0.286379504
4,6,0.227311977,0.111740351,0.34548997,0.365157991,0.264051734,0.290755197
4,6,0.318220551,0.131000933,0.498769286,0.435285367,0.34621933,0.277688224
4,6,0.188495608,0.073761042,0.261608533,0.37670666,0.243283172,0.296226509
4,6,0.255654704,0.063328709,0.439422738,0.412591641,0.309600014,0.293034121
4,6,0.225992004,0.100237126,0.25628806,0.387168144,0.237036903,0.276470233
4,6,0.326957835,0.068877181,0.469197868,0.477710153,0.362584397,0.319211179
4,6,0.244361823,0.152334503,0.278511779,0.404104913,0.280659814,0.284961594
4,6,0.227547218,0.076496631,0.290838268,0.466745166,0.285212009,0.284295566
4,6,0.22403306,0.076223107,0.272787125,0.419928992,0.213528761,0.253300824
5,6,0.269829994,0.073033553,0.373240691,0.344427267,0.318671482,0.297003977
5,6,0.236850034,0.14310683,0.359406884,0.393405499,0.24477171,0.276662965
5,6,0.254117828,0.110472505,0.348003086,0.376055189,0.288288058,0.306898533
5,6,0.218499556,0.148262222,0.330965405,0.377154532,0.259057633,0.275020106
5,6,0.258504889,0.184952907,0.409751117,0.389422099,0.322862514,0.325100051
5,6,0.362685176,0.148535964,0.555805201,0.391544193,0.374513764,0.291333964
5,6,0.265916296,0.151933706,0.345485211,0.379115886,0.270811855,0.307567954
5,6,0.209700344,0.119985315,0.369165822,0.373389037,0.278362768,0.26892468
5,6,0.229989391,0.160981863,0.35197496,0.354270742,0.263150971,0.28401272
5,6,0.299881501,0.143048318,0.491546018,0.443033569,0.334524593,0.296051403
5,6,0.175370001,0.073735283,0.21347312,0.325851164,0.234296127,0.27707943
5,6,0.28459656,0.120039286,0.39299557,0.419017891,0.304558527,0.268765864
5,6,0.32405989,0.119452807,0.493836589,0.347825214,0.291367857,0.29955736
5,6,0.306257782,0.141588627,0.390444375,0.421335807,0.299420273,0.317561924
5,6,0.355368448,0.096587778,0.553846317,0.427503689,0.40643413,0.31266462
5,6,0.372490012,0.092796599,0.672616443,0.457540909,0.453131797,0.302242859
5,6,0.259889836,0.12665656,0.338994208,0.390504637,0.272642231,0.337246359
5,6,0.207743369,0.113303645,0.277102872,0.303187883,0.262902726,0.297991167
5,6,0.27635208,0.06584243,0.352695894,0.359998014,0.293467078,0.301374221
5,6,0.221262024,0.09526102,0.367029029,0.391721564,0.235099103,0.327768767
5,6,0.301406027,0.098319229,0.353246164,0.387329736,0.272465668,0.317949448
5,6,0.333999821,0.117717412,0.466759203,0.377710598,0.34224394,0.336357975
5,6,0.202120219,0.069199016,0.289741501,0.360241933,0.268405834,0.28943103
5,6,0.309225975,0.104843694,0.378943533,0.3893738,0.306804473,0.28276043
5,6,0.209422953,0.09871802,0.32963342,0.398951519,0.252833437,0.327404148
5,6,0.27880257,0.164220741,0.393115355,0.319359311,0.324571157,0.281114554
5,6,0.226289694,0.085151272,0.29709236,0.33437031,0.255020502,0.26974184
5,6,0.26134899,0.067283395,0.351971827,0.441476968,0.299886656,0.336541107
5,6,0.309212572,0.059992318,0.434751563,0.43063939,0.31223072,0.292180147
5,6,0.341873162,0.119601207,0.569318796,0.413956664,0.338325061,0.319436478
5,6,0.252331375,0.166672528,0.316761368,0.37293823,0.253939238,0.338159238
5,6,0.181189035,0.172345888,0.218144932,0.38367874,0.258612363,0.307690365
5,6,0.312249679,0.159792602,0.441948915,0.4586827,0.33156654,0.261858948
5,6,0.312665035,0.124613485,0.469172041,0.376405923,0.348772064,0.302464074
5,6,0.191946734,0.087020345,0.214978678,0.374322476,0.210037528,0.295002725
5,6,0.266345573,0.112480052,0.455701247,0.382658413,0.361325808,0.293234698
5,6,0.268396196,0.133514096,0.341206682,0.307148045,0.296886475,0.255979436
5,6,0.283501634,0.103854771,0.420043224,0.436748158,0.283222418,0.278829436
5,6,0.256771514,0.172750716,0.377354983,0.337435905,0.267273866,0.295870386
5,6,0.275481675,0.148853359,0.402488629,0.338806596,0.326056671,0.273734343
5,6,0.231135687,0.120833481,0.385681431,0.302557884,0.25216789,0.224880237
5,6,0.270680107,0.124409492,0.476272709,0.406108033,0.302439954,0.26637136
5,6,0.153179594,0.100554482,0.24032734,0.416260125,0.236067725,0.298144082
5,6,0.309953008,0.055098255,0.395725628,0.358949287,0.302877632,0.28058854
5,6,0.232000616,0.102387461,0.33802668,0.383847451,0.264715658,0.283707987
5,6,0.231646011,0.146738051,0.352811532,0.355436433,0.313546529,0.252301958
5,6,0.255664635,0.148643074,0.305721238,0.333398274,0.260303871,0.278571677
5,6,0.284318384,0.120017201,0.457828154,0.342342337,0.337238182,0.247950625
5,6,0.162147306,0.052628158,0.251921464,0.383656138,0.255174159,0.275675334
5,6,0.304443477,0.123777831,0.401095616,0.366323221,0.333724263,0.269965696
6,6,0.359159893,0.170666282,0.565530402,0.391410588,0.403796826,0.253237518
6,6,0.292669355,0.09823413,0.385801726,0.368231793,0.282709099,0.278582123
6,6,0.300722658,0.121590132,0.365812006,0.335212135,0.301395408,0.244384641
6,6,0.322672163,0.156007181,0.424871164,0.321964396,0.354906018,0.278160924
6,6,0.354175446,0.042561642,0.484833957,0.375318301,0.359934063,0.2981966
6,6,0.238767779,0.105123555,0.289116269,0.409777883,0.281646936,0.313089894
6,6,0.311159287,0.138090233,0.485503711,0.340183693,0.330110678,0.254329279
6,6,0.183581999,0.126880257,0.230834946,0.369851821,0.238599296,0.262240476
6,6,0.288589929,0.146077909,0.404931943,0.305720518,0.295481901,0.318022414
6,6,0.270735857,0.186563914,0.371833614,0.275382333,0.296696169,0.243432015
6,6,0.211254009,0.176523102,0.317466326,0.307849635,0.246934149,0.249304442
6,6,0.233089561,0.172662877,0.311915646,0.32411307,0.301170043,0.293409444
6,6,0.325888294,0.161459895,0.531335058,0.318056719,0.371819945,0.304991107
6,6,0.272286186,0.111403802,0.433388162,0.300388154,0.280169338,0.241594532
6,6,0.239832526,0.100534177,0.347105951,0.295784874,0.267172079,0.311456137
6,6,0.287917432,0.118986927,0.414557251,0.341687927,0.294195151,0.2562788
6,6,0.258979506,0.096606571,0.357297174,0.302629127,0.268004158,0.293239798
6,6,0.229165055,0.193273629,0.335267968,0.385591483,0.281069526,0.308065191
6,6,0.277266533,0.187141468,0.393250889,0.363895432,0.286207198,0.315296305
6,6,0.227396957,0.116554083,0.341415907,0.270164185,0.273253728,0.286324823
6,6,0.23822369,0.068879696,0.331275551,0.393248658,0.264072113,0.28695229
6,6,0.262365084,0.163575892,0.331353323,0.35374221,0.282571506,0.247248906
6,6,0.245464261,0.131615101,0.346342416,0.312001961,0.278235238,0.235579016
6,6,0.295497379,0.067383989,0.492363705,0.364751057,0.315128279,0.277381845
6,6,0.253525352,0.063103046,0.407621097,0.428581525,0.325733475,0.30316748
6,6,0.238092526,0.151342119,0.378868068,0.302215801,0.263200361,0.300027786
6,6,0.340120026,0.153307468,0.409577367,0.397495548,0.335048064,0.332815639
6,6,0.270214022,0.152083845,0.307740785,0.330105106,0.293985873,0.248226486
6,6,0.364201994,0.141165612,0.605582866,0.384122494,0.406891178,0.331961346
6,6,0.391056599,0.075888705,0.610236564,0.316331646,0.46555404,0.291478453
6,6,0.271474576,0.187001451,0.458457781,0.324062563,0.317903369,0.244470735
6,6,0.264080447,0.169316936,0.346369516,0.413513804,0.256455377,0.272084616
6,6,0.185603169,0.149423255,0.219881467,0.302813657,0.233990153,0.259487179
6,6,0.235784561,0.124411717,0.319814732,0.301655436,0.243451736,0.233470723
6,6,0.380259084,0.138336477,0.564763659,0.368870014,0.366888164,0.28446817
6,6,0.349825688,0.116485006,0.539362827,0.358773717,0.368293429,0.254333987
6,6,0.305299857,0.080979895,0.451659171,0.270189281,0.360226879,0.298003809
6,6,0.275162952,0.166806629,0.46415435,0.334535558,0.308878752,0.264657226
6,6,0.236970659,0.121075937,0.295956307,0.337077133,0.259886747,0.266306335
6,6,0.270027903,0.103045551,0.296836265,0.217539376,0.259315569,0.192465485
6,6,0.221865914,0.168116078,0.384651421,0.279932893,0.287712996,0.258808243
6,6,0.330718654,0.085552616,0.503925194,0.280726027,0.330783235,0.19122362
6,6,0.233267761,0.155202556,0.320521688,0.333295072,0.245809872,0.260467469
6,6,0.117699077,0.085070285,0.170237907,0.28075613,0.218980497,0.25573532
6,6,0.332151008,0.09975549,0.514971942,0.413304894,0.368694749,0.2646431
6,6,0.320011153,0.177098908,0.489450646,0.346063743,0.370872571,0.296344316
6,6,0.282105798,0.116706788,0.536587725,0.46311238,0.343439827,0.284808
6,6,0.249368278,0.135028081,0.320511941,0.404635328,0.252873087,0.268209958
6,6,0.257454792,0.128571639,0.382258879,0.285153013,0.283224842,0.194332713
6,6,0.29521331,0.09413374,0.357414458,0.390116814,0.307007373,0.310164775
