Hylak_id,Lake_name,Country,Continent,Poly_src,Lake_type,Grand_id,Lake_area,Shore_len,Shore_dev,Vol_total,Vol_res,Vol_src,Depth_avg,Dis_avg,Res_time,Elevation,Slope_100,Wshd_area,Pour_long,Pour_lat,id_int,id_str,Name,countries,continents,continen_1,area(km2),repr_point,repr_poi_1
14,Kara-Bogaz-Gol,Turkmenistan,Asia,SWBD,1,0,18666.8,961.87,1.99,1885347,0,1,101,0,-1,-30,-1,25529.4,52.912913,41.056625,197,GLWD00000197,Kara-Bogaz-Gol,Turkmenistan,AS,Asia,18739.74,41.38542,53.543041
15,Chad,Chad,Africa,Other,1,0,18751.52,817,1.68,2400,0,1,0.1,1085.078,25.6,282,-1,980211.9,14.527083,13.077083,14,GLWD00000014,Chad,Nigeria;Niger;Chad,AF,Africa,77765.9,13.475,14.125
67,Great Salt,United States of America,North America,Other,1,0,6478.85,802.83,2.81,22800,0,1,3.5,214.57,1229.8,1282,-1,86895.5,-112.83125,41.410417,26,GLWD00000026,Great Salt,United States,NA,North America,5048.12,41.178475,-112.594449
77,Sobradinho Reservoir,Brazil,South America,GRanD,2,2516,2614.96,1301.66,7.18,34100,34100,2,13,2671.621,147.7,385,-1,500631.9,-40.824117,-9.42266,19,GLWD00000019,Itaparica,Brazil,SA,South America,2538.7,-9.621521,-41.222231
117,Ijsselmeer,Netherlands,Europe,GRanD,3,6819,1962.7,466.81,2.97,8832.15,5120,1,4.5,144.89,705.5,0,-1,10569.5,5.647917,52.614583,100000012,GLBL00000012,IJsselmeer,Netherlands,EU,Europe,1138.91,52.80903,5.373843
132,Syvash,Ukraine,Europe,SWBD,1,0,1333.38,759.62,5.87,466.68,0,1,0.3,53.147,101.6,0,-1,19206.3,34.80493,46.147371,85,GLWD00000085,Sivash,Ukraine,EU,Europe,1623.84,45.963197,34.717347
137,Sarygamysh,Turkmenistan,Asia,SWBD,1,0,3772.03,496.85,2.28,46000,0,1,12.2,0,-1,2,-1,72245.2,57.452083,41.889583,241,GLWD00000241,Sarykamyshskoye,Turkmenistan;Uzbekistan,AS,Asia,3852.83,41.961114,57.360401
138,Aydar,Uzbekistan,Asia,SWBD,1,0,2742.41,2903.2,15.64,44300,0,1,16.2,0,-1,241,-1,20310.3,67.796971,40.868651,300000138,HYLA00000138,Aydar,Uzbekistan,AS,Asia,3154.91,40.795142,67.295123
139,Sevan,Armenia,Asia,SWBD,1,0,1242.22,234.35,1.88,32921,0,1,26.5,11.573,32924.1,1898,-1,4729.2,44.990916,40.552472,135,GLWD00000135,Sevan,Armenia,AS,Asia,1246.3,40.393753,45.349291
140,Tuz,Turkey,Asia,SWBD,1,0,1664.71,522.94,3.62,74911.95,0,1,45,0.438,1979535,905,-1,18630.2,33.427083,38.710417,300000140,HYLA00000140,Tuz,Turkey,AS,Asia,1035.94,38.799309,33.329847
141,Van,Turkey,Asia,SWBD,1,0,3568.73,592.14,2.8,607000,0,1,170.1,64.385,109116.4,1645,-1,17045.8,42.947917,38.64375,51,GLWD00000051,Van,Turkey,AS,Asia,3594.28,38.656253,42.80693
142,Urmia,Iran,Asia,Other,1,0,4932.76,865.66,3.48,1800,0,1,0.4,232.047,89.8,1267,-1,52200.3,45.372917,37.70625,34,GLWD00000034,Urmia,Iran Islamic Republic of,AS,Asia,4944.93,37.66042,45.527069
144,Buhayrat ath Tharthar,Iraq,Asia,SWBD,3,4472,1698.86,474.67,3.25,43500,43500,2,25.6,43.226,11647.4,44,-1,27149.5,43.460376,33.689627,77,GLWD00000077,Buhayrat ath Tharthar,Iraq,AS,Asia,1628.66,34.039587,43.204847
146,Razazah,Iraq,Asia,SWBD,2,4474,1330.22,478.41,3.7,26000,26000,2,19.5,0,-1,29,-1,67858.2,43.892708,32.697244,173,GLWD00000173,Razazah,Iraq,AS,Asia,1308.98,32.807643,43.571513
150,Goud-e-Zareh,Afghanistan,Asia,SWBD,1,0,1218.86,534.51,4.32,24174.9,0,1,19.8,0,-1,454,-1,28100.2,62.20625,29.847917,300000150,HYLA00000150,Goud-e-Zareh,Afghanistan,AS,Asia,558.04,29.761809,61.654151
152,Nasser,Egypt,Africa,SWBD,2,4478,5385.34,7201.04,27.68,162000,162000,2,30.1,2669.791,702.3,179,-1,2764126,32.886458,23.96728,48,GLWD00000048,Nasser,Sudan;Egypt,AF,Africa,5734.21,22.63681,31.925681
153,Tonle Sap,Cambodia,Asia,SWBD,1,0,2415.98,404.36,2.32,30600,0,1,12.7,1106.529,320.1,4,-1,54970.1,104.397128,12.533721,64,GLWD00000064,Boeng Tonle Chhma,Cambodia,AS,Asia,2525.83,12.829638,104.070121
154,Tana,Ethiopia,Africa,SWBD,1,0,3059.34,484.93,2.47,28400,0,1,9.3,170.151,1931.8,1786,-1,15133.2,37.407008,11.573725,55,GLWD00000055,T'ana,Ethiopia,AF,Africa,3070.94,11.950699,37.295125
157,Abaya,Ethiopia,Africa,SWBD,1,0,1084.75,337.4,2.89,8000,0,1,7.4,89.702,1032.2,1176,-1,16336,37.864583,6.297917,166,GLWD00000166,Abaya,Ethiopia,AF,Africa,1096.67,6.290283,37.860403
158,Turkana,Kenya,Africa,SWBD,1,0,7473.43,1024.85,3.34,238000,0,1,31.8,1198.172,2299,361,-1,149328.6,36.14375,3.372917,22,GLWD00000022,Turkana,Kenya;Ethiopia,AF,Africa,7566.28,3.474311,36.079847
161,Kyoga,Uganda,Africa,SWBD,1,0,2788.19,1453.33,7.76,8364.57,0,1,3,3428.311,28.2,1034,-1,318838,32.349026,1.613382,100000013,GLBL00000013,Kyoga,Uganda,AF,Africa,2806.26,1.584033,32.456931
165,Eyasi,United Republic of Tanzania,Africa,SWBD,1,0,1200.3,264.35,2.15,600.15,0,1,0.5,185.803,37.4,1027,-1,60814.2,35.114583,-3.59375,156,GLWD00000156,Eyasi,Venezuela Bolivarian Republic of,AF,Africa,1150.59,-3.588188,35.123597
166,Rukwa,United Republic of Tanzania,Africa,SWBD,1,0,5894.78,590.11,2.17,20631.73,0,1,3.5,520.273,459,801,-1,79610.1,32.202083,-7.914583,100000011,GLBL00000011,Rukwa,Tanzania United Republic of,AF,Africa,5885.26,-7.955549,32.152764
170,Chilwa,Malawi,Africa,SWBD,1,0,1088.14,417.56,3.57,2176.28,0,1,2,114.021,220.9,623,-1,8783.6,35.714583,-15.297917,256,GLWD00000256,Chilwa,Malawi;Mozambique,AF,Africa,1174.35,-15.275688,35.705542
171,Cahora Bassa Reservoir,Mozambique,Africa,SWBD,2,4505,2048.68,2176.09,13.56,63000,63000,2,30.8,2652.541,274.9,317,-1,1068237,32.704318,-15.586301,42,GLWD00000042,Cabora  Bassa,Mozambique;Zimbabwe;Zambia,AF,Africa,2503.9,-15.720132,32.03957
175,Eyre,Australia,Oceania,SWBD,1,0,8026.7,2799.8,8.82,24200,0,1,3,1242.078,225.5,-15,-1,736713.1,137.20625,-28.427083,100000002,GLBL00000002,Kati-Thanda-Lake-Eyre,Australia,OC,Oceania,9400.67,-28.47152,137.290952
786,Shasta Lake,United States of America,North America,SWBD,2,132,102.47,364.27,10.15,4890.7,4890.7,2,47.7,127.25,444.8,326,12.04,19018,-122.422031,40.720459,300000786,HYLA00000786,Shasta,United States,NA,North America,82.48,40.802086,-122.293059
789,Honey Lake,United States of America,North America,SWBD,1,0,266.1,134.13,2.32,1699.02,0,3,6.4,8.415,2336.8,1215,1.04,4889.3,-120.260417,40.289583,300000789,HYLA00000789,Honey,United States,NA,North America,264.24,40.240975,-120.37292
790,Canyon,United States of America,North America,SWBD,2,138,102.87,72.18,2.01,1613.4,1613.4,2,15.7,15.561,1200,1370,7.69,1259.1,-121.087815,40.174792,1748,GLWD00001748,Almanor,United States,NA,North America,105.52,40.261809,-121.19792
791,Pyramid Lake,United States of America,North America,SWBD,1,0,476.87,125.96,1.63,12800.44,0,3,26.8,63.332,2339.3,1165,3.18,7162.4,-119.58125,40.10625,411,GLWD00000411,Pyramid,United States,NA,North America,482.03,40.025698,-119.568754
792,Tahoe,United States of America,North America,SWBD,3,170,495.62,115.94,1.47,140000,902.9,1,282.5,18.851,85956.7,1898,8.56,1299.2,-120.141773,39.160972,380,GLWD00000380,Tahoe,United States,NA,North America,497.15,39.09167,-120.051393
794,Clear Lake,United States of America,North America,SWBD,1,0,156.02,115.26,2.6,6328.5,0,3,40.6,25.844,2834.2,403,5.91,1199.8,-122.646532,38.931118,1188,GLWD00001188,Clear,United States,NA,North America,159.39,39.025698,-122.784031
795,Walker Lake,United States of America,North America,SWBD,1,0,142,54.5,1.29,3440.32,0,3,24.2,10.54,3777.9,1206,3.86,9312,-118.710417,38.697917,1128,GLWD00001128,Walker,United States,NA,North America,142.01,38.69792,-118.717365
796,Harry S. Truman Reservoir,United States of America,North America,SWBD,2,989,186.84,685.37,14.14,6416.6,6416.6,2,34.3,300.115,247.5,215,4.52,29920.2,-93.40625,38.264873,300000796,HYLA00000796,Harry S. Truman,United States,NA,North America,182.27,38.204864,-93.4507
797,Osage,United States of America,North America,SWBD,2,993,175.89,886.51,18.86,3302,3302,2,18.8,370.623,103.1,202,5.8,36189.4,-92.627083,38.20625,300000797,HYLA00000797,Osage,United States,NA,North America,201.71,38.149309,-92.686117
798,Mono Lake,United States of America,North America,SWBD,1,0,185.96,85.97,1.78,1568.27,0,3,8.4,8.159,2224.7,1948,1.44,1810.2,-119.002083,38.022917,883,GLWD00000883,Mono,United States,NA,North America,187.68,38.007642,-118.965976
800,Lake Barkley,United States of America,North America,GRanD,2,1752,255.13,417.26,7.37,2568.1,2568.1,2,10.1,713.121,41.7,107,3.35,45565.8,-88.218748,37.018747,300000800,HYLA00000800,Barkley,United States,NA,North America,170.89,36.815976,-87.978478
801,Kentucky,United States of America,North America,GRanD,2,1753,574.74,735.46,8.65,7560,7560,2,13.2,2141.379,40.9,107,-1,104052.3,-88.268652,37.010296,298,GLWD00000298,Kentucky,United States,NA,North America,524.65,36.23542,-87.942367
804,Table Rock Lake,United States of America,North America,SWBD,2,1026,118.07,555.19,14.41,4270.3,4270.3,2,36.2,147.921,334.1,278,6.03,10339,-93.311648,36.597936,300000804,HYLA00000804,Table Rock,United States,NA,North America,157.23,36.634031,-93.358339
805,John H. Kerr Reservoir,United States of America,North America,SWBD,2,1761,180.87,664.67,13.94,4148.8,4148.8,2,22.9,265.021,181.2,93,2.45,20431.3,-78.294784,36.59626,300000805,HYLA00000805,John H. Kerr,United States,NA,North America,179.95,36.550698,-78.327784
806,Grand Lake,United States of America,North America,SWBD,2,1029,101.64,225.7,6.32,2710,2710,2,26.7,236.781,132.5,229,3.27,26660.1,-95.039609,36.470297,300000806,HYLA00000806,Grand,United States,NA,North America,155.68,36.625698,-94.845144
807,Oologah Lake,United States of America,North America,SWBD,2,1032,114.71,168.68,4.44,1923.3,1923.3,2,16.8,93.714,237.5,195,2.55,11137.8,-95.679416,36.424078,1344,GLWD00001344,Oologah,United States,NA,North America,120.28,36.54792,-95.606255
808,Bull Shoals Lake,United States of America,North America,SWBD,2,1036,153.16,696.8,15.88,6670.7,6670.7,2,43.6,226.176,341.4,198,6.82,15588.5,-92.572917,36.365385,300000808,HYLA00000808,Bull Shoals,United States,NA,North America,175.2,36.489587,-92.893061
809,Mead,United States of America,North America,SWBD,2,610,580.95,758.83,8.88,36700,36700,2,63.2,586.683,724,372,-1,424018.4,-114.735006,36.018191,278,GLWD00000278,Mead,United States,NA,North America,587.04,36.270142,-114.404171
810,Watts Bar Lake,United States of America,North America,SWBD,2,1797,120.67,433.16,11.12,1449.3,1449.3,2,12,1036.748,16.2,225,5.38,44763.5,-84.780208,35.623945,300000810,HYLA00000810,Watts Bar,United States,NA,North America,155.61,35.675698,-84.825701
811,Greers Ferry Lake,United States of America,North America,SWBD,2,1067,118.45,313.93,8.14,3508,3508,2,29.6,37.38,1086.2,140,6.45,2968.1,-91.992829,35.520559,300000811,HYLA00000811,Greers Ferry,United States,NA,North America,127.34,35.550698,-92.306256
812,Lake Mattamuskeet,United States of America,North America,Other,1,0,158.51,90.89,2.04,412.09,0,3,2.6,5.42,880,1,0.54,419.5,-76.069449,35.514845,1148,GLWD00001148,Mattamuskeet,United States,NA,North America,160.38,35.507642,-76.184729
813,Lake Norman,United States of America,North America,SWBD,2,1804,111.96,412.45,11,510.8,510.8,2,4.6,82.688,71.5,231,2.29,4694.3,-80.952083,35.435689,300000813,HYLA00000813,Norman,United States,NA,North America,120.81,35.568753,-80.957645
814,Robert S. Kerr Reservoir,United States of America,North America,SWBD,2,1075,135.41,198.27,4.81,648.4,648.4,2,4.8,1015.982,7.4,143,1.91,375526.1,-94.778828,35.346223,931,GLWD00000931,Robert S. Kerr,United States,NA,North America,159.01,35.396531,-94.930561
815,Eufaula Lake,United States of America,North America,SWBD,2,1077,354.96,694.57,10.4,4718.6,4718.6,2,13.3,200.28,272.7,179,3.06,122252.8,-95.357937,35.307952,441,GLWD00000441,Eufaula Lake,United States,NA,North America,364.8,35.224309,-95.649311
816,Chickamauga Lake,United States of America,North America,SWBD,2,1822,110.99,477.66,12.79,909.4,909.4,2,8.2,1301.559,8.1,203,5.22,53782.6,-85.226742,35.102025,300000816,HYLA00000816,Chickamauga,United States,NA,North America,90.95,35.277087,-85.097228
819,Lake Ouachita,United States of America,North America,SWBD,2,1112,144.35,549.18,12.89,4638.8,4638.8,2,32.1,43.813,1225.4,181,4.74,2841.9,-93.195081,34.574105,300000819,HYLA00000819,Ouachita,United States,NA,North America,148.72,34.615976,-93.280561
821,Sardis Lake,United States of America,North America,SWBD,2,1848,118.58,127.05,3.29,3720.2,3720.2,2,31.4,105.082,409.8,77,2.72,3961.3,-89.792634,34.407344,300000821,HYLA00000821,Sardis,United States,NA,North America,93.88,34.465976,-89.685422
822,Hartwell Lake,United States of America,North America,SWBD,2,1851,189.27,757.75,15.54,4241.6,4241.6,2,22.4,123.15,398.6,204,3.2,5450.9,-82.822993,34.360491,300000822,HYLA00000822,Hartwell,United States,NA,North America,184.28,34.511809,-82.810423
823,Lake Sidney Lanier,United States of America,North America,SWBD,2,1863,133.83,545.27,13.3,3150.3,3150.3,2,23.5,64.677,563.8,327,4.44,2677.1,-84.072357,34.16084,300000823,HYLA00000823,Sidney Lanier,United States,NA,North America,157.45,34.284031,-83.931951
824,Lake Murray,United States of America,North America,SWBD,2,1866,180.93,512.3,10.74,2713.7,2713.7,2,15,98.072,320.3,108,2.4,6273.8,-81.219554,34.051852,300000824,HYLA00000824,Murray,United States,NA,North America,180.53,34.074309,-81.311812
825,Lake Texoma,United States of America,North America,SWBD,2,1135,263.1,401.71,6.99,6406.9,6406.9,2,24.4,194.262,381.7,190,2.57,102333.9,-96.573487,33.822946,300000825,HYLA00000825,Texoma,United States,NA,North America,279.04,33.892365,-96.604866
826,Grenada Lake,United States of America,North America,SWBD,2,1869,107.48,120.78,3.29,3357.7,3357.7,2,31.2,88.235,440.4,61,2.27,3434.9,-89.76874,33.814591,2898,GLWD00002898,Grenada,United States,NA,North America,104.7,33.856254,-89.7257
829,Salton,United States of America,North America,SWBD,1,0,956.86,201.88,1.84,8560,0,1,8.9,25.481,3888.2,-71,-1,20050.8,-115.835417,33.335417,194,GLWD00000194,Salton,United States,NA,North America,961.21,33.311809,-115.779865
830,Lake Moultrie,United States of America,North America,SWBD,2,1890,220.89,125.99,2.39,1369.2,1369.2,2,6.2,4.921,3220.3,21,0.89,387.5,-79.999023,33.240867,824,GLWD00000824,Moultrie,United States,NA,North America,222.33,33.307643,-80.073618
831,Elephant Butte Reservoir,United States of America,North America,SWBD,2,657,110.37,162.07,4.35,2932.4,2932.4,2,26.6,53.131,638.8,1352,2.55,77322.7,-107.189253,33.156049,300000831,HYLA00000831,Elephant Butte,United States,NA,North America,76.72,33.31042,-107.175699
832,Lake Tawakoni,United States of America,North America,SWBD,2,1181,137.67,160.29,3.85,2047.6,2047.6,2,14.9,18.125,1307.5,135,1.4,2019.7,-95.91465,32.814655,300000832,HYLA00000832,Tawakoni,United States,NA,North America,136.84,32.899309,-95.981255
833,Lake Martin,United States of America,North America,SWBD,2,1900,134.03,566.28,13.8,2004.4,2004.4,2,15,126.707,183.1,149,3.72,7731.3,-85.910417,32.682016,300000833,HYLA00000833,Martin,United States,NA,North America,169.41,32.750698,-85.846534
835,Cedar Creek Reservoir,United States of America,North America,SWBD,2,1230,118.06,185.87,4.83,1338.3,1338.3,2,11.3,21.523,719.7,99,1.74,2656.7,-96.072954,32.181646,300000835,HYLA00000835,Cedar Creek,United States,NA,North America,121.03,32.296531,-96.152089
836,Richland-Chambers Reservoir,United States of America,North America,SWBD,2,1238,156.51,196.7,4.44,2150,2150,2,13.7,30.591,813.5,97,1.22,5070.5,-96.102607,31.94808,300000836,HYLA00000836,Richland-Chambers,United States,NA,North America,167.38,32.004865,-96.196533
837,Eufaula,United States of America,North America,SWBD,2,1910,126.37,203.71,5.11,1152.6,1152.6,2,9.1,287.226,46.4,57,3.79,19406.7,-85.064945,31.627517,300000837,HYLA00000837,Eufaula,United States,NA,North America,124.02,31.870143,-85.127089
838,Toledo Bend Reservoir,United States of America,North America,SWBD,2,1269,599.62,729.59,8.4,6287.7,6287.7,2,10.5,193.925,375.3,52,-1,18647.4,-93.566547,31.174682,243,GLWD00000243,Toledo Bend,United States,NA,North America,570.41,31.515976,-93.710422
841,Lake Livingston,United States of America,North America,SWBD,2,1287,219.58,115.52,2.2,2522.5,2522.5,2,11.5,255.379,114.3,42,2.61,43076.2,-95.015625,30.632678,534,GLWD00000534,Lake Livingston,United States,NA,North America,305.43,30.786809,-95.13195
842,Lake Maurepas,United States of America,North America,SWBD,1,0,236.99,90.61,1.66,366.99,0,3,1.5,170.842,24.9,2,0.31,7782.1,-90.403254,30.285241,746,GLWD00000746,Lake Maurepas,United States,NA,North America,240.57,30.263198,-90.5007
843,Grand Lake,United States of America,North America,SWBD,1,0,190.81,130.53,2.67,287.37,0,3,1.5,145.022,22.9,0,0.32,7049.4,-92.843342,29.8651,1129,GLWD00001129,Grand,United States,NA,North America,200.61,29.913198,-92.743756
844,Calcasieu Lake,United States of America,North America,SWBD,1,0,256.31,272.58,4.8,1088.47,0,3,4.2,184.781,68.2,1,0.74,10159.3,-93.348536,29.837301,748,GLWD00000748,Calcasieu,United States,NA,North America,257.49,29.962502,-93.304169
846,White Lake,United States of America,North America,SWBD,1,0,225.56,75.46,1.42,292.3,0,3,1.3,10.407,325.1,0,0.27,505.8,-92.387097,29.737717,872,GLWD00000872,White,United States,NA,North America,228.68,29.743059,-92.501394
847,Lake Salvador,United States of America,North America,SWBD,1,0,386.46,616.55,8.85,389.81,0,3,1,49.856,90.5,0,0.19,2089.8,-90.158715,29.574875,836,GLWD00000836,Salvador,United States,NA,North America,250.65,29.759032,-90.218061
951,Araruama,Brazil,South America,SWBD,1,0,237.58,200.23,3.66,1274.09,0,3,5.4,11.983,1230.6,2,0.92,606.2,-42.155208,-22.942295,300000951,HYLA00000951,Araruama,Brazil,SA,South America,237.16,-22.886798,-42.203481
1227,El'ton,Russia,Europe,SWBD,1,0,185.65,54.98,1.14,1731.01,0,3,9.3,0,-1,-22,1.58,10531.2,46.685417,49.147917,1083,GLWD00001083,Elton,Russian Federation,EU,Europe,177.24,49.148614,46.680541
1237,,Russia,Europe,SWBD,1,0,125.49,97.12,2.45,963.72,0,3,7.7,0,-1,-25,1.46,1209.8,46.897917,48.197917,2388,GLWD00002388,Baskunchak,Russian Federation,EU,Europe,48.64,48.185419,46.895819
1242,Neusiedl,Hungary,Europe,SWBD,1,0,141.51,156.08,3.7,301.67,0,3,2.1,5.237,666.7,110,0.46,1142.6,16.801183,47.671437,1115,GLWD00001115,Neusiedl,Hungary;Austria,EU,Europe,144.44,47.797919,16.735404
1251,Balaton,Hungary,Europe,SWBD,1,0,577.21,203.94,2.39,1900,0,1,3.3,21.474,1024.1,100,-1,5746.8,18.044567,46.911659,310,GLWD00000310,Balaton,Hungary,EU,Europe,583.59,46.882642,17.845821
1260,Beysugskty,Russia,Europe,SWBD,1,0,273.15,94.01,1.6,880.55,0,3,3.2,68.105,149.6,0,0.57,13493.7,38.288569,46.259469,706,GLWD00000706,Beysugskiy,Russian Federation,EU,Europe,276.09,46.140975,38.398597
1261,Geneva,Switzerland,Europe,SWBD,1,0,571.63,177.97,2.1,89000,0,1,155.7,260.212,3958.7,370,-1,7969,6.149862,46.205924,327,GLWD00000327,Geneva,Switzerland,EU,Europe,580.75,46.361808,6.393738
1265,Dnestrovskyi,Ukraine,Europe,SWBD,1,0,370.47,138.61,2.03,5997.31,0,3,16.2,337.051,205.9,0,2.17,73157.7,30.467847,46.077673,509,GLWD00000509,Dniester-Estuary,Ukraine;Moldova Republic of,EU,Europe,377.91,46.231253,30.340264
1274,Como,Italy,Europe,SWBD,1,0,145.18,185.91,4.35,14949.04,0,3,103,159.929,1081.9,198,13.54,4604.8,9.429321,45.791443,300001274,HYLA00001274,Como,Italy,EU,Europe,153.08,45.978475,9.229155
1275,Maggiore,Italy,Europe,SWBD,3,3395,208.19,196.28,3.84,17436.52,426,3,83.8,310.83,649.3,191,10.18,6749.7,8.682202,45.673459,948,GLWD00000948,Maggiore,Italy;Switzerland,EU,Europe,215.78,45.950697,8.634016
1279,,Ukraine,Europe,SWBD,1,0,203.36,93.76,1.85,1797.72,0,3,8.8,9.718,2141.1,0,1.47,5387.1,29.714583,45.58672,300001279,HYLA00001279,None,Ukraine,EU,Europe,201.41,45.671531,29.660403
1282,Garda,Italy,Europe,SWBD,1,0,354.81,167.7,2.51,25817.78,0,3,72.8,48.436,6169.3,62,8.13,2222.6,10.693437,45.448058,505,GLWD00000505,Garda,Italy,EU,Europe,368.64,45.661808,10.686099
1284,Yalpug,Ukraine,Europe,SWBD,1,0,225.08,147.88,2.78,3043.44,0,3,13.5,10.14,3473.9,-1,2.09,4210.8,28.70618,45.335383,840,GLWD00000840,Yalpug,Ukraine,EU,Europe,230.25,45.465975,28.622209
1292,Razelm,Romania,Europe,SWBD,1,0,510.74,247.97,3.1,255.37,0,1,0.5,2.807,1053,-1,-1,2968.1,28.996597,44.691064,358,GLWD00000358,Razelm,Romania,EU,Europe,528.75,44.828475,29.004848
1294,Sinoe,Romania,Europe,SWBD,1,0,139.34,111.6,2.67,211.24,0,3,1.5,1.004,2435.2,-2,0.35,631.3,28.929547,44.616498,300001294,HYLA00001294,Sinoe,Romania,EU,Europe,141.41,44.57292,28.846514
1296,Valli di Comacchio,Italy,Europe,SWBD,1,0,103.79,104.64,2.9,173.39,0,3,1.7,63.575,31.6,-3,0.4,5601.6,12.234736,44.578647,1941,GLWD00001941,Valli-Di-Comacchio,Italy,EU,Europe,116.42,44.620142,12.168043
1298,Berre,France,Europe,SWBD,1,0,159.05,77.96,1.74,3703.98,0,3,23.3,15.138,2832,0,3.63,1569.2,5.057652,43.405181,1216,GLWD00001216,Berre,France,EU,Europe,168.18,43.477086,5.065266
1301,Trasimeno,Italy,Europe,SWBD,1,0,119.38,58.64,1.51,1225.11,0,3,10.3,3.775,3756.2,253,1.9,292.2,12.09467,43.086891,1529,GLWD00001529,Trasimeno,Italy,EU,Europe,120.98,43.136809,12.10346
1302,Bolsena,Italy,Europe,SWBD,1,0,113.44,46.88,1.24,2080.83,0,3,18.3,3.151,7643.2,304,3.19,282.7,11.932292,42.536337,1596,GLWD00001596,Bolsena,Italy,EU,Europe,114.76,42.594447,11.929154
1303,Scutari,Albania,Europe,SWBD,1,0,380.69,207.38,3,15558.26,0,3,40.9,167.386,1075.8,1,4.84,3883.7,19.491171,42.052998,488,GLWD00000488,Scutari,Albania;Montenegro,EU,Europe,363.59,42.193059,19.295821
1307,Chardarinskoye,Kazakhstan,Asia,SWBD,2,4679,745.08,339.28,3.51,6700,6700,2,9,543.691,142.6,248,-1,199564,67.960442,41.243404,296,GLWD00000296,Chardarinskoye,Uzbekistan;Kazakhstan,AS,Asia,386.91,41.138198,68.121512
1308,,Turkmenistan,Asia,SWBD,1,0,417.16,576.49,7.96,3818.83,0,3,9.2,1972.966,22.4,126,1.29,445130.9,61.403125,41.219166,300001308,HYLA00001308,None,Turkmenistan,AS,Asia,67.85,41.079864,61.522901
1310,Ohrid,Macedonia,Europe,SWBD,1,0,353.82,86.9,1.3,24016.12,0,3,67.9,15.508,17923.9,689,7.66,977.9,20.676729,41.171944,526,GLWD00000526,Ohrid,Albania;North Macedonia,EU,Europe,358.82,41.03542,20.718737
1312,Prespa,Macedonia,Europe,SWBD,1,0,262.6,110.55,1.92,23116.47,0,3,88,15.475,17289.3,841,10.3,1344.4,21.052083,40.877083,690,GLWD00000690,Prespa,Albania;North Macedonia;Greece,EU,Europe,264.69,40.88542,21.034709
1313,Mingechaurskoye,Azerbaijan,Asia,SWBD,2,4634,415.51,167.87,2.32,16000,16000,2,38.5,473.331,391.2,70,1.48,61373.7,47.026823,40.794322,328,GLWD00000328,Mingechaurskoye,Azerbaijan,AS,Asia,439.29,40.921531,46.754847
1316,,Uzbekistan,Asia,SWBD,1,0,106.09,65.02,1.78,368.52,0,3,3.5,0,-1,151,0.76,2072.9,64.547917,40.61875,300001316,HYLA00001316,None,Uzbekistan,AS,Asia,106.27,40.615975,64.529845
1319,Iznik,Turkey,Asia,SWBD,1,0,299.92,84.75,1.38,5752.77,0,3,19.2,14.066,4733.6,83,2.65,1253.6,29.339923,40.443948,634,GLWD00000634,Iznik,Turkey,AS,Asia,303.1,40.442364,29.52707
1321,Ulubat,Turkey,Asia,SWBD,1,0,118.17,94.73,2.46,1146.21,0,3,9.7,109.283,121.4,1,1.81,10479.4,28.460761,40.211205,1236,GLWD00001236,Ulubat,Turkey,AS,Asia,119.8,40.168753,28.625681
1322,Kus,Turkey,Asia,SWBD,1,0,149.39,60.16,1.39,710.7,0,3,4.8,27.137,303.1,14,0.92,2971.6,28.044792,40.140655,1145,GLWD00001145,Kus,Turkey,AS,Asia,150.96,40.192364,27.965959
1324,Kuyumazarskoye,Uzbekistan,Asia,SWBD,1,0,183.71,84.98,1.77,563.28,0,3,3.1,0,-1,220,0.6,1646.8,64.724363,39.815357,1327,GLWD00001327,Tudakul,Uzbekistan,AS,Asia,162.09,39.853475,64.844429
1326,Hirfanli,Turkey,Asia,SWBD,2,4417,183.88,230.16,4.79,5980,5980,2,32.5,110.345,627.2,844,2.14,26528.8,33.518378,39.271529,1110,GLWD00001110,Hirfanli,Turkey,AS,Asia,219.79,39.145142,33.672903
1327,Tudakol,Uzbekistan,Asia,SWBD,1,0,295.78,212.15,3.48,2108.7,0,3,7.1,1.443,16913.6,180,1.12,4562,63.903086,39.194392,1789,GLWD00001789,Dengizkul,Uzbekistan,AS,Asia,285.12,39.113198,64.139568
1332,Keban Baraji,Turkey,Asia,SWBD,2,4422,398.79,752.78,10.63,30700,30700,2,77,594.586,597.6,820,7.32,63156.8,38.760894,38.806847,318,GLWD00000318,Keban Baraji,Turkey,AS,Asia,507.04,38.900698,38.922208
1333,Ercek,Turkey,Asia,SWBD,1,0,106.14,48.69,1.33,2165.58,0,3,20.4,7.595,3300.1,1804,3.55,1583.7,43.52841,38.689395,1840,GLWD00001840,Ercek,Turkey,AS,Asia,107.51,38.667364,43.580541
1335,Aksehir,Turkey,Asia,SWBD,1,0,206.86,74.35,1.46,359.68,0,3,1.7,5.809,716.6,953,0.36,7288.8,31.41875,38.514583,552,GLWD00000552,Ak,Turkey,AS,Asia,222.46,38.520142,31.410403
1337,,Turkey,Asia,SWBD,2,4431,194.88,381.59,7.71,9580,9580,2,49.2,672.268,164.9,675,8.98,79632.6,39.136667,38.228336,542,GLWD00000542,Karakaya,Turkey,AS,Asia,216.77,38.488198,38.46318
1339,Gas Hure,China,Asia,SWBD,1,0,123,62.89,1.6,430.83,0,3,3.5,0,-1,2854,0.74,24475.5,90.802083,38.127083,1557,GLWD00001557,Gasi-Kule,China,AS,Asia,117.48,38.118753,90.77776
1340,Egridir,Turkey,Asia,SWBD,1,0,455.78,154.6,2.04,22591.05,0,3,49.6,4.75,55046.4,916,5.49,3308,30.868814,37.844133,390,GLWD00000390,Egirdir,Turkey,AS,Asia,462.71,38.06042,30.894431
1342,Burdur,Turkey,Asia,SWBD,1,0,157.67,70.72,1.59,1962.18,0,3,12.4,3.498,6492.4,845,2.11,3163.8,30.189583,37.74375,881,GLWD00000881,Burdur,Turkey,AS,Asia,157.57,37.732642,30.174292
1343,Beysehir,Turkey,Asia,SWBD,1,0,626.91,240.31,2.71,4159,0,1,6.6,23.837,2019.4,1122,-1,4092.2,31.717708,37.679973,267,GLWD00000267,Beysehir,Turkey,AS,Asia,637.9,37.779864,31.484014
1344,Ayakkum,China,Asia,SWBD,1,0,616.34,158.82,1.8,6163.41,0,1,10,0,-1,3876,-1,24146.9,89.427083,37.560417,312,GLWD00000312,Ayakkum,China,AS,Asia,738.45,37.543057,89.398603
1345,,Turkmenistan,Asia,SWBD,1,0,145.59,426.46,9.97,459.25,0,3,3.2,40.81,130.2,240,0.65,32217.7,65.122165,37.525249,300001345,HYLA00001345,None,Turkmenistan,AS,Asia,301.04,37.44792,65.115262
1348,Ataturk Dam,Turkey,Asia,GRanD,2,4442,695.05,1461.01,15.63,48700,48700,2,70.1,701.683,803.3,530,-1,91564.6,38.322917,37.485417,300001348,HYLA00001348,Ataturk Dam,Turkey,AS,Asia,736.57,37.795142,38.901375
1349,Kayrakkumskoye,Turkmenistan,Asia,SWBD,2,4697,153.65,83.76,1.91,3811,3811,2,24.8,1.371,32172.7,208,0.43,4606.7,61.378125,37.254533,945,GLWD00000945,Hanhowuz Howdany,Turkmenistan,AS,Asia,84.76,37.21042,61.321512
1353,Dabsan,China,Asia,SWBD,1,0,321.88,279.49,4.39,629.74,0,3,2,10.568,689.7,2680,0.36,109629,95.164583,37.01875,629,GLWD00000629,Dabsan,China,AS,Asia,120.62,36.965976,95.229149
1355,,Iraq,Asia,GRanD,2,4461,346.9,233.07,3.53,12500,12500,2,36,776.235,186.4,307,3.76,50755.1,42.828606,36.628982,576,GLWD00000576,Mosul,Iraq,AS,Asia,355.41,36.792365,42.649291
1358,,China,Asia,SWBD,2,5062,284.65,207.58,3.47,27630,27630,2,97.1,558.754,572.3,2569,7.87,132890.7,100.916936,36.121296,300001358,HYLA00001358,None,China,AS,Asia,267.02,35.988892,100.701371
1362,Dukan,Iraq,Asia,GRanD,2,4463,120.41,152.87,3.93,6800,6800,2,56.5,111.024,708.9,477,5.35,11474.2,44.957292,35.95625,1076,GLWD00001076,Dukan,Iraq,AS,Asia,115.54,36.103476,44.924986
1365,Assad,Syria,Asia,SWBD,2,4464,636.77,407.66,4.56,11600,11600,2,18.2,733.186,183.1,302,-1,111397.5,38.558518,35.855204,279,GLWD00000279,Assad,Syrian Arab Republic,AS,Asia,801.98,36.079865,38.070125
1368,,Algeria,Africa,SWBD,1,0,203.35,89.34,1.77,1230.03,0,3,6,0,-1,828,1.06,3353.9,7.15625,35.685417,200000001,CGL200000001,Guerrah-Et-Tarf,Algeria,AF,Africa,220.04,35.680809,7.128172
1373,Aksayquin,China,Asia,SWBD,1,0,165.96,76.34,1.67,1589.34,0,3,9.6,0,-1,4844,1.66,7992.5,79.822917,35.222917,1096,GLWD00001096,Aksayquin,China,AS,Asia,170.37,35.209031,79.859706
1374,Xijir Ulan,China,Asia,SWBD,1,0,269.64,181.41,3.12,1478.69,0,3,5.5,0,-1,4772,0.91,6651.6,90.327083,35.214583,639,GLWD00000639,Xijir Ulan,China,AS,Asia,354.41,35.221531,90.313177
1389,Dogai Coring,China,Asia,SWBD,1,0,268.13,159.24,2.74,6029.7,0,3,22.5,0,-1,4818,3.12,7618.7,88.997917,34.547917,725,GLWD00000725,Dogai Coring,China,AS,Asia,291.31,34.563198,89.002066
1392,Habbaniyah,Iraq,Asia,SWBD,2,4470,339.21,389.86,5.97,11000,11000,2,32.4,823.593,154.6,138,1.12,244305.1,42.352083,34.210417,484,GLWD00000484,Habbaniyah,Iraq,AS,Asia,272.57,34.292365,42.382625
1393,,Algeria,Africa,SWBD,1,0,319.32,261.68,4.13,918.29,0,3,2.9,0,-1,-33,0.5,89136.9,6.347917,34.197917,300001393,HYLA00001393,None,Algeria,AF,Africa,339.1,34.245142,6.241655
1394,,Algeria,Africa,SWBD,1,0,280.81,344.48,5.8,682.05,0,3,2.4,0,-1,-32,0.44,16236.9,6.089604,34.193718,300001394,HYLA00001394,None,Algeria,AF,Africa,300.04,34.050698,6.02221
1398,Tarbela,Pakistan,Asia,GRanD,2,4702,208.47,243.11,4.75,13940,13940,2,66.9,1712.609,94.2,430,14.46,199689.7,72.691099,34.09134,300001398,HYLA00001398,Tarbela,Pakistan,AS,Asia,204.24,34.323615,72.857623
1401,Gyeze Caka,China,Asia,SWBD,1,0,105.06,44.14,1.21,2068.88,0,3,19.7,0.139,172268.6,4525,3.45,2254.4,80.902083,33.947917,1807,GLWD00001807,Jieze,China,AS,Asia,107,33.949309,80.909706
1407,Habbaniyah,Iraq,Asia,SWBD,1,0,193.38,84.76,1.72,515.32,0,3,2.7,1.533,3890.7,43,0.52,957.6,43.497917,33.203127,738,GLWD00000738,Habbaniyah,Iraq,AS,Asia,215.99,33.280559,43.517347
1408,Mangla,Pakistan,Asia,GRanD,2,4707,175.21,189.34,4.04,7300,7300,2,41.7,547.425,154.3,335,4.88,33509.2,73.644471,33.143972,300001408,HYLA00001408,Mangla,Pakistan,AS,Asia,155.7,33.232643,73.629845
1409,,Libya,Africa,SWBD,1,0,115.9,222.33,5.83,280.29,0,3,2.4,6.176,525.3,-4,0.54,16543.8,11.605208,33.109529,300001409,HYLA00001409,None,Libya,AF,Africa,22.59,33.102087,11.58471
1410,,Tunisia,Africa,SWBD,1,0,101.65,226.51,6.34,214.47,0,3,2.1,12.818,193.7,-3,0.5,15441.7,11.484885,33.092284,300001410,HYLA00001410,None,Libya;Tunisia,AF,Africa,30.62,33.079865,11.465266
1414,Tiberias,Israel,Asia,SWBD,1,0,162.06,54.12,1.2,3800.27,0,3,23.5,16.205,2714.3,-216,3.64,2744.4,35.574631,32.716004,1196,GLWD00001196,Sea of Galilee,Israel;Syrian Arab Republic,AS,Asia,164.01,32.799309,35.588875
1421,,Iraq,Asia,SWBD,1,0,119.86,64.39,1.66,119.86,0,3,1,1.911,725.9,13,0.25,5514.3,45.642661,32.127828,300001421,HYLA00001421,None,Iraq,AS,Asia,99.65,32.171531,45.602763
1423,Beas,India,Asia,SWBD,2,4792,189.4,195.83,4.01,8570,8570,2,45.2,416.029,238.4,407,3.47,12614.1,75.949034,31.972897,622,GLWD00000622,Maharana-Pratap-Reservoir,India,AS,Asia,187.6,31.988198,76.0604
1432,Dead Sea,Jordan,Asia,SWBD,1,0,643.18,154.03,1.71,114000,0,1,177.2,80.348,16421.6,-415,-1,43271.9,35.485417,31.522917,244,GLWD00000244,Dead Sea,Jordan;Israel;Palestine State of,AS,Asia,644.02,31.534032,35.477764
1445,T'a-jo,China,Asia,SWBD,1,0,473.71,126.51,1.64,16152,0,3,34.1,1.535,121787.9,4567,3.93,7893.5,84.326737,31.181007,383,GLWD00000383,Taro-Lake,China,AS,Asia,478.85,31.131948,84.122205
1450,Tangra,China,Asia,SWBD,1,0,825.06,206.72,2.03,99007.44,0,1,120,10.102,113434.9,4535,-1,9031.7,86.497917,30.947917,215,GLWD00000215,Tangra,China,AS,Asia,836.98,31.06042,86.575677
1455,Great Bitter,Egypt,Africa,SWBD,1,0,205.34,115.04,2.26,1287.27,0,3,6.3,0,-1,0,1.09,2805.5,32.363542,30.413404,817,GLWD00000817,Great Bitter,Egypt,AF,Africa,217.78,30.297226,32.392348
1468,Qarun,Egypt,Africa,SWBD,1,0,233.84,151.48,2.79,933.7,0,3,4,0.169,63945.3,-47,0.71,4254.3,30.660417,29.477083,806,GLWD00000806,Qaroun,Egypt,AF,Africa,239.4,29.471532,30.631237
1481,Rana Pratap,India,Asia,SWBD,2,4836,171.42,149.87,3.23,2898.7,2898.7,2,16.9,184.252,182.1,346,3.52,25043,75.579578,24.916837,937,GLWD00000937,Rana Pratap,India,AS,Asia,171.84,24.829171,75.600678
1482,Kalri Lake,Pakistan,Asia,SWBD,2,4725,100.04,103.26,2.91,2526.5,2526.5,2,25.3,2.596,11264.2,12,0.9,1803.9,68.052083,24.898739,300001482,HYLA00001482,Kalri,Pakistan,AS,Asia,110.96,24.950699,68.054845
1484,Gandhisagar Reservoir,India,Asia,GRanD,2,4843,523.51,329.22,4.06,7322.8,7322.8,2,14,175.916,481.8,386,-1,22820.1,75.553943,24.700139,347,GLWD00000347,Gandhisagar,India,AS,Asia,421.89,24.440976,75.509011
1487,Govind Ballabah Pant,India,Asia,SWBD,2,4858,398.8,397.86,5.62,10600,10600,2,26.6,232.346,528,265,2.53,12841.6,83.007292,24.200837,442,GLWD00000442,Govind Ballabah Pant,India,AS,Asia,432.9,24.054865,82.79165
1492,Toshka  2,Egypt,Africa,SWBD,1,0,496.62,278.12,3.52,5115,0,1,10.3,0,-1,132,1.47,16066.3,30.56875,23.460417,200000006,CGL200000006,Toshka,Egypt,AF,Africa,534.66,23.392365,30.568042
1494,,Egypt,Africa,SWBD,1,0,355.72,270.12,4.04,2664.92,0,3,7.5,0,-1,144,1.12,13309.9,30.635465,23.209324,300001494,HYLA00001494,None,Egypt,AF,Africa,269.56,23.125699,30.956236
1495,Toshka  1,Egypt,Africa,SWBD,1,0,542.8,333.3,4.04,12505,0,1,23,0,-1,156,-1,6294.4,31.070019,23.056554,300001495,HYLA00001495,Toshka  1,Egypt,AF,Africa,473.9,23.103477,31.268736
1496,,India,Asia,SWBD,2,4881,153.38,303.63,6.92,3920,3920,2,25.6,294.582,154,414,2.31,15023,79.924831,22.941922,300001496,HYLA00001496,None,India,AS,Asia,218.33,22.795143,80.030539
1498,Tawa Reservoir,India,Asia,SWBD,2,4885,101.61,324.7,9.09,2310,2310,2,22.7,140.519,190.3,348,2.33,6037.3,77.981293,22.560065,300001498,HYLA00001498,Tawa,India,AS,Asia,161.03,22.46181,77.938872
1499,Barkal,Bangladesh,Asia,SWBD,2,5125,326.94,1077.03,16.8,6477,6477,2,19.8,694.823,107.9,31,2.03,10861.8,92.228125,22.495122,372,GLWD00000372,Barkal,Bangladesh,AS,Asia,445.39,22.757643,92.149983
1502,Hirakud Reservoir,India,Asia,SWBD,2,4898,500.81,575.77,7.26,8100,8100,2,16.2,1289.098,72.7,188,-1,72477.3,83.85482,21.520106,249,GLWD00000249,Hirakud,India,AS,Asia,616.11,21.657643,83.734011
1503,,India,Asia,SWBD,1,0,310.88,418.66,6.7,5039.56,0,3,16.2,697.558,83.6,122,2.27,25373.9,85.030208,21.278604,300001503,HYLA00001503,None,India,AS,Asia,362.82,21.472921,84.959705
1504,Ukal,India,Asia,SWBD,2,4739,370.3,525.34,7.7,8510,8510,2,23,419.09,235,96,1.81,62343.6,73.597917,21.25625,1059,GLWD00001059,Ukal,India,AS,Asia,372.93,21.347921,73.777762
1506,Chilika,India,Asia,SWBD,1,0,843.22,683.32,6.64,2108.17,0,1,2.5,120.617,202.3,1,-1,5296.7,85.488542,19.660639,204,GLWD00000204,Chilika,India,AS,Asia,1289.48,19.706254,85.349983
1507,Jayakwadi,India,Asia,GRanD,2,4942,274.87,313.46,5.33,2910,2910,2,10.6,182.514,184.5,460,0.55,22200,75.367708,19.485417,1219,GLWD00001219,Nath-Lake,India,AS,Asia,269.1,19.522921,75.290956
1509,,India,Asia,GRanD,2,4946,335.78,283.25,4.36,3172,3172,2,9.4,469.506,78.2,329,0.56,90210.3,78.342223,18.96713,300001509,HYLA00001509,None,India,AS,Asia,332.65,18.952088,78.286095
1511,,India,Asia,GRanD,2,4958,108.68,123.76,3.35,1100,1100,2,10.1,90.227,141.1,426,1,22289.6,77.929037,18.204573,300001511,HYLA00001511,None,India,AS,Asia,89.26,18.146532,77.968039
1519,Nagarjuna,India,Asia,SWBD,2,4985,195.9,406.12,8.19,11600,11600,2,59.2,1752.492,76.6,160,9.16,220208.3,79.309535,16.573078,498,GLWD00000498,Nagarjuna,India,AS,Asia,213.35,16.228477,79.068733
1520,Guiers,Senegal,Africa,SWBD,1,0,221.01,384,7.29,789.67,0,3,3.6,42.102,217.1,2,0.66,44989.4,-15.778616,16.372144,975,GLWD00000975,Guiers,Senegal,AF,Africa,220.34,16.109033,-15.913205
1523,,Mauritania,Africa,SWBD,2,2968,155.14,147.52,3.34,500,500,2,3.2,14.151,408.9,34,0.55,8785.6,-12.663459,16.160273,300001523,HYLA00001523,None,Mauritania,AF,Africa,164.15,16.14931,-12.616677
1527,Jebel Aulia Reservoir,Sudan,Africa,GRanD,2,4480,933.5,425.31,3.93,3500,3500,2,3.7,1334.54,30.4,380,-1,1667623,32.485405,15.238951,455,GLWD00000455,White-Nile-Reservoir,Sudan,AF,Africa,1178.43,14.373616,32.160403
1529,,Sudan,Africa,SWBD,2,4481,100.27,230.36,6.49,1300,1300,2,13,369.483,40.7,472,0.78,100616.1,35.907292,14.925127,300001529,HYLA00001529,None,Sudan,AF,Africa,121.72,14.704866,35.904153
1530,Pasak Chonlasit,Thailand,Asia,SWBD,2,5157,115.46,101.97,2.68,5950,5950,2,51.5,125.325,549.5,39,0.99,12969.7,101.086458,14.852408,300001530,HYLA00001530,Pasak Chonlasit,Thailand,AS,Asia,153.68,14.992366,101.047899
1537,,Nigeria,Africa,SWBD,2,3604,107.48,131.34,3.57,974,974,2,9.1,65.86,171.2,285,0.53,30694.5,5.88247,13.510343,300001537,HYLA00001537,None,Nigeria,AF,Africa,73.72,13.529866,5.933321
1539,Afrera ye'ch'ew,Ethiopia,Africa,SWBD,1,0,123.6,78.44,1.99,1626.73,0,3,13.2,58.714,320.7,-112,2.34,7153.6,40.902083,13.277083,1584,GLWD00001584,Afrera,Ethiopia,AF,Africa,128.67,13.298613,40.908327
1541,Fitri,Chad,Africa,SWBD,1,0,182.91,243.77,5.08,239.35,0,3,1.3,25.043,110.6,286,0.29,84585.5,17.472917,12.84375,1357,GLWD00001357,Fitri,Chad,AF,Africa,180.37,12.77431,17.538182
1543,Roseires Reservoir,Sudan,Africa,SWBD,2,4483,225.28,412.38,7.75,3000,3000,2,13.3,1753.891,19.8,483,0.75,189002.3,34.389948,11.797669,274,GLWD00000274,Roseires Reservoir,Sudan,AF,Africa,265.78,11.552088,34.456236
1545,,Burkina Faso,Africa,SWBD,2,3014,167.87,307.88,6.7,1700,1700,2,10.1,53.345,368.8,233,0.91,35476.6,-0.553016,11.47429,300001545,HYLA00001545,None,Burkina Faso,AF,Africa,223.8,11.646533,-0.7639
1548,Abhe Bid,Ethiopia,Africa,SWBD,1,0,311.84,102,1.63,4916.18,0,3,15.8,285.762,199.1,240,2.21,94540.7,41.78125,11.15625,527,GLWD00000527,Abhe Bid,Ethiopia;Djibouti,AF,Africa,354.49,11.165283,41.790958
1550,,Burkina Faso,Africa,SWBD,2,3628,134.03,164.37,4.01,2000,2000,2,14.9,10.055,2302.2,176,0.83,5927.3,0.700693,11.085992,300001550,HYLA00001550,None,Burkina Faso,AF,Africa,114.85,11.175699,0.602072
1552,,Nigeria,Africa,SWBD,2,3637,150.56,217.25,4.99,2855,2855,2,19,152.099,217.3,239,0.98,32294.9,11.479613,10.322925,300001552,HYLA00001552,None,Nigeria,AF,Africa,202.83,10.561116,11.514571
1560,Koka,Ethiopia,Africa,SWBD,2,4488,150.3,102.85,2.37,1900,1900,2,12.6,73.041,301.1,1590,2.51,11493.9,39.155177,8.469422,1157,GLWD00001157,Koka,Ethiopia,AF,Africa,150.62,8.390977,39.086097
1563,Langano,Ethiopia,Africa,SWBD,1,0,229.28,93.09,1.73,5076.72,0,3,22.1,13.274,4426.6,1585,3.19,2007.6,38.710986,7.668736,829,GLWD00000829,Langano,Ethiopia,AF,Africa,230.94,7.612505,38.76318
1564,Abayata,Ethiopia,Africa,SWBD,1,0,164.71,56.12,1.23,586.94,0,3,3.6,75.283,90.2,1579,0.7,10422.9,38.60625,7.614583,1146,GLWD00001146,Abayata,Ethiopia,AF,Africa,165.3,7.609033,38.597903
1567,Thale Luang,Thailand,Asia,SWBD,1,0,824.58,326.2,3.2,2473.74,0,1,3,154.765,185,0,-1,4620.5,100.422104,7.263018,175,GLWD00000175,Thale Luang,Thailand,AS,Asia,1132.64,7.462505,100.318732
1575,Ch'Amo,Ethiopia,Africa,SWBD,1,0,312.04,107.42,1.72,8405.41,0,3,26.9,18.417,5282.3,1109,3.52,1940.6,37.577083,5.835417,579,GLWD00000579,Ch'Amo,Ethiopia,AF,Africa,312.74,5.837505,37.570125
1582,Bisina,Uganda,Africa,SWBD,1,0,153.41,125.1,2.85,324.4,0,3,2.1,27.287,137.6,1043,0.45,10082.1,33.835529,1.68121,300001582,HYLA00001582,Bisina,Uganda,AF,Africa,117.32,1.654867,33.906236
1585,Baringo,Kenya,Africa,SWBD,1,0,125.43,95.95,2.42,1824.34,0,3,14.5,53.565,394.2,968,2.55,6604.4,36.08125,0.585417,1248,GLWD00001248,Baringo,Kenya,AF,Africa,129.61,0.636811,36.054847
1591,Naivasha,Kenya,Africa,SWBD,1,0,128.23,62.03,1.55,1739.63,0,3,13.6,12.219,1647.8,1881,2.38,3253,36.347917,-0.76875,1659,GLWD00001659,Naivasha,Kenya,AF,Africa,129.02,-0.771522,36.344431
1601,Natron,United Republic of Tanzania,Africa,Other,1,0,886.35,171.08,1.62,600,0,1,0.7,32.843,211.4,602,-1,16235.4,35.972917,-2.552083,322,GLWD00000322,Natron,Tanzania United Republic of;Kenya,AF,Africa,846.97,-2.352775,36.023605
1605,Kikuletwa,United Republic of Tanzania,Africa,SWBD,2,4500,110.07,90.11,2.42,1135,1135,2,10.3,73.228,179.4,684,1.34,13266.9,37.470367,-3.825186,1218,GLWD00001218,Nyumba-Ya-Mungu-Reservoir,Tanzania United Republic of,AF,Africa,110.61,-3.706244,37.414569
1612,,United Republic of Tanzania,Africa,SWBD,2,4501,443.68,221.14,2.96,3200,3200,2,7.2,103.314,358.5,698,1.31,69839.8,35.984917,-7.136711,300001612,HYLA00001612,None,Tanzania United Republic of,AF,Africa,427.83,-7.024299,35.837486
1627,Malombe,Malawi,Africa,SWBD,1,0,309.57,90.56,1.45,1340.64,0,3,4.3,1220.91,12.7,473,0.72,130758.5,35.276507,-14.768212,586,GLWD00000586,Malombe,Malawi,AF,Africa,322.05,-14.677771,35.250681
1631,Kinkony,Madagascar,Africa,SWBD,1,0,154.74,291.61,6.61,1029.16,0,3,6.7,80.465,148,12,1.23,2789.5,45.904513,-16.094726,2271,GLWD00002271,Kinkony,Madagascar,AF,Africa,151.22,-16.167354,45.839569
1635,,Australia,Oceania,SWBD,1,0,298.99,511.95,8.35,324.35,0,3,1.1,18.332,204.8,0,0.22,2739.8,139.43699,-17.550886,300001635,HYLA00001635,None,Australia,OC,Oceania,308.71,-17.438188,139.311785
1640,Dalrymple,Australia,Oceania,SWBD,2,6588,210.58,521.89,10.15,1860,1860,2,8.8,278.539,77.3,158,1.34,114129.6,147.138206,-20.643619,300001640,HYLA00001640,Dalrymple,Australia,OC,Oceania,241.41,-20.657632,146.977062
1643,,Australia,Oceania,SWBD,1,0,120.31,85.42,2.2,208.87,0,3,1.7,6.437,375.6,292,0.4,2682.1,145.860417,-21.597917,300001643,HYLA00001643,None,Australia,OC,Oceania,127.27,-21.595132,145.870812
1644,Ihotry,Madagascar,Africa,SWBD,1,0,167.1,85.28,1.86,830.97,0,3,5,4.41,2180.9,50,0.93,2541.4,43.596921,-21.907079,1869,GLWD00001869,Ihotry,Madagascar,AF,Africa,181.35,-21.956243,43.692347
1647,,Australia,Oceania,SWBD,1,0,120.12,318.13,8.19,592.66,0,3,4.9,6.284,1091.6,551,1,22726.8,132.46875,-22.931928,300001647,HYLA00001647,None,Australia,OC,Oceania,137.36,-22.881243,132.415952
1650,Fairbairn,Australia,Oceania,SWBD,2,6594,114.13,202.83,5.36,1440,1440,2,12.6,11.994,1389.6,202,1.75,16275.9,148.065625,-23.652921,300001650,HYLA00001650,Fairbairn,Australia,OC,Oceania,111.63,-23.700687,148.031923
1651,Massinger Barragen,Mozambique,Africa,SWBD,2,4576,118.86,145.95,3.78,2260,2260,2,19,108.477,241.1,121,2.57,69497.9,32.143353,-23.872949,300001651,HYLA00001651,Massinger Barragen,Mozambique,AF,Africa,123.52,-23.890965,32.049292
1653,,Mozambique,Africa,SWBD,1,0,200.02,303.26,6.05,1039.97,0,3,5.2,115.853,103.9,8,0.93,59207.9,33.506412,-24.691984,300001653,HYLA00001653,None,Mozambique,AF,Africa,241.91,-24.470132,33.504153
1657,Vaaldam,South Africa,Africa,SWBD,2,4184,287.81,555.65,9.24,3199,3199,2,11.1,63.925,579.2,1486,1.52,38545,28.115457,-26.883116,562,GLWD00000562,Vaaldam,South Africa,AF,Africa,321.57,-26.989576,28.182626
1659,,Australia,Oceania,SWBD,1,0,192.87,250.32,5.08,1967.06,0,3,10.2,5.514,4128.9,7,1.69,17416.3,137.322917,-27.002083,300001659,HYLA00001659,None,Australia,OC,Oceania,228.1,-26.94652,137.327063
1660,Wivenhoe,Australia,Oceania,SWBD,2,6720,102.82,307.39,8.55,1150,1150,2,11.2,24.151,551.1,65,3.2,7020.8,152.605208,-27.392298,300001660,HYLA00001660,Wivenhoe,Australia,OC,Oceania,98.67,-27.277076,152.559006
1661,,South Africa,Africa,SWBD,2,4610,128.86,139.36,3.46,2500.6,2500.6,2,19.4,42.969,673.6,140,5.03,7857.6,32.07108,-27.418102,300001661,HYLA00001661,None,South Africa;Eswatini,AF,Africa,118.97,-27.403465,31.956931
1662,Bloemhofdam,South Africa,Africa,SWBD,2,4198,163.64,224.78,4.96,1270,1270,2,7.8,109.933,133.7,1230,1.02,106458.9,25.623022,-27.664676,300001662,HYLA00001662,Bloemhofdam,South Africa,AF,Africa,207.61,-27.679854,25.668042
1663,St. Lucia,South Africa,Africa,SWBD,1,0,321.88,277,4.36,5245.92,0,3,16.3,40.518,1498.5,2,2.26,9152.3,32.413085,-28.259065,618,GLWD00000618,St. Lucia,South Africa,AF,Africa,331.79,-28.068742,32.479153
1664,,Australia,Oceania,SWBD,1,0,105.31,131.03,3.6,871.13,0,3,8.3,0.084,120029.8,-9,1.62,673.9,137.935417,-28.297917,300001664,HYLA00001664,None,Australia,OC,Oceania,118.84,-28.342354,138.074285
1667,,Australia,Oceania,SWBD,1,0,107.75,180.69,4.91,184.89,0,3,1.7,0.339,6312.5,96,0.41,8134.3,135.572917,-28.922917,300001667,HYLA00001667,None,Australia,OC,Oceania,125.99,-28.84652,135.472896
1669,,Australia,Oceania,SWBD,1,0,466.74,169.39,2.21,1339.32,0,3,2.9,0,-1,0,0.46,17463.3,139.677083,-29.26875,300001669,HYLA00001669,None,Australia,OC,Oceania,489.75,-29.286798,139.711785
1678,Hendrik Verwoerd,South Africa,Africa,SWBD,2,4260,294.36,432.6,7.11,5673.8,5673.8,2,19.3,166.072,395.4,1259,2.55,70460.8,25.507035,-30.622355,460,GLWD00000460,Hendrik Verwoerd,South Africa,AF,Africa,328.89,-30.628465,25.790265
1688,Minindee,Australia,Oceania,SWBD,1,0,151,54.69,1.26,1192.05,0,3,7.9,0.269,51289.3,60,1.43,1072.4,142.368611,-32.385168,300001688,HYLA00001688,Minindee,Australia,OC,Oceania,151.72,-32.343048,142.32984
1690,Victoria,Australia,Oceania,SWBD,2,6606,107.51,42.94,1.17,680,680,2,6.3,0.082,95980.1,27,1.89,480.6,141.277097,-34.043743,1537,GLWD00001537,Victoria,Australia,OC,Oceania,109.7,-33.991659,141.274285
1692,Alexandrina,Australia,Oceania,Other,1,0,862.54,403.95,3.88,480,0,1,0.6,0.727,7641.8,0,-1,2096.4,139.371023,-35.449689,210,GLWD00000210,Alexandrina,Australia,OC,Oceania,1140.57,-35.606242,139.297896
1693,Hindmarsh,Australia,Oceania,SWBD,1,0,128.77,53.79,1.34,1264.56,0,3,9.8,16.573,883.1,74,1.8,7385.1,141.871127,-35.949793,1422,GLWD00001422,Hindmarsh,Australia,OC,Oceania,129.47,-36.039575,141.908313
1694,Hume,Australia,Oceania,SWBD,2,6628,110.94,168.22,4.51,3038,3038,2,27.4,119.187,295,180,4.38,15312.5,147.032716,-36.108092,300001694,HYLA00001694,Hume,Australia,OC,Oceania,114.34,-36.099992,147.050674
1695,Eucumbene,Australia,Oceania,SWBD,2,6629,121.46,241.55,6.18,4800,4800,2,39.5,2.959,18775.1,1154,6.32,671.8,148.62013,-36.125399,300001695,HYLA00001695,Eucumbene,Australia,OC,Oceania,122.82,-36.07152,148.662479
8580,Potholes,United States of America,North America,SWBD,2,329,60.7,104.69,3.79,409.9,409.9,2,6.8,38.165,124.3,314,1.32,10906,-119.264583,46.982823,2812,GLWD00002812,Potholes,United States,NA,North America,54.02,47.020142,-119.320143
9152,,United States of America,North America,Other,1,0,67.87,77.7,2.66,166.34,0,3,2.5,2.529,761.2,1361,0.7,1525.5,-120.097917,41.464583,300009152,HYLA00009152,None,United States,NA,North America,53.52,41.471531,-120.10417
9172,Clair Engle Lake,United States of America,North America,SWBD,2,131,56.28,167.39,6.29,2633.5,2633.5,2,46.8,41.008,743.3,717,15.96,1788.5,-122.760687,40.802949,300009172,HYLA00009172,Clair Engle,United States,NA,North America,55.27,40.918753,-122.694448
9197,Harlan County Lake,United States of America,North America,SWBD,2,948,50.01,61.2,2.44,1018.5,1018.5,2,20.4,22.093,533.6,595,2.26,53628.2,-99.21467,40.072869,300009197,HYLA00009197,Harlan County,United States,NA,North America,50.14,40.059031,-99.268061
9208,Lake Oroville,United States of America,North America,SWBD,2,148,45.55,171.94,7.19,4366.5,4366.5,2,95.9,134.108,376.8,254,16.48,9301,-121.481218,39.539616,300009208,HYLA00009208,Oroville,United States,NA,North America,46.33,39.615975,-121.486115
9213,Waconda Lake,United States of America,North America,SWBD,2,962,36.6,44.91,2.09,252.6,252.6,2,6.9,17.202,170,445,0.97,13156.1,-98.318864,39.473081,300009213,HYLA00009213,Waconda,United States,NA,North America,44.81,39.489587,-98.373616
9224,Tuttle Creek Lake,United States of America,North America,SWBD,2,965,42.87,83.52,3.6,2784,2784,2,64.9,107.275,300.4,327,5.33,24711.1,-96.59375,39.260417,300009224,HYLA00009224,Tuttle Creek,United States,NA,North America,51.53,39.361809,-96.683339
9226,Perry Lake,United States of America,North America,SWBD,2,967,40.18,85.25,3.79,949.8,949.8,2,23.6,20.161,545.3,274,4.06,2929.9,-95.432391,39.111675,300009226,HYLA00009226,Perry,United States,NA,North America,42.9,39.184031,-95.462505
9228,Milford Lake,United States of America,North America,SWBD,2,968,65.88,116,4.03,1412.3,1412.3,2,21.4,42.232,387.1,347,2.42,64288.2,-96.899609,39.078243,300009228,HYLA00009228,Milford,United States,NA,North America,61.83,39.149309,-96.920144
9239,Carlyle Lake,United States of America,North America,SWBD,1,0,90.94,95.97,2.84,514.7,0,3,5.7,58.479,101.9,132,1.37,7000,-89.351042,38.619659,300009239,HYLA00009239,Carlyle,United States,NA,North America,93.75,38.699309,-89.259728
9243,Lake Berryessa,United States of America,North America,SWBD,2,185,66.28,114.27,3.96,1963.6,1963.6,2,29.6,20.725,1096.6,131,7.94,1492.7,-122.106948,38.513668,300009243,HYLA00009243,Berryessa,United States,NA,North America,74.72,38.584726,-122.225004
9264,Rend Lake,United States of America,North America,SWBD,2,1716,73.03,126.76,4.18,749.8,749.8,2,10.3,11.662,744.1,123,0.97,1267.5,-88.968937,38.037374,300009264,HYLA00009264,Rend,United States,NA,North America,79.52,38.117364,-88.968061
9272,Don Pedro Reservoir,United States of America,North America,SWBD,2,210,41.55,139.9,6.12,2504,2504,2,60.3,57.604,503.1,246,10.94,3958.4,-120.419017,37.70282,300009272,HYLA00009272,Don Pedro,United States,NA,North America,47.55,37.777087,-120.361809
9273,Stockton Lake,United States of America,North America,SWBD,2,1006,96.44,330.37,9.49,2064.8,2064.8,2,21.4,36.836,648.8,265,3.77,2984.3,-93.76875,37.689583,300009273,HYLA00009273,Stockton,United States,NA,North America,94.06,37.568753,-93.638894
9286,,United States of America,North America,SWBD,1,0,24.37,83.42,4.77,1398.68,0,3,57.4,94.526,171.3,1124,13.51,64710,-110.864583,37.181782,276,GLWD00000276,Lake Powell,United States,NA,North America,519.97,37.203476,-110.660421
9290,Smith Mountain Lake,United States of America,North America,SWBD,2,1751,71.08,383.68,12.84,1408.6,1408.6,2,19.8,33.177,491.4,245,3.63,2654.5,-79.536533,37.042396,300009290,HYLA00009290,Smith Mountain,United States,NA,North America,72.48,37.100698,-79.611812
9300,Kaw Lake,United States of America,North America,SWBD,2,1023,58.74,114.08,4.2,1637,1637,2,27.9,116.488,162.6,308,3.04,119049.5,-96.927032,36.702154,300009300,HYLA00009300,Kaw,United States,NA,North America,74.09,36.784031,-96.902783
9305,Dale Hollow Lake,United States of America,North America,SWBD,2,1762,89.62,364.96,10.88,2104.3,2104.3,2,23.5,43.141,564.6,195,11.31,2408.3,-85.450254,36.538312,1180,GLWD00001180,Dale Hollow,United States,NA,North America,88.49,36.577087,-85.376395
9308,Lake Gaston,United States of America,North America,SWBD,2,1764,68.84,286.28,9.73,632.8,632.8,2,9.2,281.586,26,62,2.49,21809.5,-77.81194,36.496863,300009308,HYLA00009308,Gaston,United States,NA,North America,87.05,36.540976,-78.02084
9313,Beaver Lake,United States of America,North America,SWBD,2,1033,71.35,279.02,9.32,2407.8,2407.8,2,33.7,36.352,766.6,344,7.35,3084.2,-93.849219,36.422916,300009313,HYLA00009313,Beaver,United States,NA,North America,100.94,36.325698,-93.908339
9321,Old Hickory Lake,United States of America,North America,SWBD,2,1768,58.47,279.56,10.31,672.2,672.2,2,11.5,516.596,15.1,136,2.46,30199.4,-86.658869,36.29189,300009321,HYLA00009321,Old Hickory,United States,NA,North America,55.68,36.300698,-86.564589
9322,Norfork Lake,United States of America,North America,SWBD,2,1042,79.42,351.57,11.13,2446,2446,2,30.8,64.257,440.6,167,7.8,4732.5,-92.238377,36.252069,300009322,HYLA00009322,Norfork,United States,NA,North America,78.62,36.390976,-92.238895
9327,J. Percy Priest Lake,United States of America,North America,SWBD,2,1775,52.84,193.25,7.5,804.2,804.2,2,15.2,39.143,237.8,149,2.32,2348.5,-86.617997,36.155261,2288,GLWD00002288,J. Percy Priest,United States,NA,North America,59.63,36.081253,-86.536117
9328,Keystone Lake,United States of America,North America,SWBD,2,1048,79.63,247.69,7.83,2063.1,2063.1,2,25.9,260.936,91.5,223,3.56,186864.5,-96.25625,36.152083,300009328,HYLA00009328,Keystone,United States,NA,North America,78.72,36.21042,-96.243755
9330,Center Hill Lake,United States of America,North America,SWBD,2,1777,59.54,331.99,12.14,2580.4,2580.4,2,43.3,106.111,281.5,200,13.83,5635.7,-85.82558,36.096527,2268,GLWD00002268,Center Hill Lake,United States,NA,North America,59.78,35.820142,-85.667367
9332,Douglas Lake,United States of America,North America,SWBD,2,1781,64.76,214.47,7.52,1900.8,1900.8,2,29.3,284.161,77.4,291,4.73,11738.8,-83.534322,35.96336,300009332,HYLA00009332,Douglas,United States,NA,North America,82.5,36.000698,-83.259034
9335,Fort Gibson Lake,United States of America,North America,SWBD,2,1053,67.45,189.15,6.5,1584.3,1584.3,2,23.5,284.421,64.5,170,3.69,32372.2,-95.232292,35.870603,300009335,HYLA00009335,Fort Gibson,United States,NA,North America,71.08,35.982642,-95.261117
9339,Tellico Lake,United States of America,North America,SWBD,2,1788,99.83,503.07,14.2,576.8,576.8,2,5.8,560.341,11.9,248,4.57,24694.9,-84.239583,35.789583,300009339,HYLA00009339,Tellico,United States,NA,North America,108.57,35.843753,-84.102784
9340,Phelps Lake,United States of America,North America,SWBD,1,0,63.07,30.37,1.08,230.34,0,3,3.7,2.712,983,2,1.01,200.4,-76.406495,35.784742,2799,GLWD00002799,Phelps,United States,NA,North America,64.22,35.770142,-76.463201
9344,B. Everett Jordan Lake,United States of America,North America,SWBD,2,1796,36.97,132.97,6.17,2031,2031,2,54.9,35.658,659.2,68,2.93,4373.9,-79.06867,35.656806,300009338,HYLA00009338,B. Everett Jordan,United States,NA,North America,54.03,35.754865,-79.029868
9348,Tenkiller Lake,United States of America,North America,SWBD,2,1060,48.77,148.63,6,1518.2,1518.2,2,31.1,36.661,479.3,198,5.78,4134.3,-95.037008,35.595392,300009348,HYLA00009348,Tenkiller,United States,NA,North America,52,35.706253,-94.963894
9360,Lake Mohave,United States of America,North America,SWBD,2,616,98.68,188.31,5.35,2242.9,2242.9,2,22.7,507.351,51.2,198,3.37,426441.2,-114.572791,35.20227,300009360,HYLA00009360,Mohave,United States,NA,North America,108.58,35.504865,-114.68056
9375,Lake Keowee,United States of America,North America,SWBD,2,1836,58.59,269.25,9.92,1178.7,1178.7,2,20.1,29.353,464.8,248,3.72,1137.4,-82.889333,34.799787,300009375,HYLA00009375,Keowee,United States,NA,North America,66.58,34.825698,-82.898617
9382,,United States of America,North America,SWBD,1,0,53.08,103.01,3.99,391.7,0,3,7.4,7.228,627.2,185,1.93,711.8,-95.352083,34.63125,300009382,HYLA00009382,None,United States,NA,North America,54.1,34.665976,-95.398617
9389,Wateree Lake,United States of America,North America,SWBD,2,1852,43.73,166.18,7.09,323.7,323.7,2,7.4,182.271,20.6,69,2.63,12283.1,-80.702952,34.336709,300009389,HYLA00009389,Wateree,United States,NA,North America,51.83,34.450698,-80.872229
9392,Lake Havasu,United States of America,North America,SWBD,2,629,60.79,150.91,5.46,803,803,2,13.2,519.26,17.9,136,3.32,451273.6,-114.138725,34.29867,300009392,HYLA00009392,Havasu,United States,NA,North America,69.49,34.429865,-114.308338
9398,Degray Lake,United States of America,North America,SWBD,2,1121,45.21,184.59,7.74,1698.6,1698.6,2,37.6,19.169,1025.6,126,4.51,1129,-93.110417,34.216058,300009398,HYLA00009398,Degray,United States,NA,North America,47.84,34.257642,-93.220144
9399,,United States of America,North America,SWBD,1,0,37.31,127.82,5.9,141.18,0,3,3.8,224.191,7.3,166,1.16,11778.3,-85.617457,34.205375,300009399,HYLA00009399,None,United States,NA,North America,93.17,34.189587,-85.6007
9404,Enid Lake,United States of America,North America,SWBD,2,1864,59.01,97.9,3.6,1496.8,1496.8,2,25.4,42.537,407.3,71,2.83,1570.7,-89.90447,34.151653,300009404,HYLA00009404,Enid,United States,NA,North America,47.14,34.142365,-89.868756
9406,Broken Bow Lake,United States of America,North America,SWBD,2,1123,54.42,188.73,7.22,1976,1976,2,36.3,26.8,853.4,189,7.65,1983.2,-94.684146,34.147952,300009406,HYLA00009406,Broken Bow,United States,NA,North America,55.85,34.245142,-94.679867
9411,Hugo Lake,United States of America,North America,SWBD,2,1128,47.87,85.68,3.49,1571.6,1571.6,2,32.8,45.429,400.4,127,1.42,4431.8,-95.382598,34.011291,300009411,HYLA00009411,Hugo,United States,NA,North America,47.5,34.065976,-95.4132
9413,,United States of America,North America,SWBD,1,0,55.15,224.02,8.51,863.38,0,3,15.7,209.242,47.8,103,3.68,11946.8,-82.391227,33.85937,300000827,HYLA00000827,None,United States,NA,North America,315.34,33.957642,-82.569451
9420,Millwood Lake,United States of America,North America,SWBD,2,1144,93.21,87.75,2.56,2288,2288,2,24.5,148.022,178.9,81,1.67,10655.3,-93.965625,33.694799,2168,GLWD00002168,Millwood,United States,NA,North America,87.76,33.748615,-93.977783
9427,,United States of America,North America,SWBD,1,0,62.05,119.45,4.28,266.4,0,3,4.3,556.423,5.5,23,1.17,37473.6,-80.447917,33.51127,556,GLWD00000556,Marion,United States,NA,North America,294.26,33.531254,-80.459034
9428,Logan Martin Lake,United States of America,North America,SWBD,2,1880,55.76,281.89,10.65,801.8,801.8,2,14.4,374.051,24.8,141,2.71,20143.6,-86.33435,33.424661,300009428,HYLA00009428,Logan Martin,United States,NA,North America,60.47,33.56042,-86.179173
9430,Ray Roberts Lake,United States of America,North America,SWBD,2,1151,68.71,104.64,3.56,2383,2383,2,34.7,10.384,2656.1,194,1.08,1782.5,-97.052189,33.356409,300009430,HYLA00009430,Ray Roberts,United States,NA,North America,114.66,33.436809,-96.983339
9431,Laurens Shoals,United States of America,North America,SWBD,2,1883,69.96,313.56,10.58,727.8,727.8,2,10.4,64.278,131,136,2.9,4732.9,-83.157149,33.352754,300009431,HYLA00009431,Laurens Shoals,United States,NA,North America,110.58,33.388198,-83.206256
9432,,United States of America,North America,SWBD,2,1152,40.44,50.86,2.26,983.5,983.5,2,24.3,16.098,707.1,134,1.06,1249.8,-95.627112,33.327054,300009432,HYLA00009432,None,United States,NA,North America,65.63,33.313198,-95.672922
9434,Texarkana Lake,United States of America,North America,SWBD,2,1153,84.38,160.65,4.93,7068.8,7068.8,2,83.8,126.31,647.7,73,1.7,8860.2,-94.161536,33.306363,300009434,HYLA00009434,Texarkana,United States,NA,North America,88.15,33.28542,-94.20695
9443,Lewisville Lake,United States of America,North America,SWBD,2,1164,65.48,122.24,4.26,2569.1,2569.1,2,39.2,24.587,1209.4,157,1.44,4296.1,-96.969792,33.069896,300009443,HYLA00009443,Lewisville,United States,NA,North America,108.4,33.149309,-97.001394
9446,Lavon Lake,United States of America,North America,SWBD,2,1170,68.48,103.32,3.52,1136.3,1136.3,2,16.6,14.003,939.2,151,1.55,1999.7,-96.469792,33.033002,300009446,HYLA00009446,Lavon,United States,NA,North America,83.96,33.11042,-96.465283
9452,West Point Lake,United States of America,North America,SWBD,2,1896,89.93,411.55,12.24,746.3,746.3,2,8.3,159.745,54.1,193,3.94,8902.8,-85.192847,32.924552,300009452,HYLA00009452,West Point,United States,NA,North America,79.18,33.063198,-85.117367
9455,Possum Kingdom,United States of America,North America,SWBD,2,1176,50.64,157.04,6.23,686.1,686.1,2,13.5,21.901,362.6,304,4.46,51862.6,-98.428696,32.869311,300009455,HYLA00009455,Possum Kingdom,United States,NA,North America,63.75,32.91042,-98.457644
9457,Lake Fork Reservoir,United States of America,North America,SWBD,2,1182,93.17,216.8,6.34,1293.3,1293.3,2,13.9,15.032,995.8,121,2.1,1246.8,-95.531853,32.811369,300009457,HYLA00009457,Fork,United States,NA,North America,98.18,32.877087,-95.615283
9458,Mitchell Lake,United States of America,North America,SWBD,2,1899,19.72,108.22,6.88,212.2,212.2,2,10.8,462.518,5.3,101,5.58,25349.3,-86.444792,32.807471,300009451,HYLA00009451,Mitchell,United States,NA,North America,85.77,32.927087,-86.514589
9460,Lake Ray Hubbard,United States of America,North America,SWBD,2,1183,79.89,89.88,2.84,719.9,719.9,2,9,19.708,422.8,135,1.41,2889.5,-96.501952,32.802749,300009460,HYLA00009460,Ray Hubbard,United States,NA,North America,84.74,32.900698,-96.493755
9462,Lake of the Pines,United States of America,North America,SWBD,2,1186,69.89,148.6,5.01,2465.4,2465.4,2,35.3,28.569,998.8,71,3.08,2286.2,-94.506269,32.752105,300009462,HYLA00009462,of the Pines,United States,NA,North America,65.61,32.804865,-94.634033
9464,Bayou Darbonne Reservoir,United States of America,North America,SWBD,2,1191,46.94,118.87,4.89,296,296,2,6.3,64.393,53.2,26,3.39,4196.2,-92.340731,32.709306,300009464,HYLA00009464,Bayou Darbonne,United States,NA,North America,46.75,32.761809,-92.431256
9475,Ross R. Barnett Reservoir,United States of America,North America,SWBD,2,1207,89.1,78.47,2.35,4206.2,4206.2,2,47.2,141.849,343.2,89,2.14,7813.7,-90.063542,32.398735,1467,GLWD00001467,Ross-R.-Barnett,United States,NA,North America,87.72,32.456254,-90.0257
9484,Palestine,United States of America,North America,SWBD,1,0,47.09,67.22,2.76,324.66,0,3,6.9,19.564,192.1,109,1.87,1873.3,-95.473002,32.148017,300009484,HYLA00009484,Palestine,United States,NA,North America,85.68,32.174309,-95.48195
9492,Lake Whitney,United States of America,North America,SWBD,2,1247,70.56,156.66,5.26,2590.8,2590.8,2,36.7,52.77,568.2,160,2.66,61235.8,-97.370431,31.869948,300009492,HYLA00009492,Whitney,United States,NA,North America,84.21,31.999309,-97.411811
9498,,United States of America,North America,SWBD,2,1257,47.05,112.72,4.64,666.5,666.5,2,14.2,9.565,806.5,466,1.33,58935.6,-99.669008,31.502318,300009498,HYLA00009498,None,United States,NA,North America,44.22,31.538198,-99.663894
9504,Lake Limestone,United States of America,North America,SWBD,2,1266,45.33,108.3,4.54,688.1,688.1,2,15.2,10.414,764.8,111,1.7,1629.5,-96.330328,31.327812,300009504,HYLA00009504,Limestone,United States,NA,North America,46.38,31.400698,-96.336116
9516,Lake Seminole,United States of America,North America,SWBD,2,1916,83.51,234.49,7.24,501,501,2,6,644.76,9,24,2.38,44603.3,-84.866115,30.708037,300009516,HYLA00009516,Seminole,United States,NA,North America,79.03,30.771532,-84.831951
9523,,United States of America,North America,SWBD,1,0,27.28,65.07,3.51,252.85,0,3,9.3,6.687,437.6,63,2.71,791.9,-95.586667,30.439784,300009523,HYLA00009523,None,United States,NA,North America,77.39,30.453476,-95.596533
9537,,United States of America,North America,SWBD,1,0,62.94,114.16,4.06,249.76,0,3,4,35.225,82.1,2,1.09,1563.1,-91.55348,29.936353,300009537,HYLA00009537,None,United States,NA,North America,57.92,30.017365,-91.636811
9538,,United States of America,North America,SWBD,1,0,41.16,118.13,5.19,41.16,0,3,1,3.105,153.4,0,0.35,153.6,-93.404691,29.924001,2369,GLWD00002369,Black,United States,NA,North America,113.24,29.982643,-93.478478
9543,Lac des Allemands,United States of America,North America,SWBD,1,0,69.92,64.27,2.17,101.69,0,3,1.5,18.061,65.2,1,0.44,732.7,-90.512334,29.86532,2988,GLWD00002988,Allemands,United States,NA,North America,73.74,29.900004,-90.5757
9547,Lake Verret,United States of America,North America,SWBD,1,0,56.78,53.89,2.02,188.84,0,3,3.3,9.047,241.6,3,0.95,392.1,-91.107292,29.824591,3238,GLWD00003238,Verret,United States,NA,North America,60.25,29.888893,-91.15695
9556,,United States of America,North America,SWBD,1,0,62.09,404.41,14.48,62.09,0,3,1,4.336,165.7,0,0.12,195,-89.758842,29.644652,300009556,HYLA00009556,None,United States,NA,North America,78.97,29.690976,-89.76945
9573,,United States of America,North America,SWBD,1,0,54.31,122.89,4.7,54.31,0,3,1,2.423,259.4,0,0.23,136.4,-90.63656,29.341259,300009573,HYLA00009573,None,United States,NA,North America,78.32,29.370143,-90.665978
9585,,United States of America,North America,SWBD,1,0,56.7,321.37,12.04,56.7,0,3,1,57.603,11.4,0,0.21,2701.9,-90.225693,29.090392,300009585,HYLA00009585,None,United States,NA,North America,53.97,29.384032,-90.304867
10147,,Brazil,South America,SWBD,2,2494,28.91,129.28,6.78,1358,1358,2,47,39.169,401.3,241,2.08,8431.4,-37.946875,-7.024222,300010147,HYLA00010147,None,Brazil,SA,South America,47.14,-7.082633,-37.908342
13539,,Netherlands,Europe,SWBD,1,0,10.67,14.77,1.28,10.67,0,3,1,0.718,172.1,-2,0.32,48.7,5.639601,52.930756,300013539,HYLA00013539,None,Netherlands,EU,Europe,11.25,52.913891,5.621516
13545,,Netherlands,Europe,SWBD,1,0,19.28,21.3,1.37,19.28,0,3,1,1.16,192.4,-2,0.28,78.9,5.842076,52.886999,300013545,HYLA00013545,None,Netherlands,EU,Europe,19.79,52.894447,5.804849
14047,,Austria,Europe,SWBD,1,0,12.6,25.03,1.99,667.16,0,3,53,6.377,1210.9,588,14.49,286.1,13.516185,46.813158,300014047,HYLA00014047,None,Austria,EU,Europe,14.03,46.789586,13.594432
14052,,Switzerland,Europe,SWBD,1,0,45.83,42.75,1.78,2364.45,0,3,51.6,90.884,301.1,558,10.77,2503.3,7.635625,46.74289,300014052,HYLA00014052,None,Switzerland,EU,Europe,48.32,46.700697,7.697905
14059,,Hungary,Europe,SWBD,1,0,15.75,40.5,2.88,33.04,0,3,2.1,7.629,50.1,104,0.84,1893,17.171459,46.63455,300014059,HYLA00014059,None,Hungary,EU,Europe,15.37,46.631947,17.152071
14072,Kuyal'nitskiy,Ukraine,Europe,SWBD,1,0,58.52,77.39,2.85,1006.58,0,3,17.2,5.796,2010,-8,3.94,2243.2,30.739583,46.562193,300014072,HYLA00014072,Kuyal'nitskiy,Ukraine,EU,Europe,48.69,46.652086,30.724292
14091,,Croatia,Europe,SWBD,2,3841,16.4,29.07,2.03,93.5,93.5,2,5.7,264.008,4.1,148,0.71,15844.1,16.721805,46.323945,300014091,HYLA00014091,None,Croatia,EU,Europe,16.5,46.317364,16.654154
14132,,Ukraine,Europe,SWBD,1,0,12.12,15.55,1.26,58.39,0,3,4.8,0.065,10397.1,-4,1.82,113.7,33.772859,45.973205,300014132,HYLA00014132,None,Ukraine,EU,Europe,12.39,45.995142,33.801375
14133,,Ukraine,Europe,SWBD,1,0,18.84,35.38,2.3,76.16,0,3,4,0.071,12414.4,-4,1.43,107.6,33.99375,45.972917,300014133,HYLA00014133,None,Ukraine,EU,Europe,19.27,45.931253,34.019431
14140,,Switzerland,Europe,SWBD,1,0,26.65,40.82,2.23,2343.39,0,3,87.9,10.658,2544.8,272,19.2,297.3,8.956298,45.956376,300014139,HYLA00014139,None,Italy;Switzerland,EU,Europe,49.04,45.968753,8.95971
14159,,Italy,Europe,SWBD,1,0,16.88,33.22,2.28,754.58,0,3,44.7,4.537,1925,290,11.76,129.3,8.409857,45.871956,300014159,HYLA00014159,None,Italy,EU,Europe,18.61,45.819447,8.393738
14162,,Italy,Europe,SWBD,1,0,13.53,23.28,1.79,130.31,0,3,9.6,4.389,343.6,234,3.25,123.6,8.706997,45.834768,300014162,HYLA00014162,None,Italy,EU,Europe,13.71,45.815975,8.736099
14167,,France,Europe,SWBD,1,0,42.56,43.46,1.88,2934.29,0,3,68.9,11.826,2871.8,230,14.08,594.1,5.827996,45.804788,300014167,HYLA00014167,None,France,EU,Europe,44.53,45.727086,5.866655
14176,,Italy,Europe,SWBD,1,0,10.28,23.03,2.03,520.09,0,3,50.6,13.735,438.3,362,14.55,587.4,10.464882,45.738233,15600,GLWD00015600,Idro,Italy,EU,Europe,10.9,45.773614,10.512488
14185,Iseo,Italy,Europe,SWBD,1,0,58.67,71.88,2.65,4159.27,0,3,70.9,48.496,992.7,182,13.47,1812.7,9.960817,45.664069,300014185,HYLA00014185,Iseo,Italy,EU,Europe,66.23,45.740281,10.070821
14203,,Ukraine,Europe,SWBD,1,0,51.52,71.99,2.83,382.68,0,3,7.4,2.591,1709.4,-1,1.95,1518.8,29.151912,45.485825,3309,GLWD00003309,Kytai,Ukraine,EU,Europe,52.45,45.586808,29.200681
14204,,Romania,Europe,SWBD,1,0,22.3,20.07,1.2,100.81,0,3,4.5,0.209,5583,0,1.52,70.1,28.10009,45.473178,4292,GLWD00004292,Brate闂?,Romania,EU,Europe,21.39,45.481253,28.071514
14209,,Ukraine,Europe,SWBD,1,0,59.54,79.84,2.92,297.98,0,3,5,2.706,1274.5,-1,1.34,1275.9,28.985939,45.399743,2803,GLWD00002803,Kotlabukh,Ukraine,EU,Europe,62.21,45.492364,28.977764
14210,,Ukraine,Europe,SWBD,1,0,21.99,23.54,1.42,37.65,0,3,1.7,0,-1,-4,0.65,332.3,35.859461,45.395941,300014210,HYLA00014210,None,Ukraine,EU,Europe,16.75,45.374308,35.829196
14215,,Romania,Europe,SWBD,1,0,14.55,29.66,2.19,14.55,0,3,1,0.118,1427.3,-1,0.23,140.2,29.487913,45.335002,17329,GLWD00017329,Merhei,Romania,EU,Europe,13.06,45.325697,29.449987
14218,Akhtanizovskiy,Russia,Europe,SWBD,1,0,72.65,45.82,1.52,432.46,0,3,6,2.728,1834.8,-5,1.5,418.5,37.142708,45.327083,300014218,HYLA00014218,Akhtanizovskiy,Russian Federation,EU,Europe,76.66,45.292364,37.169431
14221,,Romania,Europe,SWBD,1,0,10.45,18.61,1.62,73.38,0,3,7,0.445,1908.6,24,2.61,108.4,27.36715,45.279447,300014221,HYLA00014221,None,Romania,EU,Europe,10.46,45.286808,27.33332
14226,,Russia,Europe,SWBD,1,0,12.86,20.76,1.63,26.69,0,3,2.1,0.722,427.9,-4,0.87,102.5,37.268147,45.223151,300014226,HYLA00014226,None,Russian Federation,EU,Europe,14.83,45.220142,37.235403
14229,,Ukraine,Europe,SWBD,1,0,74.3,79.56,2.6,256.57,0,3,3.5,2.61,1137.8,-2,0.93,1239.7,33.419334,45.198538,2408,GLWD00002408,Sasyk,Ukraine,EU,Europe,78.96,45.202086,33.480542
14230,,Ukraine,Europe,SWBD,1,0,18.75,25.52,1.66,302.52,0,3,16.1,0.006,583564.2,-2,4.75,214.3,36.404497,45.171075,300014230,HYLA00014230,None,Ukraine,EU,Europe,18.74,45.168753,36.383319
14234,,Romania,Europe,SWBD,1,0,14.65,19.67,1.45,14.65,0,3,1,0.041,4136.2,-1,0.25,41.9,29.205699,45.143895,13916,GLWD00013916,Gorgova,Romania,EU,Europe,13.74,45.150003,29.184709
14235,,Romania,Europe,SWBD,1,0,10.59,14.14,1.23,10.59,0,3,1,0.038,3224.6,-1,0.21,43,29.296305,45.116861,208962,GLWD00208962,Isac,Romania,EU,Europe,14.58,45.109725,29.270125
14238,,Romania,Europe,SWBD,1,0,13.73,25.15,1.91,13.73,0,3,1,0.046,3454.1,-1,0.23,57,29.501895,45.077272,16814,GLWD00016814,Lumina,Romania,EU,Europe,13.97,45.088197,29.499292
14240,,France,Europe,SWBD,1,0,57.66,49.44,1.84,440.23,0,3,7.6,5.735,888.5,12,1.95,445.3,-1.13125,45.06496,3025,GLWD00003025,Hourtin,France,EU,Europe,58.67,45.136808,-1.110428
14242,,Romania,Europe,SWBD,1,0,13.42,18.26,1.41,13.42,0,3,1,0.297,522.9,-1,0.18,353.5,29.613986,45.063085,15309,GLWD00015309,Ro闂傚倸鍊搁崐鎼佸磹閹间礁纾圭€瑰嫭鍣磋ぐ鎺戠倞闁靛ě鍛獎闂備礁澹婇崑渚€宕曞ú顏勬瀬閻庯綆鍠楅悡娑氣偓瑙勬惄閸犳帡宕戦幘缁樼厸闁?Ro闂傚倸鍊搁崐鎼佸磹閹间礁纾圭€瑰嫭鍣磋ぐ鎺戠倞闁靛ě鍛獎闂備礁澹婇崑渚€宕曞ú顏勬瀬閻庯綆鍠楅悡娑氣偓瑙勬惄閸犳帡宕戦幘缁樼厸闁逞屽墴閺佸啴鍩€椤掑嫬鐓″鑸靛姇缁秹鏌涚仦璇测偓鏍夐崱娑欌拻?,Romania,EU,Europe,17.86,45.061808,29.585403
14249,,Russia,Europe,SWBD,1,0,41.51,37.57,1.64,404.41,0,3,9.7,0.62,7549.4,229,2.59,172.7,41.699642,45.01924,300014249,HYLA00014249,None,Russian Federation,EU,Europe,42.72,45.040281,41.75068
14252,,Russia,Europe,SWBD,1,0,64.81,44.09,1.54,268.03,0,3,4.1,3.086,1005.2,-3,1.12,357.9,37.240295,44.999429,300014252,HYLA00014252,None,Russian Federation,EU,Europe,62.13,45.025697,37.243042
14259,,France,Europe,SWBD,1,0,17.03,25.45,1.74,77.58,0,3,4.6,8.336,107.7,11,1.62,666.8,-1.122917,44.936533,300014259,HYLA00014259,None,France,EU,Europe,17.59,44.967364,-1.119456
14260,,Romania,Europe,SWBD,1,0,18.81,20.41,1.33,160.43,0,3,8.5,1.478,1256.3,-2,2.73,1011.6,28.806955,44.895057,8089,GLWD00008089,Badabag,Romania,EU,Europe,19.39,44.915281,28.765959
14261,,Romania,Europe,SWBD,1,0,20.2,17.98,1.13,20.2,0,3,1,0.067,3490,-3,0.42,93.7,29.213542,44.86875,9168,GLWD00009168,Dranov,Romania,EU,Europe,20.33,44.871531,29.194431
14289,,France,Europe,SWBD,1,0,55.14,36.22,1.38,413.57,0,3,7.5,4.578,1045.6,20,1.94,311.7,-1.177776,44.43289,3196,GLWD00003196,Cazaux-Et-De-Sanguinet,France,EU,Europe,56.49,44.479864,-1.153484
14302,,Romania,Europe,SWBD,1,0,16.48,25,1.74,63.75,0,3,3.9,0.299,2467.8,-1,1.41,91.6,28.622917,44.227083,300014302,HYLA00014302,None,Romania,EU,Europe,17.34,44.24792,28.597209
14305,,Romania,Europe,SWBD,1,0,19.59,22.29,1.42,265.25,0,3,13.5,14.704,208.8,7,4.04,2618.8,27.636458,44.180149,300014305,HYLA00014305,None,Romania,EU,Europe,18.16,44.16042,27.637487
14306,,Romania,Europe,GRanD,2,3896,11.38,31.24,2.61,76,76,2,6.7,162.902,5.4,79,0.45,22109,24.484257,44.176159,300014299,HYLA00014299,None,Romania,EU,Europe,44.92,44.243753,24.424987
14309,,Romania,Europe,SWBD,1,0,13.88,21.59,1.63,144.42,0,3,10.4,8.841,189.1,8,3.46,2143.3,27.473,44.101819,300014309,HYLA00014309,None,Romania,EU,Europe,12.72,44.084031,27.43957
14333,,Bosnia and Herzegovina,Europe,SWBD,2,3914,49.33,43.93,1.76,802.5,802.5,2,16.3,8.174,1136.3,701,5.84,293.5,17.035417,43.660417,300014333,HYLA00014333,None,Bosnia and Herzegovina,EU,Europe,45.57,43.664586,17.023599
14349,Vaccares,France,Europe,SWBD,1,0,95.26,117.6,3.4,113.11,0,3,1.2,2.704,484.1,-2,0.35,293.4,4.495018,43.462072,300014349,HYLA00014349,Vaccares,France,EU,Europe,108.3,43.513197,4.580544
14353,Thau,France,Europe,SWBD,1,0,68.64,69.32,2.36,254.72,0,3,3.7,6.39,461.4,-2,1.01,367,3.701278,43.419662,300014353,HYLA00014353,Thau,France,EU,Europe,71.29,43.392364,3.604849
14386,,Spain,Europe,SWBD,2,2678,10.61,40.4,3.5,265.3,265.3,2,25,8.381,366.4,932,5.16,546.2,-4.287292,42.795525,11032,GLWD00011032,Aguilar,Spain,EU,Europe,13.11,42.811809,-4.311817
14395,,Kazakhstan,Asia,SWBD,1,0,54.48,43.53,1.66,134.51,0,3,2.5,6.581,236.6,256,0.74,2440.7,69.007215,42.73125,3258,GLWD00003258,Bugunskoye-Water,Kazakhstan,AS,Asia,7.7,42.728475,69.029151
14403,,Spain,Europe,SWBD,2,2684,15.54,36.6,2.62,446.9,446.9,2,28.8,66.214,78.1,485,5.48,2186,-1.180868,42.6152,300014403,HYLA00014403,None,Spain,EU,Europe,17.14,42.604864,-1.111123
14418,,Italy,Europe,SWBD,1,0,12.14,17.18,1.39,187.25,0,3,15.4,0.477,4543.5,508,5,47,12.172917,42.314583,300014418,HYLA00014418,None,Italy,EU,Europe,12.05,42.320142,12.174293
14430,,Italy,Europe,SWBD,1,0,56.97,31.1,1.16,1322.12,0,3,23.2,1.579,9691.2,161,5.14,154.9,12.277069,42.097923,3307,GLWD00003307,Bracciano,Italy,EU,Europe,57.58,42.120836,12.229849
14431,,Uzbekistan,Asia,SWBD,1,0,36.94,48.34,2.24,111.5,0,3,3,0,-1,88,0.96,109.5,61.051682,42.056294,300014431,HYLA00014431,None,Uzbekistan,AS,Asia,43.08,42.059031,61.002762
14438,,Italy,Europe,SWBD,1,0,64.24,35.27,1.24,1008.85,0,3,15.7,1.644,7102.5,-4,3.57,392.4,15.678547,41.905172,2927,GLWD00002927,Varano,Italy,EU,Europe,64.95,41.87917,15.745821
14439,,Italy,Europe,SWBD,1,0,44.77,49.1,2.07,87.64,0,3,2,1.519,667.8,-3,0.63,381.2,15.506358,41.901933,300014439,HYLA00014439,None,Italy,EU,Europe,45.08,41.88542,15.413182
14442,,Spain,Europe,SWBD,2,2712,14.31,62.07,4.63,229,229,2,16,2.947,899.4,1077,4.49,555.3,-2.703681,41.875379,8527,GLWD00008527,Cuerda-Del-Pozo,Spain,EU,Europe,15.66,41.861809,-2.791678
14443,,Portugal,Europe,SWBD,2,2717,15.97,45.86,3.24,568.7,568.7,2,35.6,2.664,2470.8,857,4.58,102.5,-7.858489,41.741482,300014443,HYLA00014443,None,Portugal,EU,Europe,17.11,41.752086,-7.786817
14466,Altinkaya Baraji,Turkey,Asia,SWBD,2,4386,73.71,223.22,7.33,5760,5760,2,78.1,242.911,274.4,171,10.46,74554.9,35.722218,41.360649,300014466,HYLA00014466,Altinkaya Baraji,Turkey,AS,Asia,47.42,41.295142,35.540264
14471,Almendra,Spain,Europe,SWBD,2,2733,37.05,128,5.93,2648.6,2648.6,2,71.5,32.737,936.4,707,3.68,6944.4,-6.321672,41.273894,1562,GLWD00001562,Almendra,Spain,EU,Europe,54.72,41.256253,-6.281261
14478,,Greece,Europe,SWBD,1,0,53.42,60.63,2.34,463.51,0,3,8.7,82.309,65.2,30,2.22,11722.4,23.226044,41.140805,300014478,HYLA00014478,None,Greece,EU,Europe,66.27,41.196531,23.140959
14499,,Albania,Europe,SWBD,1,0,40.24,34.64,1.54,101.12,0,3,2.5,1.915,611.2,-7,0.8,109.1,19.458143,40.916864,300014499,HYLA00014499,None,Albania,EU,Europe,43.47,40.933336,19.497904
14510,,Turkey,Asia,SWBD,1,0,45.31,40.29,1.69,589.36,0,3,13,3.172,2150.5,30,3.26,298.8,30.3305,40.731174,300014510,HYLA00014510,None,Turkey,AS,Asia,45.67,40.717364,30.242348
14514,Volvi,Greece,Europe,SWBD,1,0,65.2,53.45,1.87,642.42,0,3,9.9,5.73,1297.6,30,2.37,1848.6,23.593201,40.652667,300014514,HYLA00014514,Volvi,Greece,EU,Europe,68.3,40.661809,23.54582
14549,Voivis,Greece,Europe,SWBD,2,4009,56.22,85.83,3.23,2244,2244,2,39.9,53.258,487.7,277,5.19,5844,22.100461,40.300926,300014549,HYLA00014549,Voivis,Greece,EU,Europe,59.47,40.218753,21.950682
14550,,Turkey,Asia,SWBD,2,4399,11.27,44.71,3.76,1400,1400,2,124.3,57.715,280.8,823,7.26,7836.1,38.203051,40.237691,300014550,HYLA00014550,None,Turkey,AS,Asia,55.38,40.190975,38.324986
14555,,Spain,Europe,SWBD,2,2782,10.11,33.32,2.96,84.7,84.7,2,8.4,16.36,59.9,306,1.86,1758.4,-5.321504,40.108871,18140,GLWD00018140,Rosarito,Spain,EU,Europe,9.68,40.099309,-5.311122
14558,,Turkey,Asia,SWBD,2,4407,44.57,149.93,6.34,1900,1900,2,42.6,150.314,146.3,461,8.33,47410.9,31.413113,40.039833,300014558,HYLA00014558,None,Turkey,AS,Asia,64.84,40.049309,31.666653
14577,Valdecanas,Spain,Europe,SWBD,2,2798,38.49,119.36,5.43,1450,1450,2,37.7,114.568,146.5,299,5.28,36159.9,-5.609352,39.778054,300014577,HYLA00014577,Valdecanas,Spain,EU,Europe,61.83,39.834031,-5.381956
14581,,Albania,Europe,SWBD,1,0,17.44,24.07,1.63,679.01,0,3,38.9,15.119,519.8,-3,10.36,595,20.019009,39.748906,300014581,HYLA00014581,None,Albania,EU,Europe,18.27,39.77917,20.031237
14584,,Spain,Europe,SWBD,2,2800,45.32,265.22,11.11,3162,3162,2,69.8,236.677,154.6,202,8.14,51613.5,-6.884572,39.731623,809,GLWD00000809,Jos,Spain,EU,Europe,63.45,39.743753,-6.853483
14598,,Spain,Europe,SWBD,2,2811,30.22,177.42,9.1,1640,1640,2,54.3,38.287,495.8,407,8.75,24436.3,-5.014571,39.377091,300014598,HYLA00014598,None,Spain,EU,Europe,48.51,39.295142,-4.860428
14599,,Spain,Europe,GRanD,2,2812,14.39,22.38,1.66,185,185,2,12.9,1.702,1258.1,651,3.69,744.4,-4.252123,39.369436,300014599,HYLA00014599,None,Spain,EU,Europe,13.02,39.393753,-4.241678
14600,,Uzbekistan,Asia,SWBD,1,0,75.13,77.52,2.52,240.63,0,3,3.2,0.031,89842.2,227,0.87,1793.2,64.477083,39.368479,300014600,HYLA00014600,None,Uzbekistan,AS,Asia,80.5,39.329864,64.502068
14601,,Spain,Europe,SWBD,1,0,22.68,32.98,1.95,22.68,0,3,1,1.302,201.6,-3,0.34,288.2,-0.322987,39.32313,10679,GLWD00010679,ALBUFERA-Lagoon,Spain,EU,Europe,25.99,39.332642,-0.3639
14645,,Spain,Europe,SWBD,2,2830,39.96,158.66,7.08,900,900,2,22.5,45.873,227.1,312,3.93,26255.3,-5.537995,38.987081,300014645,HYLA00014645,None,Spain,EU,Europe,45.69,39.054864,-5.344456
14651,,Uzbekistan,Asia,SWBD,1,0,65.15,52.09,1.82,903.83,0,3,13.9,0.008,1307619,239,3.2,198.9,64.68125,38.922917,300014651,HYLA00014651,None,Uzbekistan,AS,Asia,66.29,38.912503,64.662484
14653,,Spain,Europe,SWBD,2,2833,93.14,330.17,9.65,3231.8,3231.8,2,34.7,22.155,1688.3,340,5.14,7426.2,-5.410417,38.910417,300014652,HYLA00014652,None,Spain,EU,Europe,125.7,38.877087,-5.154178
14654,,Greece,Europe,GRanD,2,4026,62.54,165.89,5.92,4750,4750,2,76,56.912,966,267,11.71,3681.5,21.498184,38.888651,300014654,HYLA00014654,None,Greece,EU,Europe,50.87,38.921531,21.502765
14660,,Turkmenistan,Asia,SWBD,1,0,62.53,62.35,2.22,482.57,0,3,7.7,0.181,30858.2,203,1.94,2485.5,64.18281,38.825654,300014660,HYLA00014660,None,Turkmenistan,AS,Asia,65.77,38.795837,64.235401
14667,,Greece,Europe,SWBD,1,0,12.1,25.79,2.09,271.6,0,3,22.4,1.99,1579.6,14,6.94,115.1,21.185417,38.752083,300014667,HYLA00014667,None,Greece,EU,Europe,10.78,38.749309,21.180543
14674,,Turkey,Asia,SWBD,2,4031,35.84,91.51,4.31,1320,1320,2,36.8,24.262,629.7,232,5.28,6430.1,28.315625,38.615304,300014674,HYLA00014674,None,Turkey,AS,Asia,46.02,38.675698,28.380542
14677,,Turkey,Asia,SWBD,1,0,54.17,46.2,1.77,324.94,0,3,6,1.679,2240,74,1.61,372.5,28.055208,38.594659,300014677,HYLA00014677,None,Turkey,AS,Asia,58.26,38.62292,28.011792
14679,Trikhonis,Greece,Europe,SWBD,1,0,91.88,51.06,1.5,2177.59,0,3,23.7,5.191,4855.3,11,4.73,396.1,21.448304,38.551856,1913,GLWD00001913,Trichonis,Greece,EU,Europe,93.73,38.556253,21.542348
14682,Hazar,Turkey,Asia,SWBD,1,0,77.43,51.23,1.64,2720.21,0,3,35.1,1.995,15781.4,1239,6.9,287.9,39.505641,38.502083,300014682,HYLA00014682,Hazar,Turkey,AS,Asia,79.21,38.484031,39.399986
14686,,Greece,Europe,SWBD,1,0,19.69,46.36,2.95,658.05,0,3,33.4,13.758,553.6,71,8.84,2385.4,23.336458,38.417774,300014686,HYLA00014686,None,Greece,EU,Europe,18.76,38.406253,23.243737
14690,,Tajikistan,Asia,SWBD,2,4692,61.97,131.62,4.72,10500,10500,2,169.4,666.923,182.2,864,11.45,30970.5,69.344039,38.368033,300014690,HYLA00014690,None,Tajikistan,AS,Asia,82.88,38.368753,69.42429
14696,,Uzbekistan,Asia,SWBD,2,4693,56.63,35.38,1.33,1525,1525,2,26.9,0.01,1765046,389,1.37,90.4,65.548958,38.328258,3200,GLWD00003200,Talimardzhan,Uzbekistan,AS,Asia,43.3,38.367364,65.565957
14723,,Spain,Europe,SWBD,1,0,17.12,23.45,1.6,32.35,0,3,1.9,0.119,3146.6,-4,0.75,117.7,-0.703687,37.982387,300014723,HYLA00014723,None,Spain,EU,Europe,17.55,37.995142,-0.725011
14741,,Turkey,Asia,SWBD,1,0,43.9,28.07,1.2,1284.86,0,3,29.3,0.531,28005.8,1140,6.65,221.6,29.685417,37.552083,300014741,HYLA00014741,None,Turkey,AS,Asia,44.99,37.547226,29.681931
14743,,Turkey,Asia,SWBD,1,0,63.69,75.66,2.67,1417.78,0,3,22.3,2.601,6308.9,0,4.84,295.4,27.39139,37.533583,300014743,HYLA00014743,None,Turkey,AS,Asia,58.03,37.501392,27.453459
14748,,China,Asia,SWBD,1,0,61.76,41.51,1.49,198.19,0,3,3.2,1.018,2253.3,3173,0.91,5813.5,95.51875,37.477083,300014748,HYLA00014748,None,China,AS,Asia,51.54,37.486809,95.513177
14762,,Spain,Europe,SWBD,2,2904,15.56,58.55,4.19,980,980,2,63,12.556,903.4,396,8.95,4688.7,-4.384305,37.277319,3566,GLWD00003566,Iznajar,Spain,EU,Europe,19.1,37.268753,-4.341678
14763,,Turkey,Asia,SWBD,2,4448,37.16,81.34,3.76,1150,1150,2,30.9,178.644,74.5,135,6.44,14962.8,36.269792,37.273469,300014763,HYLA00014763,None,Turkey,AS,Asia,53.87,37.342364,36.286097
14767,,Turkey,Asia,SWBD,2,4449,62.46,192.06,6.86,2130,2130,2,34.1,93.842,262.7,116,5.74,15267.8,35.278758,37.199845,300014767,HYLA00014767,None,Turkey,AS,Asia,81.27,37.267364,35.42707
14769,Ichkeul,Tunisia,Africa,SWBD,3,3542,87.17,53.25,1.61,1584.95,57,3,18.2,17.787,1031.3,-6,3.68,2211.8,9.755616,37.167722,300014769,HYLA00014769,Ichkeul,Tunisia,AF,Africa,82.4,37.16042,9.666655
14777,,Spain,Europe,SWBD,1,0,10.21,23.28,2.06,31.47,0,3,3.1,0.483,754,406,1.28,146.7,-4.773794,37.086761,300014777,HYLA00014777,None,Spain,EU,Europe,10.73,37.109031,-4.77015
14789,,China,Asia,SWBD,1,0,99.26,62.06,1.76,157.22,0,3,1.6,1.542,1180.1,2679,0.44,14733.9,94.294792,36.999508,300014789,HYLA00014789,None,China,AS,Asia,51.9,37.040976,94.31526
14802,,Turkey,Asia,SWBD,1,0,51.17,51.71,2.04,911.8,0,3,17.8,14.515,727.1,-2,4.18,1016.4,28.632835,36.856235,300014802,HYLA00014802,None,Turkey,AS,Asia,53.97,36.903476,28.653459
14804,,Algeria,Africa,SWBD,1,0,20.07,19.89,1.25,126.19,0,3,6.3,0.747,1955.2,22,2.06,77.6,8.401978,36.824688,300014804,HYLA00014804,None,Algeria,AF,Africa,20.28,36.843059,8.39096
14816,,Tunisia,Africa,SWBD,2,3560,40.11,140.64,6.26,555,555,2,13.8,59.897,107.2,106,5.03,18056.2,9.396811,36.59139,300014816,HYLA00014816,None,Tunisia,AF,Africa,40.35,36.646531,9.376377
14882,,Tunisia,Africa,SWBD,1,0,47.83,35.23,1.44,183.35,0,3,3.8,0.773,2745.3,-11,1.12,900.1,10.952083,35.589583,300014882,HYLA00014882,None,Tunisia,AF,Africa,27.59,35.582642,10.962488
14924,,Morocco,Africa,SWBD,2,2939,27.42,75.43,4.06,807,807,2,29.4,17.812,524.4,51,6.81,1816.2,-5.837829,34.942247,300014924,HYLA00014924,None,Morocco,AF,Africa,36.87,34.94792,-5.69515
14950,,Morocco,Africa,SWBD,2,2943,16.31,34.66,2.42,730,730,2,44.8,79.33,106.5,206,2.51,50243,-2.940765,34.661197,300014950,HYLA00014950,None,Morocco,AF,Africa,28.88,34.638198,-2.949317
14954,Lung Mu,China,Asia,SWBD,1,0,97.7,49.51,1.41,1033.65,0,3,10.6,0.035,341815,5004,2.32,957.2,80.477083,34.61875,1871,GLWD00001871,Lungmu,China,AS,Asia,101.23,34.617365,80.452067
14957,,Morocco,Africa,SWBD,2,2945,74.28,110.9,3.63,3800,3800,2,51.2,38.178,1152,144,5.55,6117.9,-5.193197,34.59401,200000010,CGL200000010,Al-Wahda,Morocco,AF,Africa,108.68,34.581254,-5.136817
15000,,Morocco,Africa,SWBD,2,2946,33.8,66.26,3.21,1270,1270,2,37.6,9.536,1541.4,202,5.23,3625,-4.747964,34.159808,300015000,HYLA00015000,None,Morocco,AF,Africa,34.34,34.129865,-4.7139
15001,,Iraq,Asia,SWBD,2,4471,79.96,75.34,2.38,630,630,2,7.9,276.329,26.4,90,0.97,29744.9,44.969792,34.115102,1293,GLWD00001293,Hamrin,Iraq,AS,Asia,159.79,34.172224,45.019438
15011,,Morocco,Africa,SWBD,2,2948,21.19,102.95,6.31,509,509,2,24,23.603,249.6,49,8.87,9598,-6.747917,33.934641,5600,GLWD00005600,Oued Grou,Morocco,AF,Africa,24.56,33.886809,-6.731261
15014,,China,Asia,SWBD,1,0,67.52,57.52,1.97,157.16,0,3,2.3,1.783,1020.2,4836,0.67,2671.7,87.039583,33.877083,2361,GLWD00002361,Margog,China,AS,Asia,88.96,33.861809,87.014566
15030,,China,Asia,SWBD,1,0,33.01,37,1.82,107.44,0,3,3.3,0,-1,4582,1.05,4927.9,84.58125,33.547917,300015030,HYLA00015030,None,China,AS,Asia,44.05,33.550698,84.584705
15037,,China,Asia,SWBD,1,0,35.22,39.12,1.86,76.54,0,3,2.2,0,-1,4513,0.73,3077.4,84.197917,33.364583,300015037,HYLA00015037,None,China,AS,Asia,44.12,33.36042,84.192344
15062,,China,Asia,SWBD,1,0,57.1,36.49,1.36,140.98,0,3,2.5,6.173,264.3,4822,0.73,1316.5,88.697917,32.98125,3078,GLWD00003078,Ngoinyar,China,AS,Asia,60.89,32.983337,88.692344
15070,,China,Asia,SWBD,1,0,48.63,44.01,1.78,144.36,0,3,3,0.506,3302,4727,0.89,1681.7,88.196046,32.896015,3343,GLWD00003343,Pongyin,China,AS,Asia,58.33,32.902034,88.194427
15092,,Iran,Asia,GRanD,2,4653,72.66,185.89,6.15,3460,3460,2,47.6,239.312,167.3,318,12.38,17424.3,48.460472,32.614789,300015092,HYLA00015092,None,Iran Islamic Republic of,AS,Asia,52.15,32.68542,48.47568
15102,,Morocco,Africa,SWBD,2,2953,86.43,165.77,5.03,2760,2760,2,31.9,71.782,445,274,1.8,28773.5,-7.635382,32.4729,1321,GLWD00001321,Al-Massira,Morocco,AF,Africa,88.69,32.459031,-7.586122
15105,,India,Asia,GRanD,2,4791,43.1,156.47,6.72,3670,3670,2,85.1,169.93,250,464,9.73,6140.9,75.730279,32.447996,300015105,HYLA00015105,None,India,AS,Asia,50.59,32.489587,75.806928
15135,Cam,China,Asia,SWBD,1,0,93.44,47.28,1.38,541.04,0,3,5.8,1.345,4655.8,4340,1.39,2725,83.55625,32.110417,2202,GLWD00002202,Cam,China,AS,Asia,101.02,32.106254,83.548594
15136,,Morocco,Africa,SWBD,2,2955,20.15,62.24,3.91,1484,1484,2,73.7,30.32,566.5,782,6.33,6521.4,-6.462684,32.105745,3586,GLWD00003586,Bin-El-Ouidane,Morocco,AF,Africa,18.72,32.09792,-6.411817
15176,,Iraq,Asia,SWBD,1,0,89.68,65.96,1.96,89.68,0,3,1,4.661,222.7,4,0.25,3547.8,47.570673,31.629718,2365,GLWD00002365,Hawizeh-Marshes,Iran Islamic Republic of;Iraq,AS,Asia,1011.76,31.574474,47.681798
15180,,China,Asia,SWBD,1,0,54.07,33.77,1.3,474.89,0,3,8.8,1.476,3723.9,4464,2.24,905.9,86.727083,31.564583,3394,GLWD00003394,Dangqiong,China,AS,Asia,57.18,31.571532,86.752066
15194,Govind,India,Asia,SWBD,2,4793,91.94,255.94,7.53,9621,9621,2,104.6,731.731,152.2,481,9.98,52623.1,76.435869,31.411296,300015194,HYLA00015194,Govind,India,AS,Asia,135.24,31.415282,76.4729
15200,,Egypt,Africa,SWBD,1,0,73.28,143.62,4.73,73.28,0,3,1,0.056,15146.5,-2,0.3,556.7,32.000624,31.359199,300015200,HYLA00015200,None,Egypt,AF,Africa,63.04,31.327087,31.98957
15226,,Jordan,Asia,SWBD,1,0,75.22,58.75,1.91,141.28,0,3,1.9,0.215,7605.6,-396,0.55,3014.1,35.445704,31.178993,300015213,HYLA00015213,None,Jordan;Israel,AS;AS,Asia,113.23,31.199309,35.47082
15235,,Israel,Asia,SWBD,1,0,10.47,14.72,1.28,13.01,0,3,1.2,3.089,48.7,-394,0.58,11121.5,35.405208,31.112834,300015221,HYLA00015221,None,Israel;Jordan,AS;AS,Asia,153.16,31.101393,35.422903
15243,,Egypt,Africa,SWBD,1,0,34.58,64.08,3.07,94.81,0,3,2.7,2.007,546.7,-4,0.89,904.5,29.739189,31.061119,300015243,HYLA00015243,None,Egypt,AF,Africa,49.88,31.002087,29.665959
15254,,Egypt,Africa,SWBD,1,0,24.19,49.74,2.85,39.65,0,3,1.6,0.557,823.9,-2,0.62,340,29.513542,30.931766,300015254,HYLA00015254,None,Egypt,AF,Africa,26.68,30.896532,29.448598
15257,,China,Asia,SWBD,1,0,56.08,38.34,1.44,271.58,0,3,4.8,3.792,828.9,4658,1.32,1937.9,89.77871,30.910052,300015257,HYLA00015257,None,China,AS,Asia,57.44,30.931254,89.838872
15265,,China,Asia,SWBD,1,0,65.39,60.9,2.12,1313.15,0,3,20.1,1.003,15153,4657,4.4,649.1,84.890835,30.793304,300015265,HYLA00015265,None,China,AS,Asia,66.23,30.762504,84.981927
15273,,Iraq,Asia,SWBD,1,0,44.16,32.39,1.37,90.99,0,3,2.1,0,-1,0,0.66,9431.4,46.701969,30.692819,1482,GLWD00001482,None,Iraq,AS,Asia,42.27,30.682643,46.65068
15293,,Iran,Asia,SWBD,1,0,57.19,52.71,1.97,57.19,0,3,1,0.181,3657,-2,0.3,523.2,48.11875,30.515532,300015283,HYLA00015283,None,Iran Islamic Republic of,AS,Asia,70.68,30.620837,48.136791
15361,,India,Asia,SWBD,2,4796,47.16,119.21,4.9,2450,2450,2,52,54.203,523.2,347,6.74,3210,78.760167,29.520704,300015361,HYLA00015361,None,India,AS,Asia,69.42,29.582643,78.782622
15374,Al Fayyum,Egypt,Africa,SWBD,2,4475,49.78,37.29,1.49,1295.7,1295.7,2,26,0.009,1666281,-14,1.15,258.4,30.454033,29.230288,300015374,HYLA00015374,Al Fayyum,Egypt,AF,Africa,51.03,29.239587,30.486098
15376,,Egypt,Africa,SWBD,1,0,27.52,40.42,2.17,100.22,0,3,3.6,0,-1,-18,1.2,5108.6,25.50484,29.21414,300015376,HYLA00015376,None,Egypt,AF,Africa,24.45,29.214587,25.469431
15380,Wadi Al Rayan,Egypt,Africa,SWBD,2,4476,50.34,44.74,1.78,1308.2,1308.2,2,26,0.107,141506.6,-36,1.19,3212.1,30.397917,29.18125,300015380,HYLA00015380,Wadi Al Rayan,Egypt,AF,Africa,52.67,29.145143,30.406237
15403,,India,Asia,SWBD,2,4801,45.73,62.62,2.61,406.3,406.3,2,8.9,2.031,2315.4,187,2.05,104.2,80.108476,28.762638,300015403,HYLA00015403,None,India,AS,Asia,47.2,28.771532,80.082622
15419,,China,Asia,SWBD,1,0,49.37,36.93,1.48,658,0,3,13.3,14.443,527.3,4422,3.27,1067.3,88.247917,28.402083,300015419,HYLA00015419,None,China,AS,Asia,59.37,28.410421,88.232622
15458,,Pakistan,Asia,SWBD,1,0,90.14,87.42,2.6,117.02,0,3,1.3,69.083,19.6,32,0.38,95542.1,67.696496,26.413918,2923,GLWD00002923,Manchar,Pakistan,AS,Asia,141.09,26.432643,67.636095
15469,,India,Asia,GRanD,2,4812,59.39,75.5,2.76,1095.8,1095.8,2,18.5,16.711,759,308,1.91,27657.3,75.458686,25.92453,300015469,HYLA00015469,None,India,AS,Asia,57.64,25.88056,75.397206
15490,Matatila,India,Asia,SWBD,2,4826,65.6,156.65,5.46,1132.7,1132.7,2,17.3,274.028,47.8,299,0.87,20389,78.371526,25.097261,1501,GLWD00001501,Matatila-Dam,India,AS,Asia,117.8,25.053476,78.323595
15502,Rajghat,India,Asia,SWBD,2,4842,46.72,98.05,4.05,2172,2172,2,46.5,247.576,101.5,354,0.62,16816.9,78.231178,24.76032,300015502,HYLA00015502,Rajghat,India,AS,Asia,168.38,24.677088,78.274289
15530,Maithon Reservoir,India,Asia,SWBD,2,4862,76.11,173.32,5.6,1369.2,1369.2,2,18,105.589,150.1,148,1.99,6398.8,86.813427,23.78699,300015530,HYLA00015530,Maithon,India,AS,Asia,75.18,23.847921,86.794427
15536,Mahi Bajaj Sagar Reservoir,India,Asia,SWBD,2,4728,42.77,148.18,6.39,419.1,419.1,2,9.8,80.032,60.6,263,1.98,6246.2,74.548167,23.626479,300015536,HYLA00015536,Mahi Bajaj Sagar,India,AS,Asia,76.59,23.575699,74.554845
15538,,India,Asia,SWBD,2,4868,34.62,80.84,3.88,252.8,252.8,2,7.3,12.063,242.6,454,0.97,737.1,77.550653,23.501459,300015538,HYLA00015538,None,India,AS,Asia,47.68,23.482643,77.495122
15552,,India,Asia,SWBD,2,4876,46.63,126.42,5.22,539,539,2,11.6,23.048,270.7,343,2.67,1180,78.06275,23.053312,300015552,HYLA00015552,None,India,AS,Asia,56.37,23.081254,78.028456
15554,,India,Asia,SWBD,2,4878,33.55,103.44,5.04,1960.6,1960.6,2,58.4,137.411,165.1,175,1.44,5767.5,86.022739,22.977484,300015554,HYLA00015554,None,India,AS,Asia,47.63,23.031254,86.005539
15582,,India,Asia,SWBD,1,0,60.33,63.7,2.31,181.11,0,3,3,0.368,5696.2,0,0.86,395.3,69.167225,22.285156,300015582,HYLA00015582,None,India,AS,Asia,65.01,22.19306,69.147901
15606,,India,Asia,SWBD,2,4908,61.94,120.26,4.31,790,790,2,12.8,40.514,225.7,335,1.59,4185.6,78.061539,21.274697,300015606,HYLA00015606,None,India,AS,Asia,66.32,21.317366,78.055539
15638,,India,Asia,SWBD,2,4937,81.78,179.55,5.6,1254,1254,2,15.3,22.189,654.1,439,2.53,4436.1,77.434375,19.727915,300015638,HYLA00015638,None,India,AS,Asia,91.44,19.793754,77.323595
15639,,India,Asia,SWBD,2,4938,82.31,184.27,5.73,934.3,934.3,2,11.4,21.096,512.6,461,1.28,7384.3,76.730208,19.720464,300015639,HYLA00015639,None,India,AS,Asia,87.48,19.765977,76.7104
15650,,India,Asia,SWBD,2,4944,46.58,105.13,4.35,453.6,453.6,2,9.7,20.5,256.1,429,0.56,3865.3,76.187625,19.162202,300015650,HYLA00015650,None,India,AS,Asia,69.84,19.132643,76.158317
15672,,India,Asia,SWBD,2,4953,49.45,82.27,3.3,680.1,680.1,2,13.8,41.997,187.4,275,0.78,4648,79.130549,18.397491,300015672,HYLA00015672,None,India,AS,Asia,50.72,18.37431,79.127067
15714,,India,Asia,SWBD,2,4988,27.56,92.89,4.99,338.1,338.1,2,12.3,1282.316,3.1,316,0.8,129297.6,77.701652,16.335441,300015714,HYLA00015714,None,India,AS,Asia,64.75,16.359032,77.652067
15716,,Mali,Africa,SWBD,1,0,85.75,70.07,2.13,192.75,0,3,2.2,0.442,5047.4,261,0.62,416.4,-3.682188,16.201514,2427,GLWD00002427,Fati,Mali,AF,Africa,28.02,16.269449,-3.68265
15748,,India,Asia,SWBD,2,4997,61.36,73.89,2.66,2210,2210,2,36,109.564,233.5,86,4.62,51084.1,79.304642,14.488236,300015748,HYLA00015748,None,India,AS,Asia,161.79,14.460422,79.246511
15751,,India,Asia,SWBD,1,0,24.17,47.53,2.73,64.65,0,3,2.7,2.878,260,63,0.94,378.3,79.621452,14.335417,300015751,HYLA00015751,None,India,AS,Asia,90.99,14.338894,79.57915
15763,,Senegal,Africa,SWBD,1,0,37.92,114.57,5.25,94.62,0,3,2.5,4.258,257.2,0,0.81,3216.3,-15.757751,13.590554,300015763,HYLA00015763,None,Gambia;Senegal,AF,Africa,59.46,13.695144,-15.680566
15798,,Nigeria,Africa,SWBD,2,3608,28.77,43.86,2.31,177,177,2,6.2,3.107,659.4,493,0.55,2517.1,7.465834,12.364583,300015798,HYLA00015798,None,Nigeria,AF,Africa,28.06,12.367366,7.506238
15805,,Nigeria,Africa,SWBD,2,3621,65.19,109.71,3.83,930,930,2,14.3,21.066,511,521,0.75,3843.5,8.027022,11.722874,300015805,HYLA00015805,None,Nigeria,AF,Africa,88.71,11.697922,8.006932
15806,,Nigeria,Africa,SWBD,1,0,13.97,27.52,2.08,15.5,0,3,1.1,1.003,178.9,328,0.49,528.3,13.284926,11.722058,300015806,HYLA00015806,None,Nigeria,AF,Africa,22.59,11.694449,13.275682
15807,,Djibouti,Africa,SWBD,1,0,64.4,39.81,1.4,694.64,0,3,10.8,0,-1,-154,2.58,2877.1,42.410417,11.664583,3373,GLWD00003373,Assal,Djibouti,AF,Africa,68.43,11.656255,42.411791
15811,,India,Asia,SWBD,2,5015,29.12,66.33,3.47,929,929,2,31.9,19.087,563.3,267,1.31,4116.5,77.110417,11.46875,300015811,HYLA00015811,None,India,AS,Asia,48.27,11.436116,77.065261
15812,,Ethiopia,Africa,SWBD,1,0,34.59,44.46,2.13,990.71,0,3,28.6,137.772,83.2,339,6.86,66894.3,41.642337,11.465998,300015812,HYLA00015812,None,Ethiopia,AF,Africa,44.34,11.420144,41.684014
15815,,Ethiopia,Africa,SWBD,1,0,22,21.68,1.3,80.98,0,3,3.7,141.147,6.6,339,1.27,67189.8,41.589583,11.34888,300015815,HYLA00015815,None,Ethiopia,AF,Africa,23.97,11.371533,41.601375
15827,Yardi,Ethiopia,Africa,SWBD,3,4484,91.6,53.69,1.58,2436.55,2322.8,3,26.6,2.58,10930.5,561,0.37,1358.2,40.541843,10.233156,2395,GLWD00002395,Caddabassa,Ethiopia,AF,Africa,91.31,10.201394,40.474291
15836,,Nigeria,Africa,SWBD,2,3642,68.52,84.27,2.87,615,615,2,9,207.621,34.3,170,0.64,52133.1,12.014555,9.685444,300015836,HYLA00015836,None,Nigeria,AF,Africa,74.86,9.777088,12.01596
15852,,Ethiopia,Africa,SWBD,1,0,38.35,47.39,2.16,158.82,0,3,4.1,0.375,4902,953,1.25,272.2,39.892254,8.866185,300015852,HYLA00015852,None,Ethiopia,AF,Africa,42.41,8.870144,39.865958
15873,,Sri Lanka,Asia,SWBD,2,5048,48.59,122.37,4.95,596.6,596.6,2,12.3,11.132,620.3,95,1.96,476.1,81.213197,7.647458,300015873,HYLA00015873,None,Sri Lanka,AS,Asia,53.86,7.582644,81.19165
15883,,Ethiopia,Africa,SWBD,2,4490,40.65,101.38,4.49,750,750,2,18.4,18.172,477.7,2324,1.65,4422.4,39.429363,7.176584,300015883,HYLA00015883,None,Ethiopia,AF,Africa,40.89,7.128478,39.387486
15923,,Uganda,Africa,SWBD,1,0,24.14,32.32,1.86,26.64,0,3,1.1,5.256,58.7,1035,0.44,1459.9,33.679033,1.322961,300015923,HYLA00015923,None,Uganda,AF,Africa,23.38,1.343756,33.712486
15926,Nakuwa,Uganda,Africa,SWBD,1,0,89.72,137.84,4.11,132.1,0,3,1.5,62.237,24.6,1035,0.43,10761,33.438573,1.291975,300015926,HYLA00015926,Nakuwa,Uganda,AF,Africa,84.51,1.1882,33.477764
15943,,Kenya,Africa,SWBD,1,0,36.25,51.8,2.43,841.32,0,3,23.2,6.12,1591.1,990,5.66,760.7,36.102083,0.260417,4953,GLWD00004953,Bogoria,Kenya,AF,Africa,34.31,0.262506,36.100681
15950,,Kenya,Africa,SWBD,1,0,41.03,27.49,1.21,318.14,0,3,7.8,11.893,309.6,1755,2.13,1665.5,36.09375,-0.364583,300015950,HYLA00015950,None,Kenya,AF,Africa,40.55,-0.353466,36.090958
15961,Tana,Kenya,Africa,SWBD,2,4499,69.71,202.33,6.84,1560,1560,2,22.4,75.31,239.7,1046,2.65,7246.9,37.585347,-0.881295,300015961,HYLA00015961,Tana,Kenya,AF,Africa,57.43,-0.8993,37.478458
16011,,Kenya,Africa,SWBD,1,0,24.86,43.17,2.44,48.5,0,3,2,11.984,46.8,705,0.71,3961,37.74375,-3.561786,300016011,HYLA00016011,None,Tanzania United Republic of;Kenya,AF,Africa,28.75,-3.604855,37.759014
16023,Kitangiri,United Republic of Tanzania,Africa,SWBD,1,0,66.95,89.6,3.09,66.95,0,3,1,123.369,6.3,1039,0.28,45378.4,34.369792,-4.0156,300016023,HYLA00016023,Kitangiri,Tanzania United Republic of,AF,Africa,80.34,-4.089577,34.305542
16144,,Australia,Oceania,SWBD,1,0,73.38,152.06,5.01,107.26,0,3,1.5,41.198,30.1,2,0.44,1362.4,141.487005,-13.84937,300016144,HYLA00016144,None,Australia,OC,Oceania,78.51,-13.845132,141.514563
16158,,Australia,Oceania,SWBD,1,0,58.87,173.99,6.4,142.42,0,3,2.4,22.652,72.8,0,0.72,4495.5,135.398773,-14.933883,300016158,HYLA00016158,None,Australia,OC,Oceania,62.49,-14.877077,135.333313
16190,,Madagascar,Africa,SWBD,1,0,21.82,42.15,2.55,88.35,0,3,4,4.829,211.8,4,1.38,260.9,44.80184,-16.297951,300016190,HYLA00016190,None,Madagascar,AF,Africa,20.67,-16.336104,44.805541
16206,,Australia,Oceania,SWBD,1,0,39.63,137.78,6.17,39.63,0,3,1,2.353,194.9,-1,0.3,422.2,139.084455,-17.022977,300016204,HYLA00016204,None,Australia,OC,Oceania,74.34,-16.990965,139.039563
16234,,Madagascar,Africa,SWBD,1,0,26.28,70.01,3.85,67.14,0,3,2.6,37.75,20.6,4,0.89,4234.1,44.291533,-18.789117,300016234,HYLA00016234,None,Madagascar,AF,Africa,74.19,-18.765965,44.314569
16239,,Madagascar,Africa,SWBD,1,0,30.82,48.03,2.44,232.75,0,3,7.6,17.964,150,1220,2.21,664.7,46.743808,-19.031035,300016239,HYLA00016239,None,Madagascar,AF,Africa,33.98,-19.06041,46.80068
16245,,Madagascar,Africa,SWBD,1,0,21.3,71.9,4.39,67.29,0,3,3.2,17.242,45.2,19,1.12,1451.3,45.007251,-19.66483,300016245,HYLA00016245,None,Madagascar,AF,Africa,22.42,-19.632632,44.997902
16246,,Madagascar,Africa,SWBD,1,0,30.05,56.74,2.92,196.12,0,3,6.5,1.693,1340.8,1,1.96,188.3,44.568484,-19.679437,300016246,HYLA00016246,None,Madagascar,AF,Africa,22.65,-19.619437,44.57568
16247,,Madagascar,Africa,SWBD,1,0,21.86,51.07,3.08,111.84,0,3,5.1,3.069,421.8,7,1.69,362.6,44.714586,-19.710405,300016247,HYLA00016247,None,Madagascar,AF,Africa,20.37,-19.752076,44.737486
16282,,Zimbabwe,Africa,SWBD,1,0,20.29,49.55,3.1,57.43,0,3,2.8,12.715,52.3,554,1.03,12791.9,29.705208,-21.842721,300016282,HYLA00016282,None,Zimbabwe,AF,Africa,22.97,-21.802076,29.684014
16286,,Mozambique,Africa,SWBD,1,0,23.59,59.52,3.46,38.99,0,3,1.7,8.49,53.1,117,0.63,2275.5,33.914573,-22.164594,300016286,HYLA00016286,None,Mozambique,AF,Africa,32.1,-22.150687,33.912486
16306,,Mozambique,Africa,SWBD,1,0,15.61,20.74,1.48,36.24,0,3,2.3,1.921,218.3,60,0.92,289.1,35.022917,-24.347917,300016306,HYLA00016306,None,Mozambique,AF,Africa,35.26,-24.347909,35.000681
16310,,Mozambique,Africa,SWBD,1,0,69.93,175.75,5.93,704.88,0,3,10.1,60.295,135.3,0,2.39,13805.8,35.004711,-24.497279,300016310,HYLA00016310,None,Mozambique,AF,Africa,93.45,-24.531243,34.806236
16311,,Mozambique,Africa,SWBD,1,0,54.28,100.01,3.83,135.08,0,3,2.5,7.912,197.6,11,0.75,3720.5,33.416997,-24.517524,300016311,HYLA00016311,None,Mozambique,AF,Africa,58.31,-24.464576,33.262486
16312,Poelela,Mozambique,Africa,SWBD,1,0,87.94,59.6,1.79,398.36,0,3,4.5,66.276,69.6,0,1.13,14468.5,35.09375,-24.587696,1616,GLWD00001616,Poelela,Mozambique,AF,Africa,110.87,-24.542354,35.051375
16314,,Mozambique,Africa,SWBD,1,0,20.37,30.52,1.91,247.56,0,3,12.2,66.871,42.8,0,3.65,14566.7,34.903346,-24.693049,300016314,HYLA00016314,None,Mozambique,AF,Africa,22.77,-24.665965,34.965751
16320,,Mozambique,Africa,SWBD,1,0,28.91,29.32,1.54,363.68,0,3,12.6,67.642,62.2,0,3.49,14702,34.656322,-24.78534,300016320,HYLA00016320,None,Mozambique,AF,Africa,52.5,-24.754854,34.72707
16322,,South Africa,Africa,SWBD,2,4138,30.94,54.84,2.78,230,230,2,7.4,3.05,872.8,961,1.52,8630.8,26.455762,-24.873715,300016322,HYLA00016322,None,South Africa,AF,Africa,33.93,-24.93402,26.441653
16328,,Mozambique,Africa,SWBD,1,0,94.06,274.24,7.98,219.84,0,3,2.3,149.269,17,16,0.63,43559.7,32.922917,-25.064636,300016328,HYLA00016328,None,Mozambique,AF,Africa,101.11,-24.986798,32.879847
16329,,South Africa,Africa,SWBD,2,4140,29.99,55.57,2.86,205.8,205.8,2,6.9,2.22,1072.9,944,1.05,3676.2,28.917429,-25.0979,300016329,HYLA00016329,None,South Africa,AF,Africa,30.11,-25.113187,28.875681
16330,,Madagascar,Africa,SWBD,1,0,23.8,40.93,2.37,138.06,0,3,5.8,11.907,134.2,0,1.86,599.2,46.497757,-25.155845,300016330,HYLA00016330,None,Madagascar,AF,Africa,21.83,-25.127076,46.481236
16331,,Mozambique,Africa,SWBD,2,4586,68.93,90.35,3.07,1273,1273,2,18.5,24.417,603.4,115,2.26,6625.5,32.130201,-25.218957,300016331,HYLA00016331,None,Mozambique;South Africa,AF,Africa,71.8,-25.17152,32.081236
16337,,South Africa,Africa,SWBD,2,4148,23.55,64.97,3.78,348.1,348.1,2,14.8,7.9,510,1005,5.99,12288,29.357292,-25.419399,7840,GLWD00007840,Loskop,South Africa,AF,Africa,20.87,-25.442354,29.290264
16342,,South Africa,Africa,SWBD,2,4159,16.88,36.75,2.52,198.3,198.3,2,11.7,3.349,685.3,1164,2.79,4042.3,27.851129,-25.728437,10694,GLWD00010694,Hartbeespoort,South Africa,AF,Africa,18.14,-25.750687,27.856237
16351,,Mozambique,Africa,SWBD,2,4598,36.04,74.46,3.5,357,357,2,9.9,19.941,207.2,47,1.86,3270.2,32.243749,-26.097917,300016351,HYLA00016351,None,Mozambique,AF,Africa,38.8,-26.129854,32.217348
16355,,Australia,Oceania,SWBD,1,0,53.82,121.71,4.68,366.91,0,3,6.8,0,-1,12,1.8,1939.9,137.78125,-26.302083,300016355,HYLA00016355,None,Australia,OC,Oceania,70.66,-26.29652,137.740257
16359,,Australia,Oceania,SWBD,1,0,60.03,92.88,3.38,354.83,0,3,5.9,0.071,57842.3,31,1.55,161.5,139.44375,-26.360417,300016359,HYLA00016359,None,Australia,OC,Oceania,78.11,-26.393743,139.46248
16361,,Australia,Oceania,SWBD,1,0,68.67,130.76,4.45,380.48,0,3,5.5,0,-1,11,1.42,652.4,137.760417,-26.45625,300016361,HYLA00016361,None,Australia,OC,Oceania,87.12,-26.422909,137.740952
16362,,Mozambique,Africa,SWBD,1,0,29.1,33.98,1.78,446.35,0,3,15.3,0.265,19494.7,4,4.14,84.5,32.89602,-26.537069,300016362,HYLA00016362,None,Mozambique,AF,Africa,29.62,-26.57777,32.876375
16364,,Australia,Oceania,SWBD,1,0,80.4,145.15,4.57,647.31,0,3,8.1,0,-1,7,1.91,7171,137.572917,-26.685417,300016364,HYLA00016364,None,Australia,OC,Oceania,103.28,-26.64027,137.553452
16368,,Australia,Oceania,SWBD,1,0,61.26,81.99,2.96,265.44,0,3,4.3,0.033,93098.3,9,1.18,262.8,137.452083,-26.827083,300016368,HYLA00016368,None,Australia,OC,Oceania,70.87,-26.80277,137.44373
16372,,South Africa,Africa,SWBD,1,0,30.45,23.29,1.19,420.51,0,3,13.8,2.658,1831.1,2,3.74,503.5,32.842708,-26.956871,300016372,HYLA00016372,None,South Africa,AF,Africa,31.47,-26.987493,32.836792
16374,,South Africa,Africa,SWBD,2,4609,48.19,109.77,4.46,500,500,2,10.4,7.157,808.6,1306,1.93,1134.9,30.52206,-26.99352,300016374,HYLA00016374,None,South Africa,AF,Africa,50.46,-27.036798,30.452764
16382,,Australia,Oceania,SWBD,1,0,54.19,65.3,2.5,398.08,0,3,7.3,0.028,164550.3,8,1.91,261.7,137.24375,-27.127083,300016382,HYLA00016382,None,Australia,OC,Oceania,62.79,-27.108326,137.233313
16387,,Australia,Oceania,SWBD,1,0,45.5,57.46,2.4,379.92,0,3,8.3,0.021,209392.3,5,2.22,173.8,137.127083,-27.264583,300016387,HYLA00016387,None,Australia,OC,Oceania,51.17,-27.29652,137.160396
16389,Sibayi,South Africa,Africa,SWBD,1,0,61.35,112.11,4.04,703.53,0,3,11.5,3.618,2250.6,19,2.74,637.5,32.69375,-27.35625,300016389,HYLA00016389,Sibayi,South Africa,AF,Africa,67.68,-27.345131,32.686097
16391,,Australia,Oceania,SWBD,1,0,43.09,63.76,2.74,216.82,0,3,5,0.123,20402.6,-1,1.45,211.5,137.435417,-27.40625,300016391,HYLA00016391,None,Australia,OC,Oceania,47.54,-27.407631,137.428452
16392,,Australia,Oceania,SWBD,1,0,53.96,83.7,3.21,259.01,0,3,4.8,0.333,9002.4,-1,1.32,582.8,137.710417,-27.422917,300016392,HYLA00016392,None,Australia,OC,Oceania,65.91,-27.460409,137.796507
16400,,South Africa,Africa,SWBD,2,4199,29.75,69.76,3.61,198.4,198.4,2,6.7,2.102,1092.4,1247,1.73,849.7,29.947326,-27.956296,300016400,HYLA00016400,None,South Africa,AF,Africa,32.82,-27.992354,29.911792
16402,,Australia,Oceania,SWBD,1,0,79.93,72.19,2.28,455.19,0,3,5.7,0.122,43183.2,-4,1.41,701.4,137.897917,-28.014583,300016402,HYLA00016402,None,Australia,OC,Oceania,86.97,-27.981242,137.851369
16405,,Australia,Oceania,SWBD,1,0,61.58,56.26,2.02,486.32,0,3,7.9,0.129,43633,-3,1.98,1082.1,138.277083,-28.077083,300016405,HYLA00016405,None,Australia,OC,Oceania,67.16,-28.072909,138.261785
16406,,South Africa,Africa,SWBD,2,4204,23.01,42.65,2.51,61.3,61.3,2,2.7,30.348,23.4,1044,0.93,27031.8,24.502825,-28.122409,300016406,HYLA00016406,None,South Africa,AF,Africa,25.82,-28.075687,24.553459
16410,,South Africa,Africa,SWBD,2,4211,22.3,58.52,3.5,182.6,182.6,2,8.2,1.562,1353,1369,1.78,3664.4,27.148175,-28.289675,300016410,HYLA00016410,None,South Africa,AF,Africa,23.38,-28.300687,27.209015
16412,,South Africa,Africa,SWBD,2,4212,63.81,99.99,3.53,2620,2620,2,41.1,1.021,29700.4,1700,6.71,193.6,29.019792,-28.390297,300016412,HYLA00016412,None,South Africa,AF,Africa,67.14,-28.467354,29.025681
16413,,Australia,Oceania,SWBD,1,0,60.8,42.49,1.54,401.15,0,3,6.6,0.089,52167.5,-6,1.7,225.7,138.210417,-28.414583,300016413,HYLA00016413,None,Australia,OC,Oceania,65.77,-28.424992,138.217341
16415,,South Africa,Africa,SWBD,2,4213,19.84,59.32,3.76,224.1,224.1,2,11.3,1.974,1314,1330,1.34,4757.3,26.778635,-28.511771,300016415,HYLA00016415,None,South Africa,AF,Africa,27.85,-28.554854,26.838876
16424,,South Africa,Africa,SWBD,2,4221,27.54,80.17,4.31,381,381,2,13.8,6.126,719.8,1176,3.24,1184.6,29.24351,-28.760109,300016424,HYLA00016424,None,South Africa,AF,Africa,29.68,-28.729854,29.218042
16430,,Australia,Oceania,SWBD,1,0,40.83,55.04,2.43,195.8,0,3,4.8,0.145,15628.7,-4,1.4,865.1,138.189583,-28.864583,300016430,HYLA00016430,None,Australia,OC,Oceania,47.82,-28.903465,138.172896
16432,,Australia,Oceania,SWBD,1,0,63.17,76.42,2.71,261,0,3,4.1,0.031,97444.9,-7,1.12,266.5,137.985417,-28.86875,300016432,HYLA00016432,None,Australia,OC,Oceania,70.61,-28.857631,137.986785
16453,,Australia,Oceania,SWBD,1,0,82.46,73.11,2.27,82.46,0,3,1,125.198,7.6,78,0.3,71783.1,142.91875,-29.35625,300016453,HYLA00016453,None,Australia,OC,Oceania,82.55,-29.335409,142.908313
16455,,South Africa,Africa,SWBD,2,4617,22.6,33.7,2,289.2,289.2,2,12.8,7.292,459,657,5.27,1657.9,30.425415,-29.430711,300016455,HYLA00016455,None,South Africa,AF,Africa,23.48,-29.435409,30.409014
16471,Narran,Australia,Oceania,SWBD,1,0,67.09,49.19,1.69,120.91,0,3,1.8,3.722,376,118,0.54,5471,147.282485,-29.852083,1726,GLWD00001726,Terewah,Australia,OC,Oceania,67.62,-29.861798,147.335396
16478,R.K. Roux,South Africa,Africa,SWBD,2,4254,97.61,321.92,9.19,3240,3240,2,33.2,170.068,220.5,1165,9.12,89541.9,24.732589,-29.993502,300016478,HYLA00016478,R.K. Roux,South Africa,AF,Africa,129.07,-30.167353,24.816654
16482,,Australia,Oceania,SWBD,1,0,51.29,30.87,1.22,274.88,0,3,5.4,2.127,1495.7,75,1.47,2999.3,142.13125,-30.097917,300016482,HYLA00016482,None,Australia,OC,Oceania,54.19,-30.088881,142.133313
16504,,Australia,Oceania,SWBD,1,0,84.53,94.28,2.89,802.79,0,3,9.5,0,-1,117,2.18,792.4,136.152083,-30.777083,300016504,HYLA00016504,None,Australia,OC,Oceania,90.58,-30.831242,136.092341
16505,,Australia,Oceania,SWBD,1,0,44.78,49.13,2.07,112.12,0,3,2.5,55.645,23.3,80,0.78,59266.9,143.59375,-30.802083,300016505,HYLA00016505,None,Australia,OC,Oceania,48.03,-30.768742,143.596507
16516,,Australia,Oceania,SWBD,1,0,26.23,85.73,4.72,48.02,0,3,1.8,0,-1,125,0.67,4309.9,135.155925,-31.166467,300016516,HYLA00016516,None,Australia,OC,Oceania,44.99,-31.229853,135.118035
16520,,Australia,Oceania,SWBD,1,0,65.36,85.8,2.99,154.63,0,3,2.4,0.378,4734.7,294,0.69,907.4,150.234309,-31.297917,300016520,HYLA00016520,None,Australia,OC,Oceania,68.01,-31.27152,150.163173
16532,,Australia,Oceania,SWBD,1,0,55.45,110.81,4.2,92.75,0,3,1.7,0.024,44726.9,75,0.53,228.4,143.949,-31.58582,300016532,HYLA00016532,None,Australia,OC,Oceania,58.17,-31.639576,144.030535
16537,,Australia,Oceania,SWBD,1,0,51.34,70.81,2.79,216.43,0,3,4.2,0,-1,62,1.2,208.9,137.177021,-31.731338,300016537,HYLA00016537,None,Australia,OC,Oceania,62.62,-31.772909,137.138869
16550,,Australia,Oceania,SWBD,1,0,19.95,18.43,1.16,82.82,0,3,4.2,0.021,45647.2,60,1.44,41.4,142.531305,-32.293688,1409,GLWD00001409,Tandure,Australia,OC,Oceania,20.11,-32.273603,142.545118
16551,,Australia,Oceania,SWBD,1,0,65.68,31.63,1.1,317.51,0,3,4.8,0.272,13510.7,61,1.28,1400.8,142.497917,-32.301591,300016551,HYLA00016551,None,Australia,OC,Oceania,65.74,-32.274992,142.465257
16566,,Australia,Oceania,SWBD,1,0,86.88,38.79,1.17,471.45,0,3,5.4,1.074,5080.7,60,1.33,2130.5,142.220389,-32.525291,300016566,HYLA00016566,None,Australia,OC,Oceania,86.73,-32.470131,142.231229
16573,Burrendong,Australia,Oceania,SWBD,2,6599,62.2,204.9,7.33,1679,1679,2,27,15.299,1270.2,342,6.5,13780.1,149.110424,-32.66907,300016573,HYLA00016573,Burrendong,Australia,OC,Oceania,62,-32.70902,149.177757
16591,,Australia,Oceania,SWBD,1,0,56.5,52.77,1.98,143.14,0,3,2.5,0.031,53442.1,41,0.75,508.7,141.731093,-33.164273,300016591,HYLA00016591,None,Australia,OC,Oceania,56.26,-33.124298,141.728452
16602,,Australia,Oceania,SWBD,1,0,50.6,42.17,1.67,147.19,0,3,2.9,0.038,44829.8,134,0.87,429.3,145.940396,-33.428971,300016602,HYLA00016602,None,Australia,OC,Oceania,53.87,-33.485409,145.972201
16605,,Australia,Oceania,SWBD,1,0,81.47,68.61,2.14,156.61,0,3,1.9,7.303,248.2,203,0.55,9834.2,147.411949,-33.574789,300016605,HYLA00016605,None,Australia,OC,Oceania,82.41,-33.628464,147.452757
16623,,Australia,Oceania,SWBD,1,0,20.56,72.46,4.51,31.47,0,3,1.5,1.386,262.8,41,0.6,3935.1,142.827017,-35.302297,300016622,HYLA00016622,None,Australia,OC,Oceania,124.67,-35.339575,142.854146
16631,,Australia,Oceania,SWBD,2,6634,54.86,49.45,1.88,365,365,2,6.7,2.029,2082.1,163,1.16,346.4,146.023146,-36.464587,2232,GLWD00002232,Mokoan,Australia,OC,Oceania,56.22,-36.447909,146.084007
169767,,Croatia,Europe,SWBD,2,3842,9.75,21.76,1.97,51,51,2,5.2,261.803,2.3,166,0.5,15610,16.468226,46.307632,300169767,HYLA00169767,None,Croatia,EU,Europe,10.04,46.314586,16.413182
170358,,Italy,Europe,SWBD,1,0,2.35,8.76,1.61,19.12,0,3,8.1,0.249,888.8,268,4.34,7,8.667793,45.80049,207199,GLWD00207199,Monate,Italy,EU,Europe,2.53,45.793753,8.662488
170373,,Italy,Europe,SWBD,1,0,1.33,4.81,1.18,10.42,0,3,7.8,0.727,165.9,257,5.08,26.6,9.226004,45.788612,207245,GLWD00207245,Alserio,Italy,EU,Europe,1.2,45.785419,9.213182
170784,,Italy,Europe,SWBD,1,0,1.48,5.29,1.23,4.18,0,3,2.8,0.327,148.1,224,1.47,14.2,7.921285,45.328292,208375,GLWD00208375,Candia,Italy,EU,Europe,1.51,45.327086,7.913877
170811,,Romania,Europe,SWBD,1,0,8.43,19.97,1.94,8.87,0,3,1.1,0.054,1900.8,-1,0.25,64.5,29.36519,45.309531,208447,GLWD00208447,Matita,Romania,EU,Europe,8.26,45.293753,29.373598
170907,,Romania,Europe,SWBD,1,0,9.22,13.79,1.28,10.16,0,3,1.1,0.027,4356.2,-1,0.25,25.4,29.143217,45.218711,208662,GLWD00208662,Fortuna,Romania,EU,Europe,8.52,45.213197,29.124987
170999,,Italy,Europe,SWBD,1,0,5.86,33.74,3.93,14.01,0,3,2.4,54.949,3,15,0.74,2772.4,10.822507,45.131727,208840,GLWD00208840,Mantuas,Italy,EU,Europe,5.56,45.150003,10.808321
171064,,Romania,Europe,SWBD,1,0,8.42,12.44,1.21,8.34,0,3,1,0.253,381.7,-1,0.23,298.5,29.501016,45.057636,209099,GLWD00209099,Puiu,Romania,EU,Europe,8.51,45.050003,29.478459
171715,,France,Europe,SWBD,2,3452,6.44,20.69,2.3,125,125,2,19.4,1.75,826.7,136,6.15,78.6,3.401126,43.655079,100000029,GLBL00000029,Salagou,France,EU,Europe,7.54,43.656253,3.372905
172048,,France,Europe,SWBD,2,3465,1.3,13.39,3.31,26,26,2,19.9,6.411,46.9,168,12.1,401.2,2.589802,42.743582,100000005,GLBL00000005,Agli-Reservoir,France,EU,Europe,1.18,42.743753,2.590961
172215,,Spain,Europe,SWBD,1,0,3.38,8.73,1.34,58.72,0,3,17.4,2.324,292.4,1006,9.36,124.6,-6.699847,42.120602,213513,GLWD00213513,Sanabria,Spain,EU,Europe,3.46,42.121531,-6.716678
173367,,Greece,Europe,SWBD,1,0,9.79,18.29,1.65,29.03,0,3,3,8.896,37.8,11,0.8,651.4,21.349865,38.57107,300173367,HYLA00173367,None,Greece,EU,Europe,10.58,38.559031,21.375682
177672,,Bangladesh,Asia,SWBD,1,0,2.67,14.19,2.45,2.25,0,3,0.8,5.071,5.1,0,0.29,197.1,89.058922,22.62192,300015561,HYLA00015561,None,Bangladesh,AS,Asia,244.87,22.632643,89.049288
177707,,India,Asia,SWBD,1,0,4.33,15.9,2.15,2.86,0,3,0.7,0.626,52.9,1,0.18,23.6,88.695073,22.582919,300177682,HYLA00177682,None,India,AS,Asia,56.28,22.581254,88.704844
178658,,Mauritania,Africa,SWBD,1,0,3.61,11.73,1.74,3.89,0,3,1.1,0,-1,29,0.34,5788.4,-14.002083,17.114583,300178658,HYLA00178658,None,Mauritania,AF,Africa,27.49,17.115977,-14.009733
180481,,Ethiopia,Africa,SWBD,1,0,2.23,7.85,1.49,4.76,0,3,2.1,4.055,13.6,360,0.92,2355.9,36.178266,4.60625,300180479,HYLA00180479,None,Ethiopia,AF,Africa,26.04,4.615283,36.181931
183104,,Mozambique,Africa,SWBD,1,0,7.74,20.13,2.04,11.25,0,3,1.5,0.219,594.6,26,0.37,270.1,34.209375,-24.732474,300016318,HYLA00016318,None,Mozambique,AF,Africa,47.27,-24.735409,34.193736
1317590,,United Kingdom,Europe,SWBD,1,0,0.46,3.31,1.38,2.05,0,3,4.5,0.101,235.2,183,3.16,4,-5.802083,54.760093,100000004,GLBL00000004,Lough-Mourve,United Kingdom,EU,Europe,0.46,54.763891,-5.806261
1318849,,United Kingdom,Europe,SWBD,1,0,0.72,3.77,1.25,1.43,0,3,2,0.063,263.4,10,0.51,2.6,-6.443678,54.486083,165259,GLWD00165259,Lough Gullion,United Kingdom,EU,Europe,0.81,54.49028,-6.446539
1320080,,United Kingdom,Europe,SWBD,1,0,0.91,5.24,1.55,6.02,0,3,6.6,0.149,467.7,121,5.8,6.4,-6.025796,54.238551,167446,GLWD00167446,Lough-Island-Reavy,United Kingdom,EU,Europe,0.9,54.239586,-6.016678
1320855,,United Kingdom,Europe,SWBD,1,0,0.86,4.36,1.33,4.03,0,3,4.7,3.308,14.1,83,2.88,163.9,-6.659342,54.082054,168821,GLWD00168821,Lough Ross,United Kingdom,EU,Europe,0.91,54.082641,-6.650706
