lib,target,optlag,Optlag_rho,Dist
14,15200,-2,0.550444909690274,2224.26029636466
14,15403,-9,0.416574397432797,2779.00760832824
14,15552,-9,0.48130186348247,3053.33024210578
14,16591,0,0.414676690701554,12213.4017465784
154,15,-7,0.476692527156632,2521.18061534851
157,15,0,0.435542651370552,2719.54668469646
1335,15,-9,0.445458376876225,3257.08416182736
15,1345,-7,0.413215904562014,5687.79070967652
1511,15,-9,0.420069792479831,6827.32221202767
1539,15,-1,0.411195686766507,2899.63562548166
15,1651,-4,0.418280606249248,4570.56785158973
1662,15,-9,0.448365760804572,4720.62090496008
14238,15,0,0.422063904726143,3794.51033516995
15,14677,0,0.432021136360405,3104.79534437305
15,15458,0,0.496567793489771,5740.79387447351
15639,15,-9,0.407439014584225,6679.26372149397
15,15811,-1,0.419071054499176,6827.85527048754
15,16011,-1,0.523769752201106,3222.74055631156
16400,15,-9,0.436504081635837,4893.616188634
15,16605,-6,0.532897883352205,14819.6456884822
175,117,-3,0.416119025246845,15259.7766528357
117,1421,-7,0.422788492345011,3945.33312438907
117,14957,-8,0.461246999947851,2189.91576426755
117,15176,-6,0.531777720581705,4127.03535523896
117,16520,-9,0.434990474701267,16305.2687111435
117,16602,-6,0.466855253661318,16229.0818618351
132,144,0,0.442363642287572,1507.24498873712
157,132,-1,0.416007377437081,4406.85839101996
161,132,-1,0.416972827347622,4921.79956245917
175,132,-8,0.443514595126825,13157.0583561846
951,132,-7,0.455715177465855,10854.1490052682
1284,132,-1,0.446627971062353,477.658047507627
1296,132,-9,0.498161423504594,1769.2353721374
132,1340,0,0.557527792987149,932.863469707213
1355,132,-2,0.410689020020215,1214.1762731425
1392,132,-9,0.472105027731393,1449.59339705318
1468,132,-1,0.498436519061429,1864.89702087708
1481,132,0,0.424854116070891,4323.46504947533
1511,132,-6,0.423221088345449,5023.89736572908
1519,132,-7,0.456131736112191,5260.07851387976
1567,132,0,0.406059904041788,7538.49176803499
1575,132,-8,0.472983912224396,4455.01959450139
1612,132,-6,0.487973991684849,5869.80036491932
132,1650,-5,0.533425929235022,13643.8866003436
1659,132,-7,0.463334683615572,13051.8087267982
1669,132,-1,0.507957502919965,13397.4138094196
9152,132,-1,0.493855350486667,10003.0693445585
9197,132,0,0.511497207607587,9437.13692077158
9213,132,-6,0.552827179994362,9452.91544403752
9523,132,0,0.446718840246844,10177.9712755139
10147,132,-8,0.463424609461944,9252.15505909389
14229,132,-5,0.547908098402709,128.34381459969
14577,132,-2,0.400884486879502,3308.55292870302
14690,132,-9,0.52020927413216,2963.16484428534
14723,132,-9,0.530212795082439,3039.5313828872
14957,132,0,0.51738160934087,3573.55503191166
15135,132,-1,0.415211868517679,4420.15827680179
132,15176,-7,0.682998628343253,1949.13055714632
15243,132,-4,0.462548080001453,1717.32990656153
132,15273,-1,0.485625435195762,1986.42254986083
15650,132,-2,0.412378616823,4814.66259708921
15672,132,-2,0.416455017594829,5088.31890321467
15751,132,-8,0.59165529944486,5453.74339113115
15811,132,-1,0.551578652270797,5529.47354577261
16023,132,-9,0.458225234272739,5544.35484576833
16247,132,-9,0.470902476645307,7346.99613510418
16311,132,-2,0.552938110887741,7800.13017900131
16312,132,0,0.413083065190399,7807.42934179403
16322,132,-9,0.58980998092895,7895.26224851689
132,16329,-7,0.438907398648916,7892.74813872495
16362,132,-9,0.464505909418005,8035.00086856867
16410,132,0,0.401404552619097,8258.71946799625
16471,132,-6,0.584233163165585,14019.2015119762
16482,132,-3,0.466146703595793,13636.5063819062
16566,132,-5,0.504209181730505,13803.6644788018
16605,132,-6,0.450607467333552,14274.4461690087
16631,132,-4,0.47873455933942,14346.6193349812
132,170907,-5,0.469670709264424,444.195298998997
177672,132,-9,0.512837595842743,5499.61788753796
138,144,-4,0.410464389298073,2251.74468906538
157,138,-6,0.418696797290974,4813.89665759656
165,138,-9,0.536883113559103,5904.05440937054
171,138,-9,0.449561260121769,7238.4350250652
138,798,-6,0.445858847752687,11254.6418273431
138,951,-8,0.450469973130299,13244.3414251189
1227,138,-8,0.472746991160253,1863.66148765725
1260,138,-8,0.531579948985225,2397.97902027824
138,1296,0,0.404562870868095,4449.84869653029
1303,138,-6,0.412960432665186,3957.50612359979
1312,138,-5,0.473229269757355,3854.62810308175
1319,138,-8,0.455715140233104,3170.99578892853
1327,138,-3,0.416188920434047,327.965200943455
138,1340,-5,0.431845743503103,3126.31578749247
1343,138,-7,0.595610832086834,3086.11663954219
138,1345,-4,0.462108155824662,416.643452367934
1355,138,0,0.401705995576846,2179.11633771295
1358,138,-8,0.409583703036495,2948.39024451121
138,1362,-6,0.414333437582104,2014.82503672065
138,1393,0,0.502436143893029,5337.29276402594
138,1407,-9,0.457197616608037,2264.87849239754
138,1421,-4,0.402578882939998,2158.55504176253
1468,138,-9,0.464823028539786,3538.93464341258
1481,138,-6,0.534722728665791,1931.63259087288
138,1484,-8,0.48681811746369,1968.35877231371
138,1507,-7,0.458666752536978,2478.03756232308
138,1509,-7,0.408788457527418,2638.68813428417
138,1511,-7,0.410244103724814,2710.4584822614
138,1529,0,0.416085533611849,4192.58583266109
138,1560,-1,0.435150811496218,4545.37412536936
1575,138,0,0.449444881993558,4873.39161421536
1605,138,-1,0.632150210164321,5790.03814746636
138,1612,-9,0.415714027282283,6195.83742065045
1644,138,-5,0.438039467654632,7364.00392817406
138,1650,0,0.532983733596019,10962.1057940769
1651,138,-7,0.457074831448893,8035.89560252815
1653,138,-8,0.560353447098811,8026.30674429343
1660,138,-9,0.476307875753609,11565.3099944693
138,1688,-2,0.419085736607969,11171.6450468591
1695,138,-3,0.405326698952368,11884.2229624537
9243,138,-9,0.566890988450152,11160.8646471463
9404,138,-4,0.433300022097367,11384.4763450644
10147,138,-2,0.564429960892899,11802.9815387825
14047,138,-8,0.419757510559841,4287.73887586411
14204,138,0,0.425653552742911,3200.72249963165
14229,138,-5,0.420447668585341,2779.39790295018
14230,138,-7,0.512040286164529,2551.37271762286
14679,138,-1,0.527845356512724,3888.58350371034
138,14696,-9,0.449873454799399,307.757837569378
138,14723,-5,0.48933607757894,5716.17989649618
14762,138,-1,0.424816639972885,6037.54905869393
15000,138,-2,0.401125163699121,6233.91410831581
138,15102,-4,0.414099708339045,6558.44091276766
15176,138,-9,0.485334107310822,2032.5564847852
138,15180,-9,0.452036445388537,2020.70181352166
138,15672,0,0.432582430814779,2730.74637893533
15763,138,-1,0.411771340822067,8442.65293540204
138,15811,-9,0.426076453972733,3391.29182644143
16023,138,-2,0.504953396956892,5997.99064087199
16247,138,-1,0.402523336884362,7097.78694156943
16282,138,-5,0.476405860657669,7947.49022502441
16311,138,-1,0.412394498037032,8036.6576429259
138,16320,-4,0.411929673977237,8000.57354379165
16322,138,-1,0.532135302755377,8413.686474122
138,16329,-2,0.453333357872848,8307.75483591848
138,16453,-3,0.545337264971325,10990.4701317151
16455,138,-9,0.435208436930763,8655.975365831
16471,138,-9,0.603277562295277,11352.3719896333
16550,138,-3,0.483596054547005,11181.6544782626
16566,138,-9,0.580436645563006,11174.1135309496
16602,138,-1,0.44223741307765,11512.1229421894
16623,138,-4,0.434035943555444,11427.9003458065
170811,138,-5,0.457332430601823,3100.74035396646
138,180481,0,0.41473093887163,5070.66292140629
1343,139,-3,0.465112165093021,1232.79196576448
139,1509,-7,0.423499562937751,3937.98207252179
139,1511,-9,0.423522232587731,3976.90535764735
139,1548,-4,0.407804524964618,3257.38047007114
1605,139,-8,0.528158442689536,4949.81244084318
1612,139,0,0.410482753513258,5339.99314676066
1660,139,-1,0.439215166133771,13318.005699479
139,1662,0,0.514008702840143,7806.54770478373
1688,139,-1,0.428328811177751,12793.0886992432
139,1694,0,0.431393218924859,13381.8585225692
139,14651,-9,0.461333239286504,1662.34070646481
139,15062,-9,0.475797437300103,3919.51009003126
139,15380,-4,0.448297417962836,1846.69425785854
139,15639,-7,0.468656171662614,3756.59698055386
139,15650,-9,0.430348283780639,3765.03958814466
139,15672,-7,0.406719047438728,4046.15103626955
139,15806,-7,0.432436246911408,4470.65976460352
15812,139,-1,0.424805299415891,3230.4784236867
16234,139,-1,0.426114709521332,6549.89234568144
16245,139,-2,0.448535151566947,6645.04857208513
16247,139,-9,0.412142272596091,6658.47353269632
16400,139,-4,0.429020583793747,7737.48860172117
139,16415,0,0.437980000504108,7869.52723605973
16453,139,-1,0.412931723303248,12654.0205516839
139,16471,-9,0.437146144577358,13043.7954150264
139,16482,0,0.403099238037631,12638.8820634331
16566,139,0,0.436424352669633,12793.0475281311
139,16602,-7,0.450076976356132,13148.6118815947
139,16605,-9,0.506373013701753,13274.3057917427
140,1340,-8,0.440143028466552,227.913458056991
140,1498,-4,0.431863732952822,4589.48162640266
140,1507,-9,0.494234968108254,4553.94301790702
140,15200,-2,0.483697290986213,837.920493453246
140,15374,-2,0.441636915171734,1092.27004138053
140,15552,-4,0.495280001063602,4559.34690450456
140,16415,-9,0.459517804022945,7486.64422563279
140,16453,0,0.51669885171292,13596.4869612225
141,16286,-7,0.463648916925747,6794.59796956424
150,142,0,0.434419001711616,1729.01209233894
161,142,0,0.42026345743914,4212.96013153861
166,142,-2,0.413145172764177,5237.78904417532
171,142,-8,0.418844791104667,6074.93823080642
794,142,-3,0.482904494928579,11429.3377409038
813,142,-9,0.421088868757342,10205.0809540314
816,142,0,0.448838410307598,10463.2753430726
826,142,-7,0.414998910184584,10838.5078551329
842,142,-9,0.504937821666096,11209.6106948123
1294,142,-1,0.416129569381872,1593.1464573023
1335,142,-4,0.451795701617005,1240.82553818779
1343,142,-1,0.477234339037002,1237.01502185638
1393,142,-9,0.467333975749375,3538.56922365324
1394,142,-8,0.580569068366242,3564.44932934307
1548,142,-3,0.444693570551887,2958.71157817218
1552,142,-9,0.409624506238603,4532.7156070606
1605,142,-2,0.512168670125462,4655.88329352627
1612,142,0,0.518513251319945,5048.03924451524
1627,142,-5,0.532109918314948,5892.15243301149
1635,142,-3,0.548226269505315,11502.1387195692
1669,142,0,0.459397584118893,12271.8339712444
1695,142,0,0.423544290269473,13372.466074373
9224,142,-3,0.473940361015273,10645.3752144159
9300,142,-9,0.527622285617708,10904.699757032
9328,142,-7,0.478826087678562,10931.2090043764
9427,142,-9,0.475303080875436,10349.7910814775
9430,142,-5,0.526051399938011,11232.3722359585
9556,142,-9,0.513886906339104,11222.3631109471
14418,142,-4,0.414355197610151,2876.06648920587
14431,142,-2,0.621037404967567,1408.91576108949
14438,142,-8,0.406692348308671,2580.80295142604
14439,142,-6,0.534893259831847,2608.41725524771
14549,142,-4,0.458522035826147,2057.51392971547
14667,142,0,0.459118714663019,2129.59261791325
14674,142,0,0.443783932460204,1504.59614941785
14677,142,-3,0.541003758791641,1536.81924167544
14679,142,-3,0.480785086767276,2099.91937468834
14777,142,-4,0.502693740369223,4399.56360840117
15001,142,0,0.437247097542189,389.742122798798
15030,142,0,0.463812269266541,3542.63864741976
15070,142,-2,0.471026828976025,3883.87389891808
15257,142,-7,0.499544023668587,4108.5900187289
15380,142,-2,0.48928783037441,1690.76820561689
15751,142,0,0.420495658409984,4237.15110619701
16023,142,-8,0.57645987817737,4765.70620190986
16245,142,0,0.459598979915291,6341.74737704044
16320,142,-7,0.461710051881858,7000.5734500143
16328,142,0,0.583540753544618,7059.5782171051
16331,142,0,0.452474168120128,7095.74430941169
16337,142,-6,0.409752829649173,7188.43968187255
16362,142,-1,0.455666954371496,7232.58510023663
16402,142,-1,0.427749272463436,12040.5029316456
16453,142,0,0.512827865722512,12538.2167857964
16471,142,-9,0.531353574956452,12936.7612917805
16550,142,-8,0.42103062970665,12675.9664867705
16566,142,0,0.565177138684029,12661.5603476708
16602,142,0,0.431121175799536,13021.1587670956
16631,142,-2,0.511793278001051,13184.8275962096
1318849,142,0,0.531924394247084,4310.99860583943
144,165,-9,0.52575338191294,4250.41332969611
175,144,-6,0.443023157012932,12067.4155282841
841,144,-9,0.432967429949675,11608.2751039507
144,1335,-7,0.444916523286257,1169.26428873998
1340,144,-8,0.4515239430398,1194.37724633982
144,1345,-6,0.431916014161833,2012.83088288499
144,1432,-5,0.488834810870501,775.082040951278
1507,144,-4,0.530812238440386,3551.98033647968
1529,144,-9,0.401653856779842,2264.2953528753
1567,144,-3,0.441544943326431,6534.87068599506
1605,144,-3,0.50797135226739,4221.91462066216
144,1660,0,0.505757177376932,13345.6966644642
144,1690,-3,0.462752785750405,12686.587916294
10147,144,-9,0.485936033078388,9638.04221492484
14204,144,-1,0.46538559203375,1809.49418560219
14439,144,0,0.410266112313246,2579.10473476509
144,15273,-8,0.525303045987685,493.650303442992
144,15552,0,0.49973054345233,3596.44126083786
15751,144,0,0.470254065309095,4257.02053174794
15811,144,-2,0.54507389446299,4250.5884654756
16011,144,-5,0.404691156896173,4205.73588801124
144,16246,-3,0.400083607700894,5940.06979095363
16320,144,-7,0.428163882101065,6568.47952571441
144,16322,-8,0.484022537878261,6763.36791448295
16389,144,-6,0.487120573973369,6884.02093087332
16471,144,0,0.531945038542714,13006.2432494798
144,16551,-7,0.682685527901706,12703.4178507854
16566,144,-1,0.489203081869273,12693.1200645671
16605,144,-6,0.443388967639333,13189.6564889706
16631,144,-1,0.445498280689888,13197.665340308
177672,144,-1,0.427194154591536,4628.69519194267
144,180481,-2,0.495772562709021,3337.77435407239
794,146,-4,0.441694498748374,11927.9581889243
829,146,-1,0.45587150795306,12374.1672285063
146,951,-9,0.429979433190197,10984.2217554478
146,1308,-5,0.408436413825064,1838.52023983269
146,1407,-9,0.488068647100839,52.692326574806
146,1494,-7,0.467379073339077,1638.22167541947
1498,146,-8,0.400659650514302,3561.59066719565
146,1507,-3,0.46501171994425,3477.59109744783
146,1509,-6,0.426862492183101,3779.71435229219
146,1511,-6,0.431189997420356,3797.67222444482
146,1567,-5,0.44213336614456,6471.5238318677
146,1605,-6,0.550864040359052,4093.14023219866
146,1643,-9,0.496888744393241,12392.842843945
9172,146,-2,0.429761874852335,11720.7192512943
146,14431,-7,0.451590019728812,1847.48042216776
146,15102,-2,0.504194275326623,4751.6766257678
146,15257,-6,0.673978538271075,4347.97218240463
146,15469,0,0.496236492103364,3171.61189108994
146,15552,0,0.459612113011522,3539.94171424584
146,15638,-9,0.477790301974658,3645.26638074017
146,15672,-6,0.508944864845489,3888.72282584626
16453,146,0,0.403712491219929,12515.3868132545
146,16482,-3,0.504199500870201,12484.3919071372
16550,146,-7,0.486325362819347,12623.7216094688
16566,146,-4,0.442740566758442,12606.1106694381
146,16573,-1,0.508702890995791,13214.3593893212
146,16602,-2,0.637443201507893,12971.3404998099
146,16605,-3,0.543323949022957,13104.2697095001
146,16631,-2,0.575344164831238,13105.6919358962
177672,146,-1,0.459822199835851,4587.76493934564
150,1335,0,0.414101551710059,2937.81285503684
150,1345,-9,0.420186699663821,910.820360871479
150,14677,-3,0.426033079191566,3232.25380157724
150,16282,-7,0.40866733760274,6654.46969184749
150,16478,-6,0.401467449064562,7696.80072385649
150,16573,-7,0.421799087025376,11520.9083560404
1541,153,-6,0.409325485584734,9338.85769456879
157,154,0,0.44492726549084,629.13246815889
170,154,-6,0.485540976671165,3016.21812470414
171,154,-8,0.488475436411093,3114.59824242976
809,154,-9,0.506245249236815,13902.4169217809
841,154,-8,0.41590044666791,13076.3859197774
1335,154,-8,0.4798979304154,3000.95305364643
154,1340,-1,0.45479993229934,2961.81367999026
154,1342,0,0.424820579237599,2943.00935321278
1409,154,-1,0.41638760670892,3513.42178005636
1482,154,0,0.419750317664697,3541.37578448562
1509,154,-1,0.486841453651997,4456.68248415524
1511,154,-9,0.524590504673543,4417.80986729516
1541,154,-1,0.505371789652233,2150.08239352853
1543,154,0,0.437261413539551,312.566820806137
1548,154,-9,0.55813929609218,498.019019912716
154,1567,-2,0.4323609860997,6920.6052970698
1582,154,-5,0.444331935563372,1198.52093727294
154,1650,-4,0.453455307061859,12639.9687521104
154,1660,0,0.510081338706639,13103.5033509393
1662,154,-9,0.478757708201369,4560.5928516274
154,1693,-2,0.498868009001071,12094.8084303847
154,14957,-2,0.416681889138391,4960.31996369838
154,15062,0,0.416923019039129,5712.20829718164
15458,154,-9,0.517832891729678,3556.93155197578
154,15552,-3,0.416107363239849,4480.57116207208
15639,154,-8,0.556749622678268,4299.03423892118
15672,154,-4,0.505629736441192,4541.50833511977
154,15751,-9,0.572153661801435,4586.05290465133
15806,154,-7,0.407269320866214,2616.81198613218
15811,154,-8,0.492611502326545,4332.5147499832
154,16011,-8,0.528530182074819,1721.00625233668
16234,154,0,0.443365335947798,3483.67754390612
16389,154,-2,0.464779516935191,4375.91166447585
154,16605,0,0.460941871325939,12601.7930026031
157,1296,-9,0.540857032119955,4926.09327194618
1322,157,-8,0.440162928731513,3883.32894226393
157,1340,-8,0.458404082903762,3588.42648201185
157,1409,0,0.410256483939704,4023.98945661291
1468,157,-2,0.467903842224918,2675.90915579704
157,1507,-9,0.509491102030376,4304.47271055989
157,1509,0,0.52348597226788,4595.8657527393
157,1511,0,0.52266235273931,4544.53099239184
157,1644,-9,0.470265765956144,3188.65265138015
157,1650,-8,0.433290650134688,12348.9378948241
157,1651,-6,0.408052964695511,3397.9502365755
157,1660,0,0.570472024042083,12773.9048920352
1662,157,0,0.411756571733347,3980.89315322854
157,1690,-1,0.516594152387711,11639.0198953674
9213,157,-7,0.414638517244919,13241.7411992108
13545,157,-9,0.409959721976676,5932.52132617715
14723,157,-2,0.439471622195312,5240.98117365359
157,15176,-6,0.565820385999952,2980.15386466346
157,15380,-8,0.41657360640204,2648.40536430794
157,15552,0,0.43259352392552,4685.57750918212
157,15638,0,0.418928163043607,4518.44060667338
157,15650,0,0.552677340143363,4382.16935663006
157,15672,0,0.566141415475535,4669.66138546469
157,15811,-8,0.555654711032113,4346.26405870565
157,16011,-5,0.58881816075679,1094.23902451738
157,16311,-9,0.520134227441688,3438.69646435684
157,16410,-5,0.542882922931676,3994.66131266043
157,16415,-5,0.466680843770325,4032.88890703005
157,16471,0,0.42582224265718,12238.7834200904
157,16566,-1,0.490693990689471,11735.4302137278
157,16605,-1,0.429489659896356,12212.4116869796
161,951,-9,0.428757416767209,8515.48947143056
161,1335,0,0.459123436032872,4091.47380626574
161,1342,0,0.437643454394224,4009.48915974648
161,1345,-9,0.53055319863315,5190.89210470874
161,1494,0,0.60539158664999,2388.81129384061
161,1495,0,0.493979203971259,2384.30105779084
161,1582,0,0.468210965529968,161.461958919662
161,1643,-4,0.596649725743382,12499.5045995256
161,1644,-8,0.467729650897468,2876.37903393833
161,1657,-3,0.421917118130268,3194.72316830388
161,1662,0,0.421825687815062,3318.7138216193
1669,161,-1,0.471244151603072,11772.9548492394
161,1693,-1,0.61639674584674,11859.899367541
161,14723,-6,0.423369329862341,5265.83257432645
161,14777,-2,0.401866912884256,5479.56803527195
161,15176,0,0.579327711013233,3685.25276327317
161,15380,0,0.600038979540451,3057.95088994406
161,15883,-6,0.462466767634033,983.486970320117
15926,161,-2,0.402884723341517,121.745307121396
161,16320,-9,0.438379288289286,2924.34453816583
161,16329,-2,0.539104940183646,2978.90309549149
161,16337,0,0.452607679705708,3009.62475764149
161,16355,-3,0.543013148042381,11617.1694022746
161,16361,-8,0.448080290313245,11615.8733547758
16362,161,-8,0.412165377128413,3116.32669561076
161,16364,-3,0.401617724241191,11594.9277013162
161,16400,-5,0.544781206590055,3284.05477611983
161,16402,-4,0.447321663858585,11609.1921929316
161,16471,0,0.748856440922909,12490.8320807486
161,16482,-1,0.529312227765167,11992.4100696545
161,16520,0,0.681966401837686,12720.617881277
161,16532,-6,0.439247831367026,12142.376699225
161,16550,-1,0.555718020963458,11991.7597744922
161,16566,-3,0.679408502141136,11958.9524930321
161,16591,-6,0.555604921529391,11900.3593119264
161,16602,0,0.64447353788376,12280.772588796
161,170907,-7,0.444699998617536,4844.54370258156
161,180481,0,0.415053884542496,532.690424990502
171,165,-4,0.515970221985516,1383.77074052273
175,165,-8,0.671638221901531,11010.4328395202
794,165,-9,0.621714632779247,15493.9869672138
809,165,0,0.481598511240752,15235.3719720822
826,165,0,0.456230789215898,13415.7706835982
829,165,-7,0.586777862325743,15548.6270760208
846,165,-8,0.495178135857391,13806.1628944156
1260,165,-5,0.467575830123249,5518.01378884671
1284,165,0,0.571355156246213,5471.63791410234
1294,165,-9,0.653109053315736,5370.86751319372
1322,165,-8,0.4414828009242,4902.51506978912
1327,165,-8,0.436009329986541,5587.10902230349
1335,165,-9,0.726520564223393,4677.66940382628
1340,165,-2,0.479886117512239,4631.59796627767
1343,165,0,0.705902167737772,4595.25966703622
1374,165,-1,0.491021042500454,7175.26095380941
1394,165,-6,0.414755558055483,5165.26899164184
165,1407,-7,0.444618946758545,4175.30541125424
1432,165,0,0.589328691462687,3887.13243988059
1481,165,0,0.56431134695643,5387.35068058876
1484,165,0,0.444970553055242,5357.91786117801
165,1494,-3,0.495408583027573,2989.69609564262
1567,165,-1,0.7106475831873,7343.75843077153
1582,165,0,0.589135903075641,595.365332752375
1605,165,-1,0.68935748393699,254.851214970981
1612,165,-8,0.573464607503718,388.128972281632
1651,165,-3,0.473866355191495,2270.618863362
1653,165,-3,0.494237550779055,2317.12052597483
1660,165,-4,0.792488474153505,12504.160186206
1669,165,0,0.574555382658615,11227.6521949048
165,1688,-3,0.691501432590309,11405.1959400758
1692,165,-7,0.466552260927633,11055.7230350779
1693,165,-6,0.439345366246433,11276.0045238174
1695,165,-9,0.792631970044826,11862.0028780834
9152,165,-9,0.577021555157784,15140.3434933966
9224,165,-9,0.570588127986199,13757.9721389284
9328,165,-9,0.534327147537266,13874.9022984299
9330,165,-8,0.521857105594563,12996.6877305809
9332,165,-7,0.653905771872784,12781.8812407143
9404,165,-9,0.567602414445394,13418.3564577188
9452,165,-9,0.553687757799028,13029.522543181
9458,165,-8,0.577000542379825,13159.5521272967
10147,165,0,0.732616873843802,8097.14126897779
14204,165,-5,0.541338751341028,5480.01947342542
14209,165,-7,0.528883233794433,5470.49700203724
14218,165,-8,0.446390867322302,5418.01357804841
14235,165,-9,0.409740970710221,5425.20665292055
14418,165,-5,0.432306137146472,5586.98762071009
14439,165,-8,0.608612311658668,5416.50110507433
14550,165,-3,0.578950913462917,4858.52693841347
165,14555,-1,0.440280652087168,6355.93884645663
165,14660,-2,0.523976361629923,5565.06940115787
14667,165,-8,0.547335561278171,4902.03221588797
14679,165,-1,0.546833110118882,4871.10851447031
14723,165,0,0.554023302782389,5903.51253020666
14741,165,-3,0.425478495812358,4588.69456093353
14762,165,-9,0.417314784821209,6091.77424137208
14957,165,0,0.480659341549751,5965.49227075063
15001,165,-6,0.471523916818755,4306.66615119302
165,15176,-9,0.469004523142,4112.73207556158
15235,165,-8,0.55652662109031,3839.11380584017
15254,165,-6,0.460862328151296,3863.60120942026
165,15257,-9,0.474787100820209,6941.95174602193
15273,165,-9,0.484549423155777,3985.61715686604
165,15293,-3,0.456288059501712,4030.63998394561
15380,165,-9,0.44851050876207,3657.02837757768
15650,165,-9,0.440211224169269,5147.87521346814
15751,165,-6,0.407203458191246,5290.70754279544
15805,165,-9,0.599840877620189,3445.13444352892
15811,165,0,0.458843906793209,4932.19578810045
15812,165,-5,0.436281107646976,1811.74864742588
15827,165,-6,0.62307711663078,1636.21706185473
16282,165,0,0.481350822658285,2099.13791622787
16311,165,0,0.528186226865658,2318.59676358404
16312,165,-9,0.588318881334854,2318.60740599315
16320,165,-6,0.649999473044598,2342.51844162222
16322,165,-2,0.468860560189251,2538.59358773436
16329,165,-7,0.547023182203779,2474.04227117449
16331,165,-9,0.658008635352597,2410.40710257402
16351,165,-8,0.645566750292968,2513.68239410731
16355,165,-6,0.415777802864203,11092.425000053
165,16359,-9,0.400813622334801,11260.2481514832
16362,165,-2,0.726352048386278,2555.33951687538
16389,165,-9,0.838706345510375,2641.85836772785
165,16453,-9,0.602916513306345,11530.9954859279
16471,165,-2,0.811003655293929,11934.3129254017
16520,165,-8,0.450505293904604,12152.5328447885
165,16532,-6,0.449526309567724,11579.3498131301
16550,165,-7,0.55690875567642,11426.6646237616
16566,165,-1,0.787871683296675,11393.070669139
165,16573,-9,0.467601092885332,12017.1758281063
16602,165,-4,0.601700830327341,11705.8101307315
16605,165,-1,0.492206952128698,11834.0416814499
16631,165,-8,0.470836175163575,11628.0475330116
170811,165,-5,0.482800440419041,5444.38353514899
180481,165,-5,0.679752761683092,914.714309589754
1317590,165,-8,0.458095837282905,7482.57408457339
1318849,165,-8,0.470179502297194,7490.77614944549
1320855,165,-9,0.400215994727184,7468.87941729837
150,165,-5,0.417749852413446,4649.28311203733
161,165,0,0.526146065664223,644.303927084038
166,1308,0,0.402228975353246,6205.27545239244
166,1605,-7,0.400209406952453,748.487250218093
166,1651,-3,0.578748100578597,1763.51111780137
166,1662,-7,0.626737219919481,2287.55976504853
9360,166,-3,0.425513777732231,15469.9073397013
166,14431,-1,0.459296649014243,6268.53017337512
166,16359,-2,0.45126554775732,11319.5552468721
166,16415,-6,0.583073801532495,2347.45580156343
166,16471,-1,0.544276237436618,11939.5747950183
166,16602,0,0.523196406062429,11678.2402524107
166,16605,0,0.472045282996221,11800.9403972077
170,1662,0,0.465436489155465,1721.03656244239
170,9208,-1,0.407307844885161,16520.4434397376
170,9360,0,0.461210943622062,16318.0188103159
170,14763,-4,0.407759704484887,5824.31932048661
170,15639,0,0.464622552021334,5930.31016756407
170,16011,-9,0.438678105979064,1310.36321355945
170,16415,0,0.442382903664155,1730.80097593773
170,16453,0,0.465114874737954,10786.9760947626
170,16551,-1,0.433293342530119,10625.7262670428
829,171,-4,0.411936483528768,16249.2364260336
1322,171,-8,0.43640845836495,6203.94783310593
1343,171,0,0.439175722270047,5922.02353184142
1374,171,0,0.423782965615492,8338.14810835444
171,1421,-6,0.500629111951451,5493.50520261062
171,1494,-7,0.453203333606194,4298.75131443105
171,1660,-9,0.438043666886402,12034.4565385789
1662,171,-4,0.44399405198184,1478.52926162575
1669,171,-5,0.42583675219888,10804.3905629941
171,1688,-1,0.443256388375696,10899.3145768853
171,1693,-1,0.431245453354435,10694.0578797242
9243,171,-9,0.493558756357588,16446.2026537699
9457,171,-4,0.424150865242166,14446.4252732769
10147,171,-2,0.441709041188803,7663.7239839179
14209,171,-7,0.458201639125559,6785.38887303772
171,14309,0,0.452478061411878,6638.35803109997
171,14555,-2,0.423002736807931,7289.99734352841
171,15293,-1,0.519382855057453,5409.87746174338
171,15751,0,0.510738793057655,6197.21082240234
15811,171,-9,0.50631155192167,5799.19832311697
16329,171,-2,0.401327070505325,1090.92702683443
16362,171,0,0.456733016596941,1205.29763153558
171,16453,-7,0.556669535765201,11087.1939020925
171,16471,-9,0.48490924940163,11448.7884490636
171,16482,-5,0.406228479006153,10984.6099744844
16516,171,-4,0.439903821077345,10314.2410618867
171,16532,-9,0.556354761084365,11077.9301595803
16566,171,-2,0.47310718674513,10885.0499547039
171,16602,-8,0.433193379276462,11152.0485563777
171,16605,-9,0.474814303356657,11267.053776748
175,1284,-9,0.407596494622488,13612.9672282024
175,1324,-8,0.48751118082264,10642.3078097847
175,1340,-9,0.432671131730754,13259.6299548023
175,1484,-2,0.489576328526937,8834.57698117194
175,1495,-3,0.411190704661288,12701.3973687493
175,1507,-8,0.405330358575006,8521.57918607014
175,1644,-9,0.486709898326536,9211.03883022333
175,1660,-7,0.720349951548594,1508.32477867201
1664,175,-6,0.403494399162948,78.0819535269367
175,1688,-8,0.591426123642817,646.857769577253
175,1695,-1,0.489475557705037,1361.35853143071
175,10147,-9,0.400198599462296,16036.8954186271
14209,175,-3,0.419345040790228,13585.9727480548
175,14431,0,0.496411827719052,11045.7313330873
175,14555,-9,0.426674019230101,16378.1855007159
175,14677,0,0.450249377852369,13519.2452510395
175,14957,-8,0.458146805023819,16415.8375300955
175,15102,-9,0.419923039135109,16641.2732117438
175,15176,-9,0.441543329687105,11573.9827017728
175,15273,-6,0.486594227341304,11622.054301416
175,15376,-5,0.435093010610491,13475.4917098718
175,15458,-9,0.516323378887688,9604.75553905115
175,15552,-7,0.502032781743519,8539.77795445654
175,16311,-7,0.461075173449056,10002.5735637125
175,16320,-4,0.523697457247145,9859.05705106925
175,16328,-2,0.426725532116968,10005.2560906754
175,16329,-5,0.406075495747707,10338.3866731173
175,16331,-1,0.474598321190622,10062.9127639266
16389,175,-8,0.400820358958097,9884.44529815562
175,16410,-8,0.422289229504019,10279.2867116085
175,16453,0,0.450469217196809,556.10098841214
16471,175,-2,0.402672107122188,988.881433985675
175,16520,-3,0.483285272892264,1280.86655391583
175,16532,-1,0.414354266394141,738.502371865357
175,16550,-9,0.465281074385912,657.645975053265
175,16566,-9,0.641094381121048,649.107525582271
175,16602,-6,0.53077695136195,997.725725696533
175,180481,-2,0.402486703405989,11344.6047606922
794,786,-8,0.417732291444654,201.654316104234
804,786,-5,0.464077508486905,2546.56551276021
1310,786,0,0.523259954319372,10204.676276446
1322,786,0,0.424727192733057,10545.0020883714
1335,786,-2,0.421115310884346,10824.3731991354
1340,786,-6,0.458053128651204,10856.9679885998
1481,786,-4,0.421979377815339,12507.7091363385
786,1509,0,0.403855958039354,13057.2721033057
1529,786,-1,0.449739916774385,13462.9696339381
1541,786,-8,0.45447499007784,12782.5038654226
1582,786,-7,0.453379941162469,14724.8639677794
786,1643,0,0.504601078389148,11696.2927631026
1644,786,-3,0.407170223913291,17539.3706246982
1651,786,-7,0.405841146339861,16980.4081516251
1669,786,0,0.402502874918152,12700.4655443276
786,1693,-1,0.539786845409837,12942.6037573649
1695,786,0,0.480913412899471,12439.0153466599
9172,786,-9,0.495629019533369,36.2372922948144
9243,786,0,0.405568356088009,246.259929445066
9272,786,0,0.658347699638267,374.869360616081
9516,786,-6,0.445264830239215,3534.10670695765
13545,786,-8,0.47661299433713,8490.80459918481
14047,786,-9,0.415234207773787,9367.16787220537
14209,786,-6,0.420887654563262,10028.523946793
786,14431,-4,0.536483110889668,10821.1675424711
14471,786,-7,0.435694317699755,8867.93015101329
786,14653,-9,0.472634479353736,9126.13012656687
15070,786,-5,0.420764676722271,11266.6438032089
15380,786,-1,0.434141457748922,11766.8691561041
15552,786,-2,0.424689167725982,12627.8636622789
786,15638,0,0.529833264703417,12997.5975033491
786,15639,0,0.643093187487705,13018.5329282657
15883,786,-2,0.427666575552802,14378.3380225923
16311,786,-1,0.405453975692288,17112.693277662
786,16355,-6,0.651880899461667,12670.6209399698
786,16361,-7,0.50064156257335,12678.6240495471
16368,786,0,0.400992427038547,12727.0167634231
16415,786,-4,0.469353426266045,16905.6061867954
16453,786,-8,0.460199679389894,12449.027255986
16471,786,0,0.595800920096128,12136.129166897
786,16520,-1,0.441280253938372,12012.6310575982
16566,786,-5,0.583640101968147,12700.2590178895
16573,786,-8,0.41256913228497,12182.604168583
786,16591,0,0.529744763159933,12779.7897916736
16602,786,-9,0.502123283333319,12475.9000878021
161,786,-9,0.432583264009515,14663.931334481
804,789,0,0.438207772904324,2382.78848687398
808,789,-1,0.491536295811872,2427.3594962273
809,789,-9,0.57595548024432,683.225199508913
789,951,-9,0.676673451586952,10679.389922353
789,1301,-2,0.512586154304629,9613.53318857521
1312,789,-1,0.449863326964262,10211.7890923053
789,1345,0,0.534672658440685,11383.2997839766
1355,789,-6,0.411147813837968,11300.3936689275
1394,789,-8,0.408993490628934,10116.1713763982
1481,789,-9,0.419801553429054,12613.9251624587
789,1509,-9,0.559178748477844,13173.6580863345
789,1511,-9,0.628720520761471,13268.6230260257
1575,789,-6,0.453191227294696,14428.5181608463
1605,789,0,0.417441173634581,15388.816609624
789,1612,-9,0.699995896641422,15635.2102285224
789,1640,-2,0.507994129883453,11683.1530178302
789,1650,-1,0.583061351565952,11801.796331434
1659,789,-6,0.605732287894395,12887.3968005251
1660,789,-8,0.486902005883694,11681.1959106982
1662,789,-7,0.405105041598966,16615.477941096
789,1663,-9,0.515920109547589,17193.3324648886
1669,789,-2,0.532621847705876,12835.8816125394
1688,789,-2,0.431355635384095,12811.7381725892
9152,789,0,0.437235911288424,138.520467435574
789,9197,-8,0.403346618944895,1794.12943262452
9348,789,0,0.447130562965652,2280.12304557257
9446,789,-9,0.500293859562956,2270.14683004721
789,14238,-1,0.431370915773738,10087.731440567
14957,789,-8,0.476868880310653,9398.838924299
789,15102,-3,0.400339179869359,9407.4708694764
15176,789,-8,0.541325718160065,11958.7475427169
15380,789,-9,0.441811359140705,11753.4580275363
15606,789,0,0.410711525460805,12928.2724756367
789,15638,-9,0.633473078156137,13111.1422095032
789,15639,-9,0.654472502559736,13130.6514976198
789,15650,-9,0.461830708956828,13213.0284910768
789,15672,-9,0.555110591893848,13209.8671897263
15751,789,-1,0.497555620725069,13621.6779278285
16314,789,-9,0.460826936284944,17144.3378658917
789,16322,-4,0.422657821029808,16503.1419204269
789,16329,-6,0.482338252543375,16709.5696763414
16368,789,-9,0.423731162949653,12868.8955134344
16402,789,-9,0.427215487811159,12907.8291815332
16406,789,-7,0.407606756703101,16546.7976472444
16415,789,-7,0.417304243946848,16764.6832025652
16430,789,-9,0.416841050252235,12937.7276486599
16471,789,-6,0.541184912091204,12262.2463599988
16478,789,-4,0.488050771984777,16687.3290952774
16566,789,-4,0.507063693266655,12827.185105743
16605,789,-2,0.439873125239981,12491.6132729562
789,16631,-9,0.615916473266023,12768.2550756711
170907,789,-8,0.46702228586752,10063.5801559395
177672,789,-3,0.484071846210101,12408.7252540028
789,183104,-9,0.434212358381685,17092.3320993059
1320080,789,-6,0.478676903875986,7817.09458419416
790,16415,-8,0.42684423670568,16832.2203049629
794,829,-3,0.49420566339641,893.352025825945
794,951,0,0.516058632054497,10813.3387030662
1294,794,-1,0.424123687785731,10319.6450764309
794,1301,0,0.40356948439787,9837.40061983926
794,1335,-5,0.747061296641386,11023.9349249372
794,1343,-1,0.406356526755222,11103.3628388054
794,1407,-8,0.452047179946176,11875.5110148773
794,1509,-3,0.515124295790263,13223.8067061415
794,1511,0,0.581178658523944,13319.0159168458
794,1550,-6,0.536402453640205,11945.7793728419
794,1567,-9,0.541121332450936,13215.6295099647
794,1575,0,0.41076504369847,14644.0874231592
794,1605,-9,0.596699660711417,15614.8180364891
794,1612,-9,0.637821703820166,15868.3648900887
794,1653,0,0.406725800065792,17267.3570126021
794,1660,-8,0.459098054012121,11437.3921123121
794,1663,-5,0.403714608125477,17434.7904391952
794,1688,-2,0.458503813089575,12568.7148603321
794,1693,0,0.427664959219766,12817.5468460064
794,1695,-2,0.442460228341692,12305.071013922
794,14238,-9,0.449687814524286,10285.1857739962
794,14431,-3,0.528517522018082,11016.2517982802
794,14674,0,0.516685443523037,10912.8239937849
794,14723,-9,0.405742509004117,9630.42212449889
794,14950,0,0.460718948603607,9774.84782678761
794,15257,-5,0.589993886015825,11558.6415762164
794,15376,-2,0.430234103459608,11766.7954010999
794,15638,0,0.490864944013359,13166.5911052719
794,15672,-1,0.553864130117426,13255.5267737255
794,16331,-3,0.488150046409514,17209.1220567669
794,16362,-9,0.400838325879198,17368.7315474574
16389,794,-4,0.447698232746344,17404.8571768011
794,16471,-8,0.519284980601826,12018.9352613043
794,16602,0,0.545167879361165,12351.7998776508
794,16631,-1,0.658064852627036,12522.0379184744
794,180481,-8,0.408084983450004,14714.460243205
794,183104,-1,0.46624751588669,17338.8899099293
796,797,-8,0.655148080267145,67.2764131522575
806,796,0,0.438413610140609,214.36649149548
808,796,-6,0.452474408055146,196.674926765503
796,811,-7,0.477759405909351,311.710377879047
796,9273,-3,0.501040423555911,72.5195400161873
796,9348,-3,0.469951121989746,308.291269695059
796,10147,-7,0.468016500085371,7619.07852216638
796,16329,0,0.404793945731493,14456.9346659811
796,16631,-6,0.401769365970343,14836.3683098176
808,797,-9,0.503725508635842,185.112909119274
811,797,-6,0.481460793636628,290.362814168765
797,951,-7,0.661520157543186,8569.67232006361
797,1509,-1,0.586667301685091,13613.9552202918
797,1511,-6,0.483173758875204,13697.1380593408
797,1612,-2,0.420499880594262,13814.9054581217
9273,797,-2,0.473170613477489,105.74484883308
9348,797,-1,0.437965161594717,338.633728432118
9398,797,0,0.458839361300409,434.490403658129
15530,797,-8,0.418216183546364,13141.2025816826
797,15639,-1,0.687573052385876,13498.9675346853
797,16631,-8,0.467787307088069,14898.674021676
798,951,-9,0.471801428615565,10463.5681002437
1343,798,-8,0.414102265306886,11084.6427697688
798,1345,-2,0.424058384055857,11638.9191815914
1481,798,-9,0.413933776005756,12885.0582243423
798,1484,-1,0.476920299373015,12929.0462880236
798,1575,-4,0.489720231876976,14581.6501666816
1582,798,-8,0.520818385656794,14809.8861719628
1644,798,-3,0.416383432857505,17581.2442968525
798,1650,-9,0.484746500508024,11844.0700761491
1688,798,-6,0.435552945219847,12831.7039261358
10147,798,-9,0.493918375258012,9715.7310630004
798,15176,-5,0.421117763612225,12178.0030065366
798,15380,-8,0.452289939628869,11919.3862011515
798,16329,-9,0.473406644067154,16674.645166332
16471,798,0,0.411982275871476,12280.89773919
16566,798,-9,0.468920254838599,12846.8073477595
798,170907,-4,0.466355576673447,10250.0455749689
177672,798,0,0.457796336274565,12684.632731139
180481,798,-4,0.400402681103632,14637.9978700186
161,798,-9,0.445416668945125,14736.0602992926
165,798,-9,0.443899254988688,15379.2617016851
798,183104,-8,0.412877812933835,17090.792452141
801,800,-2,0.443413456208222,64.5047164833544
806,804,-1,0.442741686122105,132.983602156718
804,807,-9,0.400400612144085,201.379626664958
808,804,-8,0.562235015282937,44.6293151744461
811,804,-2,0.540393827139907,153.056861572045
804,1550,0,0.415981917587834,9628.18347878006
804,1591,0,0.427304347545946,13506.7323880993
804,1650,0,0.543175615804255,14041.7968181338
1669,804,-2,0.485925509678619,15059.7696855292
9273,804,-7,0.484418165091597,106.690651789466
9313,804,-4,0.672889995356894,59.9995188031077
804,9322,-1,0.437111161866009,103.839303879637
9348,804,0,0.515330999471996,177.377617482093
804,14438,-6,0.456252774036588,8727.32291518353
804,14651,-9,0.433730254939039,11342.1402459289
804,15092,-9,0.403763977346138,11370.2025936595
804,15639,0,0.708938583867042,13675.5713340468
804,15811,0,0.419130306959807,14590.3987707009
804,16011,-5,0.514912142624691,13836.2071707348
804,16282,-7,0.472505706321993,14334.313977158
804,16355,0,0.474038992015548,15094.9615656301
804,16478,-3,0.401936051161993,14326.6519954658
804,16550,0,0.443821025964995,14937.1392262323
804,16551,-8,0.419833921505497,14944.1935155286
797,804,-2,0.472725611240764,178.395974328414
9308,805,-6,0.529022821140005,27.5043884230845
806,807,0,0.470855509692554,68.6570576360542
814,806,-2,0.400423496597206,136.604600481968
806,16602,-3,0.436609859196112,14558.9962926138
814,807,-6,0.501460404920132,141.547096740992
807,9300,-2,0.541832242558756,118.832475970286
9313,807,-4,0.433541936672868,154.22365386775
807,9328,-2,0.576784740084557,68.3719233356876
807,9335,-2,0.452852951408199,69.9739475599468
807,9348,0,0.409130795729304,109.8438649143
808,811,-2,0.457218029473821,116.836998184416
808,1301,-1,0.459369776413017,8386.3146495287
808,1509,-7,0.486333613397608,13798.5330300019
808,1511,-9,0.441621924893462,13881.5862643053
808,9313,0,0.476197314971242,92.8654238130002
808,9322,-1,0.60740824377061,59.6643251019266
808,9335,-6,0.405125357002181,220.174478722768
808,9348,-2,0.47497591865322,205.737964584766
808,9360,-1,0.405461378494951,1963.36468263857
9398,808,-8,0.446215542167886,249.405497386535
808,14651,-1,0.446227142883443,11344.9329772908
808,15102,-4,0.403014469059452,7577.1586801859
808,15200,-4,0.447194291602238,10561.9278513361
808,15552,-3,0.411368590186813,13342.3850333088
808,15638,0,0.62029958893852,13690.8010244719
808,15672,0,0.540903471483007,13874.4058858355
808,16355,0,0.431676184645279,15136.2288631893
808,16550,-6,0.456636862005236,14974.7419775693
808,16551,0,0.413452433369255,14981.8101103429
808,183104,-2,0.544494455816796,14853.5591361667
809,951,0,0.429060176442345,10014.9960500659
809,1301,0,0.581738870762283,9683.06566315276
809,1374,0,0.424439134465273,11687.6715518323
809,1509,-9,0.469874558691858,13748.975508232
1511,809,-1,0.456723028934506,13843.2038068001
809,1520,-3,0.539847918825208,9704.30221327236
809,1567,0,0.539216704797575,13965.0770843549
809,1605,0,0.593598011508788,15394.6742235277
809,1612,-9,0.530551893670537,15584.9255780607
809,1650,-9,0.467684507550075,12178.9588198256
809,1663,-9,0.489525510391307,16790.0140851656
809,1690,0,0.474218398377582,13307.4943774073
809,9208,-4,0.402079126890872,724.521969157399
809,9360,-7,0.7243539949934,88.5038859170488
809,10147,-2,0.432237519660523,9278.74128048171
809,14242,0,0.407102228385237,10298.7240897834
14577,809,-7,0.436939158413938,8893.46643030868
809,14651,-6,0.433077451411457,11679.0741008166
809,15030,-3,0.437013928665791,12028.0868312138
809,15650,-3,0.578813944763923,13772.9121468203
809,15672,-8,0.550690125553519,13791.9405345602
809,15751,-5,0.459080793774882,14214.5504981341
809,15811,-7,0.448328398837664,14589.5495160855
809,16286,0,0.45265208237541,16590.1198132255
809,16311,-5,0.485730101939065,16672.3783996081
809,16322,-9,0.405043339764816,16096.4992270572
809,16415,0,0.591898162567747,16307.0171400713
810,9327,-1,0.400153027256492,160.872582433153
810,9339,-1,0.593742839155662,67.984907586505
810,15200,-9,0.455596163215988,10090.5665829952
811,1640,-4,0.423176050212235,14061.8872811861
811,9313,-7,0.490773489479019,168.201249242576
813,824,0,0.435282409804249,168.925720158351
813,1308,-2,0.482494131481056,10695.711425578
813,1567,-8,0.426504203111618,15239.171247273
9389,813,-1,0.469985949609455,124.282646831675
813,16631,0,0.465175151743066,15825.5017988296
814,815,0,0.441425080002124,68.0999163061656
814,9335,-2,0.409321858884317,71.5837794720542
9328,815,-6,0.465702549179945,121.918375958608
15458,815,-8,0.435277007898386,12958.2314147747
806,815,-1,0.460374430627905,171.595726770531
816,9339,-5,0.505469476615782,109.913923526362
9313,819,-3,0.406121600581607,198.063439343874
811,819,0,0.462293835842387,136.557391645058
9404,821,0,0.486301570760322,39.6667294254906
822,823,-3,0.469041568856222,106.176124459294
822,1335,-9,0.43559839938437,9464.77175242695
9375,822,-5,0.526254076143911,35.7470483773375
9427,822,0,0.403555290062754,242.881437221045
822,14431,-9,0.424127522349961,10760.6061873508
823,1335,-9,0.480324543376038,9555.97252203575
823,1343,-8,0.43614967635792,9615.34684434777
823,1494,-7,0.572634468263954,10654.82531505
823,1660,-7,0.658741211908933,14631.5220930012
823,1693,0,0.55560974710098,15883.0127657638
9332,823,-6,0.421007554530548,200.079841387063
823,15552,-9,0.627845606223781,13376.8291129252
823,16320,-1,0.451931815944965,14074.2850143013
823,16351,-2,0.531134546322081,13910.309674384
823,16453,0,0.470680608431039,15596.3155333999
823,16471,-1,0.585174906522691,15211.5753072084
823,16520,0,0.549353093062528,15006.7902631049
823,16591,0,0.468824791832678,15827.2851028757
823,16602,0,0.467009294677722,15455.9877578914
823,16605,0,0.582096220738168,15327.8073677188
830,824,-1,0.404256222705843,142.864357819509
825,1495,-7,0.4286900153136,11636.2776628666
825,1511,-9,0.535391767557729,14216.5704295705
825,1693,-8,0.440739680551216,14757.5902794683
825,9430,-6,0.412288885599877,61.5245649341866
825,15293,0,0.449256790633764,11965.7204068567
825,15538,-3,0.41359746525015,13623.818855383
825,16532,0,0.426794703931935,14423.2023543517
825,16605,-9,0.465093387390058,14193.9351163543
1660,826,0,0.433259394054894,14096.0444004526
16389,826,-6,0.423083596477917,14527.4317047529
16566,826,0,0.487170403802091,15229.6991081212
180481,826,-1,0.42121275743828,12927.6974592156
829,951,0,0.556856714210119,9971.34244558935
1294,829,-4,0.523022583579138,10669.1994545648
1312,829,-9,0.472492827730675,10676.3754510433
829,1342,-9,0.4595012929107,11388.6903613544
1343,829,-3,0.424157666705075,11438.3361561315
829,1421,0,0.401067645508293,12498.9573992848
829,1507,0,0.422567037312685,14040.9761375748
829,1550,0,0.736934829487974,11683.8996977199
829,1567,-7,0.52003058000339,14107.1779432172
829,1605,-1,0.504058040661278,15715.0654316612
829,1612,0,0.642880255032152,15891.0622920187
829,1660,-9,0.402699508183671,11763.8146291766
829,1662,-2,0.405296828698118,16295.3652940669
1669,829,-1,0.450944976773324,12986.1701058224
829,1693,-9,0.47976871302616,13097.2270005802
829,9152,-2,0.412616126314336,982.882096978508
9224,829,-6,0.415195637691885,1836.65092051713
9239,829,-6,0.427877439235566,2455.10946953394
9382,829,-1,0.405518283025597,1885.92088960035
829,14431,-9,0.436582098275943,11651.9656908405
14762,829,0,0.427407081370186,9456.95587909639
829,15000,0,0.400898813429352,9648.319739556
15105,829,-1,0.482518674135035,12620.5334227798
829,15176,0,0.41770230271224,12616.3377915446
829,15180,-8,0.435966727336793,12445.0477100786
829,15257,-2,0.5564713554859,12403.5920013303
829,15538,-3,0.444537845226068,13564.1760029111
829,15639,-2,0.408367032464178,13983.4537052829
15805,829,-9,0.430459962269122,12258.6111201963
829,15811,-4,0.419045108260845,14869.7921012752
829,16355,-6,0.630925629971666,13020.6980517937
829,16361,-6,0.471106971496945,13026.6925967432
16362,829,-3,0.425921372734505,16923.2939662942
16400,829,-1,0.40610569260419,16701.8349837
16471,829,-4,0.464242207169992,12349.512958982
16566,829,0,0.418416799434487,12913.2480501247
829,16602,-8,0.584031092343541,12642.5225617108
829,16605,-8,0.503177510729061,12525.2012743814
829,16631,0,0.643847836658003,12770.0852889545
829,170811,-4,0.405856326081975,10619.0864384426
829,171064,-4,0.402093345103411,10646.818459019
829,183104,-9,0.415242643811109,16963.6938923013
830,9427,-1,0.460433148161324,43.590092245602
831,1541,-9,0.463295980471277,12252.1161066895
831,1662,-1,0.419767942853779,15495.234130886
831,15552,-3,0.565516050778847,13739.0592790486
831,15638,-9,0.40308733736583,14107.9923852193
831,15672,-9,0.592218823365178,14245.6301376323
831,16551,-8,0.424994656518765,13631.1050256335
832,835,-2,0.405778826081427,68.7432246842082
832,1585,-8,0.41883594431117,13776.8738981436
832,1694,-2,0.427266644600226,14327.562950472
832,9460,-6,0.470383614059394,47.9489271476808
835,9484,-2,0.42345195297398,64.598869895118
9446,836,0,0.431312295774262,125.173278115313
9460,836,0,0.428952848074872,103.199053413727
836,14238,-2,0.424820292394969,9863.70714244541
838,15176,-6,0.50698640324694,11929.2548970112
838,16355,-6,0.544305616184673,15021.9449487304
838,16361,-7,0.454388236779751,15026.4662481043
841,1393,-9,0.481222663773416,9079.61595623176
841,1509,-9,0.437934376361274,14455.8078895721
841,1511,-9,0.449617898806932,14539.7844600839
841,9360,-1,0.50577550365011,1893.75181918479
14439,841,0,0.418886941185275,9278.52668675738
841,14679,-4,0.418011501883125,9916.97485145916
841,15200,-4,0.402971179412805,11160.3892562619
841,15672,-8,0.484507255001165,14529.9525922256
841,15811,-4,0.440273751362378,15258.8357276309
841,16471,-9,0.400072841058143,14101.3640771226
841,16482,-1,0.405369733427574,14589.0175724087
841,16505,0,0.488142997719923,14474.6515534563
841,16532,-8,0.49512650182674,14460.8576310413
841,16551,-7,0.489418897511854,14621.9361360996
841,16573,-9,0.520077815170692,14026.1682690425
841,16591,0,0.44321529283105,14711.4865693632
842,1308,-9,0.494047162692003,11599.6189849688
842,1335,-8,0.5112753549039,10304.7549446112
842,14438,-7,0.491799510311825,9025.43550585631
842,15257,-3,0.410590468842556,13231.1943312155
842,16520,-8,0.404930341270774,14295.1561577259
846,843,-3,0.503682367763925,30.0734673484496
844,9538,-4,0.507864859447301,16.9705557876482
846,1335,-6,0.503311987844485,10475.1216157341
846,14210,-6,0.459871679824082,10189.5334145912
846,16331,-5,0.421718646769591,14578.6581598447
846,170811,-4,0.437393595363946,9836.89141850628
9556,847,-5,0.425001301682867,44.0543268125958
951,1296,-9,0.492960609354695,9292.35824582704
1312,951,-8,0.495295153232446,9614.54475761614
951,1345,-2,0.65794709440575,13009.0368240545
1355,951,-7,0.58064040197061,11066.6248069825
1374,951,0,0.430361866463272,15252.4929190581
1392,951,-2,0.4063520517658,10942.2248502162
1468,951,-9,0.667969431953671,9709.76396928673
1481,951,-5,0.52355059008672,13748.0816954161
951,1507,-5,0.621812387175965,13579.3791989293
1509,951,0,0.629651049478409,13866.7736892819
951,1575,-8,0.484081890429105,9225.37095267282
1582,951,-4,0.401813937533154,8666.19102772289
1601,951,-8,0.457703224609741,8707.67045060154
1605,951,-8,0.605541665459405,8792.65578756575
951,1612,-6,0.688716211248954,8492.11802527546
951,1650,0,0.690856658238187,14733.5618034765
1651,951,-1,0.575909363431785,7494.22599087394
1659,951,-9,0.52394614719043,14489.9967122512
1660,951,-5,0.462301466575632,14233.2082576622
1662,951,-1,0.476800819873911,6771.22501935294
1669,951,0,0.603771528624855,14227.2641616187
1688,951,-9,0.498426375500827,13873.2163835287
9152,951,-7,0.638281510130133,10716.0451437566
9172,951,-7,0.419265058852997,10889.5596210827
9197,951,-8,0.446422712699601,9138.96979164676
951,9208,-5,0.508215125725399,10737.326863106
9398,951,-2,0.440645939404726,8313.25955241269
9462,951,-7,0.559409577456903,8305.55901383294
13545,951,-9,0.559021588175296,9590.33327972051
14162,951,-2,0.401519269055435,9182.53143005239
14229,951,-9,0.610234750934995,10730.6854613995
951,14238,-2,0.418495397739988,10446.420924949
14240,951,-1,0.453704173162253,8608.02760665285
14242,951,-4,0.490863450231713,10450.9781736631
14252,951,-7,0.54713232957687,10991.7348402146
14302,951,-1,0.422100252472137,10338.6817073287
14305,951,-9,0.421601566174897,10267.1493592449
14386,951,0,0.548535258725512,8246.93797908341
14499,951,-7,0.52537804105136,9511.34715962754
14514,951,0,0.436149625468589,9777.65620704862
14723,951,-9,0.476813133301975,8013.53008922258
15030,951,0,0.479769307911663,14729.6622428734
15135,951,-8,0.502029702151519,14626.5334566066
951,15176,-2,0.623332204909231,11299.2396486985
15257,951,-9,0.583354251498416,15218.6874998076
951,15469,-3,0.513823853757979,13751.2282024238
951,15552,-9,0.507184645870165,13949.2940279545
15638,951,0,0.469417797683224,13793.0474623349
951,15639,-9,0.459607822611786,13730.1313449261
15672,951,-8,0.512867959448668,13935.5449728694
15805,951,0,0.460995711197414,6676.90368074541
15883,951,-8,0.421165442659378,9466.91502017834
16023,951,-8,0.469782976372277,8457.45464027028
16247,951,-5,0.411880607767671,8882.94470342684
16282,951,-1,0.474375246530815,7325.19131864301
16306,951,-1,0.416443180975018,7767.79413722253
951,16311,-7,0.518098262557562,7595.05711919667
16322,951,0,0.521834087253835,6914.96418970068
16328,951,-2,0.548474582950887,7541.89218392311
16329,951,-8,0.770578763168127,7148.28032721144
16415,951,0,0.626776740608909,6863.32284142562
951,16453,0,0.552030389658734,14199.8560364491
16471,951,0,0.675502847635591,14079.4282477827
16482,951,-1,0.548549051398612,14123.8234906418
951,16505,0,0.416526121756968,14034.6881970508
16566,951,-9,0.455759832758547,13859.9847011012
16605,951,-4,0.44763253004847,13666.9810148399
951,16631,-9,0.748276936832154,13379.6062958298
170811,951,-4,0.414781963686838,10448.6793313158
951,170907,0,0.466730577076274,10427.2623885759
177672,951,-9,0.578555033972172,15049.1516991759
951,178658,-3,0.437088566983557,5385.3590576718
183104,951,-4,0.515205638092847,7677.19061110244
804,951,-9,0.428868751845851,8499.43334786355
811,951,-7,0.50235858716489,8348.33230095805
1227,1340,-7,0.458480379332931,1765.86431010984
1227,1494,-5,0.415008690592024,3201.05386379007
1227,1660,-4,0.616172899782827,13376.4900556576
1227,1694,-7,0.417839734006221,13634.074738373
1227,10147,-7,0.514300846013851,10207.918303385
1227,14653,-1,0.426648040056157,4221.22686169964
1227,14723,-9,0.4129330338889,3952.33097744686
1227,16453,-4,0.429293451551911,12844.1719970093
1227,16471,0,0.435310235853814,13196.6848063842
1227,16591,-7,0.42876426115384,13049.648541261
1237,1494,-1,0.43609898295159,3118.47750603018
1237,1660,-9,0.421310232838597,13346.1088615851
1237,15257,-7,0.464846155360735,4087.65434857399
1237,16471,-9,0.424154424559807,13156.0439460783
1242,1393,-6,0.462574601556644,1741.10796831592
1242,16631,-3,0.415685292986037,15729.1569594402
1251,14210,-4,0.409106792491961,1396.77460539034
1260,1650,-1,0.479127611008771,13360.0502723004
1260,1659,-2,0.437762274345174,12777.7320833769
1260,1688,0,0.452938916174882,13531.1054756831
1260,15176,-9,0.489914324361968,1803.69805591203
1260,16329,-1,0.464524847019925,7948.84636923144
1260,16453,-8,0.482461341511841,13368.1318958603
1260,16550,0,0.454530759103467,13542.4766703136
1260,16566,0,0.45908104288249,13532.3434318742
1274,1261,-7,0.446474851669868,223.060641492945
1392,1261,-7,0.416227986844918,3302.99390574961
16286,1261,-2,0.40652110550372,8078.41865046984
1265,15638,-4,0.432021285891476,5171.71138797839
1265,16550,-8,0.409186901910091,14152.083103937
1275,1274,-1,0.503320145255849,46.2339336279286
1274,1643,-9,0.4226137306649,15262.8255456623
14159,1274,-9,0.425998540570682,67.197877678629
1274,16566,-6,0.403746149499647,15764.7450092182
1275,16532,-9,0.514936676344345,15896.6440740975
1279,15638,-4,0.403183915394875,5202.95245315287
1279,170907,-9,0.416907718696788,65.950985041189
1333,1284,-6,0.418489966676331,1446.65562412533
1343,1284,-7,0.452442265804236,886.191274139718
1284,1494,-8,0.477941969446973,2487.2863583595
1284,1567,-1,0.454787704999263,7995.72497862772
1284,1582,-7,0.41910602253262,4881.2939073796
1605,1284,-9,0.4244676342211,5515.96673285512
1284,1660,-1,0.622738867600752,14722.1644675363
1669,1284,-9,0.499447989526545,13855.2625680923
1284,10147,0,0.56902213134784,8786.66128258633
14209,1284,-6,0.507540945223278,27.9539962662657
14723,1284,-1,0.407202782806845,2561.8810959335
1284,15176,0,0.42702549503732,2256.39442412445
1284,16322,-9,0.451909930585762,7798.61333063451
1284,16329,-8,0.46055310858745,7815.36572992507
16362,1284,-4,0.51706589211889,7989.23270655562
1284,16471,-9,0.483526384946433,14486.1348981453
1284,16520,0,0.429180227175852,14797.7053625249
1284,16550,-6,0.437480439268834,14269.4865934373
16566,1284,-9,0.523645252110491,14257.7696896689
16605,1284,-7,0.447970903793907,14733.4565119194
1284,180481,0,0.455649445272042,4585.66861785591
161,1284,-3,0.524385498708115,4876.08885951698
1227,1284,-3,0.419537460538761,1421.64899265611
1432,1292,-1,0.419701174397447,1579.5733010289
1292,14215,-1,0.410185692952705,65.4366486415093
1292,14238,-1,0.48406201806735,48.5296475840218
1292,14242,0,0.41804768705789,52.6470404040478
14302,1292,-9,0.406483567839357,72.1908238090864
16471,1292,-5,0.409359365656434,14451.0407509126
1294,1343,-8,0.521199132329321,786.088975660022
1294,1550,0,0.519458974392336,4581.69263518606
1294,1567,-9,0.610937652007623,7964.88151055316
1294,1605,-6,0.616663428752791,5415.18737627188
1294,1612,0,0.526145109163617,5757.15676004832
1294,1651,-9,0.435901329669809,7587.7134860726
1294,1653,-8,0.489328633605323,7659.55287435842
1294,1660,-9,0.599101599433596,14708.3844918142
1294,1663,-6,0.42773318352258,8052.03361110004
1294,15257,0,0.557572048809301,5451.24244651515
1294,15538,0,0.404373037516431,4971.43065176618
1294,16331,0,0.454757412508897,7729.56330855936
1294,16405,-2,0.473573032773311,13629.105779332
1294,16573,0,0.405692554362168,14782.8138830931
1294,16605,-2,0.527106584109812,14701.730088898
1292,1294,-2,0.621511590292618,31.0478079013312
1298,1296,-7,0.491929557204016,583.011531592816
1344,1296,-9,0.443791765661492,6291.90516739887
1392,1296,-4,0.516102154993788,2820.89814084638
1407,1296,-8,0.416135402192205,2970.59081090133
1432,1296,-7,0.464078038316365,2493.73227398525
1468,1296,-6,0.53938536954407,2339.38703600348
1482,1296,0,0.438292801168369,5438.17119317284
1507,1296,-9,0.565374347478693,6395.6476409632
1511,1296,0,0.418372160864542,6708.18850135723
1296,1575,-4,0.492926737666914,4956.93768580881
1605,1296,-4,0.636588693686828,5913.95845355125
1612,1296,-7,0.534829173510531,6192.22668896892
1644,1296,-2,0.445753811372619,8038.93873302455
1651,1296,-9,0.488600476736732,7851.32572984293
1662,1296,-9,0.482518286233087,8122.67323294673
1669,1296,-9,0.582468049517756,15143.1480190124
1690,1296,-8,0.400195505797838,15552.4907850701
1693,1296,-8,0.423415496158732,15715.5742592892
9152,1296,-2,0.419108222220404,9352.32226964316
9197,1296,-9,0.5004683848966,8399.84184050819
9213,1296,-9,0.55618946648225,8393.15905879203
14240,1296,-2,0.432322503889167,1049.56196077138
14514,1296,-9,0.481380176449956,1030.31612239754
14577,1296,0,0.40862748167977,1539.51637612301
14690,1296,-8,0.53348777856632,4732.30801432224
14723,1296,-9,0.444649777366436,1304.0889396446
15030,1296,-8,0.471195186366459,6177.66006273068
15105,1296,-7,0.552909532331905,5562.71473568922
15135,1296,-9,0.400591151374085,6189.32929330271
1296,15176,-1,0.671619656424972,3400.06533682478
15243,1296,-9,0.417690966955202,2149.4973063572
1296,15257,-7,0.458052366605237,6749.12470973902
15458,1296,-9,0.436650476416893,5304.16344270917
15672,1296,0,0.403915505267135,6783.37804730904
15751,1296,0,0.448361555154473,7118.88941310285
15811,1296,-9,0.628387486246517,7142.23288097631
15926,1296,-9,0.417656682465388,5249.75905842017
16023,1296,-5,0.41181454606697,5829.15453279494
16247,1296,-9,0.450897094177934,7858.71843289637
16322,1296,-9,0.617509300804874,7837.40469177088
16329,1296,-4,0.401513699031516,7906.47094794768
1296,16415,-9,0.415235844683926,8238.88644935337
16471,1296,-4,0.615003477036008,15782.6817873283
16532,1296,-7,0.463072593187957,15632.6826628931
16551,1296,-9,0.470265399269726,15546.8248196836
16602,1296,-3,0.422418709869875,15896.2504382259
16605,1296,-3,0.473982229443629,16021.9405360744
16631,1296,-1,0.542066900808926,16067.6530245909
177672,1296,-4,0.559494721101167,7261.7927078001
1317590,1296,-9,0.413142463184129,1709.97457802894
175,1296,-4,0.418746021024016,14898.527606853
1298,14438,-9,0.489917789027554,892.578906416133
1298,15001,-8,0.405827081044755,3582.00461660864
1298,15257,-9,0.55154672031977,7329.31867373089
1298,15552,-1,0.415069744028098,6935.07298191107
1343,1301,-8,0.474172156369017,1743.25962457203
1355,1301,0,0.448861247342427,2686.64734612826
1301,1374,-4,0.472804822921929,6567.76199121429
1394,1301,0,0.496863999970735,1138.51025630907
1481,1301,-6,0.428073150120216,6054.79006751608
1511,1301,-4,0.416811801526683,6705.1118143411
1575,1301,-9,0.503409550336493,4830.27248046889
1582,1301,-9,0.46567297979751,5079.86159530731
1585,1301,-2,0.402775827121304,5277.10055276082
1605,1301,-9,0.478660546867137,5777.7532822869
1301,1650,-9,0.562158548612919,15458.7552031128
1659,1301,-4,0.482549222607347,14813.4165061974
1660,1301,-9,0.527333303261512,16061.3549153373
1669,1301,-5,0.453910138216312,15152.8283976248
1301,1694,0,0.484277398578831,16123.5892759978
9213,1301,-2,0.431595625431026,8499.15789260455
9305,1301,-1,0.43033065965803,7876.1841323099
9340,1301,-1,0.48166127239726,7302.21132493827
9446,1301,-1,0.44906275792705,8881.98897106343
9462,1301,-2,0.446214135587592,8784.75427870703
9523,1301,-1,0.44477350025916,9033.52826595463
9543,1301,0,0.407073881301216,8730.29409707692
10147,1301,-7,0.547073876916595,7505.02320011147
14723,1301,-9,0.485058813841663,1225.38852867603
15000,1301,-8,0.412005297356875,1767.76212939522
15176,1301,0,0.406393826534607,3371.8301557739
1301,15650,-8,0.416568627626349,6488.42009228784
15751,1301,-8,0.404682580419993,7109.89437028717
15827,1301,-7,0.4235939271321,4568.3622351321
16311,1301,-9,0.402306495163574,7792.50635978839
16362,1301,-8,0.485076239148634,8006.68803708578
16471,1301,0,0.55322926215556,15806.7089218486
16566,1301,-6,0.521994459643521,15543.0962822394
1301,170907,-7,0.434272102929434,1377.93861234171
177672,1301,-2,0.445168668773282,7291.20704654742
138,1301,-8,0.444039576240068,4498.66733236849
161,1301,0,0.409361159374494,5027.5815835168
180481,1301,-4,0.41823324967148,4883.03827103943
798,1301,-3,0.478901060641484,9755.18459920988
804,1301,-3,0.429168420961792,8405.63517068647
1302,16573,-8,0.407772354516187,16138.3006791097
15419,1307,-5,0.432744908332661,2310.21771206898
16023,1307,-2,0.441865604779595,6073.13141190322
1319,1308,-6,0.477954594496336,2687.34728316969
1343,1308,-3,0.409283470642755,2599.07377219607
1496,1308,-4,0.404290521906553,2666.3704120984
1520,1308,-5,0.446332628870342,7807.87817037327
1605,1308,-8,0.543267977513215,5531.67316409673
1612,1308,-9,0.456914710788699,5937.95553951843
1627,1308,-8,0.436088384248183,6740.92705670523
1660,1308,-3,0.437530872203282,12027.3730190182
1695,1308,0,0.455041015970079,12314.8059720337
9172,1308,-9,0.427123336891548,10913.005013375
9328,1308,-7,0.475161798174293,11151.4390941034
9427,1308,-5,0.464697110745275,10874.6110298477
9431,1308,-7,0.420641495159852,11004.7073497128
14226,1308,0,0.49195724572868,2020.1156469225
14242,1308,-6,0.456835802389073,2620.97365120092
14386,1308,0,0.405734256017051,5318.46788918133
15257,1308,-9,0.406515228040932,2773.92171246222
15380,1308,-4,0.449763927421819,3108.18050511233
15606,1308,-9,0.466206004017127,2688.38746196617
15751,1308,-9,0.406285998690089,3441.21818413928
16389,1308,-6,0.404566424976208,8139.04955366547
16402,1308,-2,0.459088185879821,10958.065493115
16453,1308,-2,0.467080858685469,11429.571993594
16471,1308,-9,0.535190635363362,11799.0254574299
16520,1308,-1,0.4435861833736,12109.2520710565
1308,16591,-6,0.44548719115871,11612.4270000049
16602,1308,0,0.438292088632231,11945.4369130042
1308,16605,0,0.410894474951344,12063.9992065322
794,1308,-7,0.408175589711777,11122.4281596693
808,1308,-8,0.464708317003583,11028.9491136443
822,1308,-4,0.410473309666074,10876.7241488534
823,1308,-2,0.415892050502654,10944.5369487091
1310,15552,-9,0.433079918275117,5655.81278900828
1335,1312,-1,0.406655437016877,927.129658967208
1312,1355,-2,0.432332043916161,1925.4224230772
1312,1511,-8,0.400896717848009,5946.95923511765
1312,1550,0,0.611800597207996,3853.29457367472
1312,1585,0,0.451019062289736,4708.16420855415
1312,1605,-9,0.557255356687945,5211.64340797606
1312,14210,0,0.410249010619884,1300.5352953165
1312,15257,-6,0.481365503049378,6149.40336018198
16471,1312,-3,0.451788179726732,15072.6095273267
1312,16631,-1,0.474155085173214,15293.0684845751
1313,1567,-9,0.443019381630054,6447.73325725004
1313,1694,-6,0.44010011971277,13296.0945251209
1316,1690,-6,0.456580905510755,11400.9757666
1316,14309,-1,0.415222505054521,3054.08946872315
1316,16011,-4,0.419824150395336,5604.52709990751
1319,1358,-3,0.405690264459528,6080.78950477786
1319,1484,0,0.429381573957711,4612.27142776126
1319,1694,0,0.611809852620476,14648.2620149001
1319,16246,-5,0.422025135131477,6829.50472099256
1319,16359,-9,0.47143308890518,13493.2687660551
1319,16550,-6,0.529351955179926,14085.5588997285
16471,1321,0,0.415199683254904,14424.9024034588
1322,1335,-6,0.512283596355689,350.105980965925
1322,1340,-1,0.495706038152803,346.579860739574
1322,1494,-9,0.441485312310766,1913.22708940092
1322,1507,-9,0.589296952211751,5039.08228482597
1322,1653,-9,0.413409697104734,7181.27708332009
1322,1660,-8,0.428293394097785,14781.2519576395
1322,1688,-7,0.403000425816469,14194.0435328408
1322,1690,-9,0.495067302661277,14192.4322849652
9243,1322,-3,0.420008979346848,10770.4249512989
1322,14674,-8,0.466713436641323,172.126806385855
1322,15102,-9,0.411650586363758,3281.63228464542
1322,15552,-1,0.574821415739959,5037.37336647046
1322,15672,-8,0.52277903847322,5436.58582062888
1322,15827,-8,0.409333829201467,3545.11079185526
1322,16320,-8,0.533170796690631,7223.92261398591
1322,16455,-7,0.408933238473776,7712.55760233038
1340,1324,-6,0.438233812922204,2931.79835466336
1392,1324,-2,0.409778567208833,2084.09983727572
1605,1324,-9,0.466942133472534,5579.45960328363
1324,1660,-2,0.456057770604862,11715.3613821826
1695,1324,-9,0.409734940208003,12003.2805784909
1324,9197,-8,0.409011737931491,11009.4780298804
10147,1324,0,0.447250120600767,11602.1099778667
1324,15176,-8,0.452398884871599,1799.65367689328
1324,15273,-8,0.422130186719373,1937.35026330437
15811,1324,-8,0.409140993493253,3371.27293457204
16389,1324,-1,0.403951785585898,8151.97138723462
16471,1324,-8,0.465396261705951,11486.2004029699
1324,16550,-5,0.444953094313652,11299.778150088
16566,1324,0,0.456012628000762,11291.0825198823
1343,1326,-4,0.449957120373881,243.841279275772
1401,1326,-8,0.404744014199841,4220.81575582196
1651,1326,-3,0.401733967344739,6979.87934411576
1669,1326,-3,0.429261021265614,13305.8360375164
14690,1326,-9,0.417178875715164,3088.51827088365
1326,15751,-3,0.551201240019292,5252.48565729687
15852,1326,-7,0.449542335854102,3410.21809298893
16011,1326,-8,0.433341886163259,4751.79932691897
16322,1326,-1,0.40258085588334,7133.21939995189
16471,1326,-9,0.459378803606245,13978.7237416472
1327,1484,-9,0.499426740219581,1947.29238648815
1327,1494,0,0.461450315584972,3598.16617742263
1327,1653,-1,0.527595236887214,7727.42888378353
9243,1327,-6,0.432027438472899,11376.0728515825
1327,10147,-9,0.426065771110543,11545.189198888
1327,14133,-6,0.425208313804405,2570.68875795306
1327,14777,-8,0.407091025967181,5895.7041548854
1327,15751,-5,0.400188192028085,3134.93286216805
1327,16322,-1,0.446682167353127,8102.82958893311
1327,16331,-5,0.402973009119466,7859.49477770799
1327,16471,0,0.474845355883198,11501.8864487293
1327,16566,0,0.435688378217038,11298.1078355738
1333,1342,-5,0.418503445680217,1177.81253378851
1333,1550,-5,0.45391998715295,5229.93176386671
1333,1650,-9,0.409274362483853,12832.4461885639
1333,1688,-9,0.438688717402298,12862.7751657519
1333,14660,-3,0.446098741590436,1792.21699722155
1333,16566,-9,0.509343160599286,12862.0443294707
1340,1335,-3,0.40921955756044,68.129562662586
1335,1342,-4,0.444382152361475,139.237907990727
1343,1335,0,0.660180206448733,82.4232799375918
1358,1335,-9,0.406107156618785,6002.35736006325
1393,1335,-9,0.560373151253804,2299.89933767398
1394,1335,-5,0.524259782036475,2326.16361229665
1409,1335,0,0.42088475288204,1885.41771976542
1432,1335,0,0.424465616425441,859.089355912182
1494,1335,-7,0.513413093144943,1707.32259872976
1509,1335,-9,0.565879941631299,4999.41427099646
1335,1511,-7,0.529849253658531,5025.10951896458
1335,1567,-7,0.699269134744261,7664.980421981
1605,1335,-9,0.749606594772534,4715.81257620226
1335,1612,-8,0.597220811211012,5062.77896801237
1627,1335,-7,0.447347076833866,5902.18198006737
1335,1651,-5,0.529051151838347,6908.76879406946
1653,1335,0,0.448336764858716,6976.02032142472
1335,1660,-9,0.668776841161762,14473.6846348684
1335,1663,-9,0.585371380187257,7372.13423074304
1669,1335,0,0.543724799531654,13478.4913721923
1693,1335,-7,0.535232627644459,14004.7884536044
1695,1335,-7,0.731953868642948,14563.1530589132
9224,1335,0,0.692670948983733,9891.78652880049
9286,1335,0,0.415128688156779,10765.4288472891
9328,1335,-2,0.608665811610651,10143.1013389483
9332,1335,-4,0.672195186541353,9378.5231466319
9427,1335,-9,0.613072699232493,9382.91843039094
9452,1335,0,0.534931696507974,9729.51389223424
9504,1335,-6,0.549513147478879,10567.1645318838
10147,1335,0,0.550026406822731,8737.07815197182
1335,14210,-5,0.498786615005125,844.548889023654
1335,14218,-2,0.479839508936733,890.585107572613
14226,1335,-9,0.486002267577744,886.933491158244
14386,1335,-9,0.478660899034137,3034.77690501804
14418,1335,-1,0.436414699857417,1682.12193627229
1335,14431,-3,0.624206168720688,2533.82144424667
14439,1335,-2,0.485179351002319,1409.96471252259
14478,1335,-1,0.634068352940569,767.065307742622
14499,1335,-8,0.433342167518621,1054.90561634322
14549,1335,0,0.455537148878243,836.260729973295
14550,1335,-3,0.469264780705006,623.977612205346
14667,1335,-1,0.473112132091383,890.613918337453
14674,1335,-5,0.547580723587084,264.497017713558
14677,1335,-3,0.445228504439428,296.379483010483
14679,1335,-2,0.405582909298133,859.958762963274
14690,1335,-1,0.488286709167246,3294.51354822404
14723,1335,0,0.686425880055557,2798.81556743237
15001,1335,-3,0.427298150030004,1311.81706431218
15030,1335,-9,0.463759334573018,4757.54360678438
1335,15176,-7,0.421661466771937,1669.13041793698
15235,1335,-3,0.428436731920953,900.926038670637
15254,1335,-8,0.436283786688352,864.548796282338
1335,15257,0,0.513764288951491,5328.17424770298
15273,1335,-1,0.516382860307928,1642.89539741167
15552,1335,-9,0.596046515507214,4720.3110022893
15638,1335,-3,0.411707784373904,4862.936872829
1335,15639,0,0.465190885332822,4812.43131089621
1335,15650,-8,0.482184132307996,4806.67398388993
1335,15672,-1,0.523923880213424,5108.78351295353
15751,1335,0,0.502623178244076,5419.63999660841
15805,1335,-2,0.482469438724178,3770.56830040072
15811,1335,-5,0.537804757022308,5419.79484229096
15827,1335,-1,0.553191576454875,3264.78873515494
1335,16011,-8,0.466157121443735,4709.48090410166
16023,1335,-1,0.402267210954974,4726.87938686862
16245,1335,-6,0.515490759734171,6591.60625626834
1335,16246,-8,0.441584317282415,6580.82071473376
16310,1335,-1,0.425295074736097,6988.36024734747
16312,1335,0,0.4619927250264,6990.93363769544
16314,1335,-8,0.427749135721948,7004.12501085437
16320,1335,-5,0.638882508920927,7012.68261713964
16322,1335,0,0.427274221438353,7043.09451335453
16328,1335,0,0.449174388857512,7031.49865793347
16331,1335,-5,0.575224758639172,7050.63616535243
16351,1335,0,0.618616271945143,7156.95024691074
16355,1335,0,0.638542692210618,13142.9554984987
16389,1335,0,0.790516193999607,7292.31890428862
16391,1335,-9,0.533299198138845,13180.2024210176
16400,1335,0,0.508486376556049,7364.48253607832
16402,1335,-4,0.496745936937209,13248.5709310787
16405,1335,-8,0.457308899881003,13288.4947885095
16415,1335,-9,0.469222102632239,7440.3956027389
16453,1335,-9,0.588106593906991,13752.2805285467
16471,1335,-2,0.649231089946273,14157.7934879601
16520,1335,-9,0.462943958391884,14470.3876902253
1335,16551,-8,0.430648116031163,13867.731137506
16566,1335,0,0.722412577182857,13857.9864655871
16602,1335,-8,0.58574350059701,14221.4001812682
16605,1335,-9,0.610489883014178,14352.5973608389
16631,1335,-9,0.431477484826741,14365.998637262
170811,1335,-9,0.400554726225543,771.02795443239
1318849,1335,0,0.531953436516283,3345.72874006631
175,1335,-1,0.697495786560438,13228.8059100263
808,1335,-9,0.465979164212695,9928.82890399096
813,1335,-9,0.428081782609205,9261.57710748476
1294,1335,0,0.61908131083943,705.361842199184
1343,1340,-7,0.521384803777611,60.4743367689853
1358,1340,-8,0.567385393591511,6062.61355850385
1392,1340,-8,0.415489511808715,1113.86697048132
1398,1340,-9,0.414682888307207,3765.09567514864
1408,1340,-8,0.441452695233474,3873.0183330603
1468,1340,-4,0.53020026122851,952.981263307786
1481,1340,0,0.465224839421235,4447.52272320174
1498,1340,-4,0.439207685843339,4787.5241937246
1509,1340,-1,0.423347915764613,5033.36684935623
1519,1340,0,0.420689857806159,5278.22020241539
1529,1340,-9,0.413419907246299,2634.56103852445
1567,1340,-7,0.478401613241378,7703.52829384716
1605,1340,-5,0.666168413779614,4672.78246143975
1635,1340,-5,0.405302643878173,12783.6960665056
1650,1340,-8,0.456761758442703,13922.8108308903
1651,1340,-9,0.527303922634439,6858.48013882843
1340,1660,0,0.70159270095559,14513.9427487635
1669,1340,-3,0.578415395235008,13509.7409878449
1340,1688,-4,0.547588936972589,13888.9894401885
1340,1694,-5,0.436582857528208,14457.4116739492
9197,1340,-7,0.484082046829796,9979.24972409656
9243,1340,-9,0.437465178868734,11084.6512350308
14229,1340,0,0.476936369420738,821.824087985737
14234,1340,-6,0.427512587966333,800.149890769237
1340,14674,-2,0.419794407878243,230.054956430483
14690,1340,-9,0.495130954877172,3349.4788403474
14723,1340,-2,0.520778408228431,2762.56747326651
14769,1340,-1,0.490713004098089,1872.89499757897
14802,1340,0,0.40518563344757,236.153067017516
15011,1340,0,0.498363769389014,3401.70228884474
15105,1340,-1,0.551944965269863,4092.78198793177
1340,15176,-9,0.548521793715989,1692.6171332308
15380,1340,-9,0.427780938060562,989.8806077576
1340,15552,-3,0.498513144038028,4759.026270997
15751,1340,-7,0.608774501265552,5449.40574829423
15811,1340,0,0.553414969200887,5444.0692345528
16023,1340,-9,0.483474798648147,4679.70616093665
16247,1340,-9,0.456252510064895,6561.07178852102
1340,16320,-4,0.547343190114337,6964.63646077051
16322,1340,-9,0.526516160860026,6988.46503476184
16330,1340,-9,0.460574305627091,7181.48912059555
16362,1340,0,0.442836781187144,7158.04339677862
16389,1340,-5,0.423301882133768,7242.49074394233
1340,16415,-1,0.429925790827983,7386.2422762772
16453,1340,-7,0.465154639599586,13785.1612041191
16471,1340,-9,0.510567688290958,14192.3842014772
1340,16566,-4,0.53858110958963,13886.9541161645
1340,16573,0,0.436491770103979,14487.3719056845
16605,1340,-8,0.502676887941164,14382.7194162272
177672,1340,-4,0.414329216655969,5750.24091304708
790,1340,0,0.441151321217771,10879.0122062254
805,1340,0,0.402042185615139,9011.45801568267
951,1340,0,0.550710856818846,10179.2092623496
1343,1342,-7,0.416472080661483,115.533813326244
1509,1342,-8,0.400437623886267,5088.81080654897
1511,1342,-9,0.430671787537714,5112.32423403439
1605,1342,-9,0.446254007659403,4648.34255581865
1662,1342,-9,0.483931020588431,7256.06025618522
10147,1342,-7,0.429011634918297,8606.22758406031
14133,1342,-4,0.400052503131378,964.69851068419
14209,1342,-2,0.414631879317793,867.562799192324
15257,1342,-6,0.404206361053412,5450.33047688313
15458,1342,-6,0.458449112934346,3722.92720164631
15502,1342,-2,0.409331321380699,4750.48511441744
15650,1342,-7,0.422503511986113,4893.32742325281
15751,1342,-5,0.47846755217039,5501.37946909171
15812,1342,-3,0.429241998987586,3133.01058595652
16239,1342,-9,0.407319162250515,6523.07221363636
16400,1342,-8,0.416233169588466,7275.46892651674
16453,1342,-9,0.466213274009455,13839.0479374039
16471,1342,-6,0.480911578559927,14247.6403310295
16482,1342,-9,0.415494646581936,13811.0480916333
16566,1342,0,0.535466608288453,13937.5249748719
16605,1342,-5,0.459054213196762,14434.2199114636
1343,1345,-8,0.494197087074148,2953.35032520687
1343,1407,-6,0.408938574446981,1198.85436148388
1343,1484,-7,0.407355303393781,4406.29260926269
1343,1494,0,0.60777024155557,1625.3878734334
1343,1511,-9,0.433643860542077,5000.52314243677
1343,1550,0,0.418671439915872,4260.87539329968
1343,1575,-5,0.491429849494248,3590.95890751684
1343,1582,-9,0.437733071903502,4007.75582682403
1605,1343,-7,0.606850854024898,4633.6361066497
1612,1343,-3,0.446941484740496,4980.39070916349
1343,1640,-2,0.457134509286079,13600.1601377124
1647,1343,-9,0.425024116964125,12461.3843877839
1343,1650,-8,0.480621739188384,13868.8239370176
1343,1651,0,0.434246954642115,6826.53282914587
1653,1343,0,0.411691181064645,6893.6676273294
1343,1660,-9,0.77769104192157,14459.3076220132
1662,1343,-6,0.543360600039379,7271.42605550325
1669,1343,-3,0.58901227408205,13451.7759011318
1343,1688,-2,0.701784004507387,13830.4627386362
1343,1693,-8,0.588111693597802,13969.7737253449
1695,1343,-8,0.45949128057895,14531.7414358405
9243,1343,-7,0.414212857796187,11132.1425541589
9332,1343,-3,0.492990632463123,9438.72900824371
1343,10147,-6,0.586576647884941,8717.17420136681
14209,1343,0,0.500253223420021,881.558278700928
1343,14215,-4,0.41443596361624,855.001424932594
1343,14226,-9,0.49166252810345,955.135688126343
14418,1343,-7,0.441662630053084,1718.72707496952
14679,1343,-5,0.408060309925728,875.021480484212
1343,14723,-9,0.477744407924641,2819.08020424749
1343,14957,-9,0.481644185032874,3292.34822251068
1343,15176,0,0.490809387811904,1633.23247314314
1343,15257,0,0.505571576992786,5335.89679924157
15273,1343,-7,0.445534694287781,1600.87997475799
1343,15293,0,0.478722513537166,1724.46532945942
1343,15552,-1,0.501425188820845,4703.99719285705
15582,1343,-1,0.446605651486343,3988.54855995383
1343,15638,-9,0.498497299426957,4840.28172999794
1343,15672,-9,0.595900347339821,5085.8015427263
1343,15751,-4,0.554012473173,5391.18376078764
15811,1343,-9,0.462100530767223,5384.63516266189
15812,1343,-1,0.46580050738758,3092.37737371394
1343,16320,-2,0.538141637378141,6930.27535253288
16322,1343,0,0.478446608326259,6961.82508195643
1343,16351,-1,0.515652199244905,7074.70049497964
1343,16355,0,0.630236582616209,13118.9305888379
1343,16359,-7,0.486370767192679,13272.6359390846
1343,16361,0,0.462485122519841,13126.1143888016
16362,1343,-4,0.527234183261408,7125.39712978857
16389,1343,-9,0.545769441039144,7210.03019201532
16400,1343,0,0.547132271486483,7282.50771894015
16402,1343,-8,0.475904930314205,13222.3630006706
1343,16405,0,0.458496419594812,13262.4487051741
1343,16453,-4,0.606871413580804,13727.6774928333
1343,16471,-9,0.684284310204415,14135.453997379
1343,16482,-6,0.551835137704208,13700.3357463972
16516,1343,0,0.410627291463531,13168.1038671798
1343,16520,-3,0.689733939204763,14447.7353898421
1343,16532,0,0.595843183996517,13940.037676751
1343,16550,-6,0.433490936056711,13845.2320729202
1343,16566,0,0.561587470237793,13828.3788751918
1343,16573,-9,0.577140559623054,14429.6313445188
1343,16602,-8,0.701081410643122,14192.5582105907
1343,16605,-9,0.71070276855608,14324.4247972596
1343,16631,0,0.494344037170688,14332.6043763083
1343,180481,-9,0.479226823444215,3703.65576653573
161,1343,-6,0.550656015461645,4009.14807402627
1344,1487,-4,0.46504542330986,1622.38799153425
1344,1507,-9,0.403160158675907,2421.44824589705
1344,1690,-9,0.534661359895256,9567.63443507976
1344,9360,-4,0.434406220157409,11545.3620254045
1344,15257,-9,0.446311157413882,734.546131092877
1344,16415,0,0.436599326950581,9800.12867123394
1355,1345,-2,0.613238018200063,1993.18047499678
1358,1345,-9,0.447769303451275,3164.43781186452
1392,1345,-6,0.490745160664266,2077.39356694129
1468,1345,-5,0.673491164190837,3305.30352918057
1481,1345,0,0.567045630392078,1717.00751684234
1507,1345,-1,0.581967393653805,2218.94216469777
1509,1345,0,0.493165780455552,2417.68404638794
1511,1345,0,0.585236228187731,2479.95803089881
1582,1345,-7,0.440596624787162,5090.52385410084
1601,1345,-5,0.414511456903419,5331.90841553979
1605,1345,-3,0.636486688047683,5382.27653154456
1650,1345,-8,0.601387631876827,10988.0985664961
1659,1345,-9,0.510880398197878,10371.3793366326
1660,1345,-9,0.591695930969689,11589.0775116372
1662,1345,-7,0.481067534388498,8303.43126247571
1669,1345,-4,0.630373465762891,10717.5907530349
1688,1345,-9,0.448984778069299,11124.9539331813
9152,1345,-4,0.478564653509693,11248.7455218726
9197,1345,-5,0.487167439438971,11275.4885651531
9213,1345,-8,0.496554279937817,11319.9665065192
9398,1345,-3,0.437116356884363,11756.7066246128
9462,1345,-8,0.43654849894969,11949.4436325721
10147,1345,-9,0.498034838706108,11638.007819092
14514,1345,-2,0.403176444723486,3582.35595957843
14577,1345,-9,0.415302012683223,5977.57574466104
14690,1345,-9,0.52599261350808,392.441103586342
14723,1345,-7,0.555068135684295,5675.7225991841
14957,1345,-9,0.536437129567256,6188.69866708051
15000,1345,-7,0.439091505023455,6174.66504626081
15011,1345,0,0.424919633983331,6354.44166524883
15030,1345,0,0.516391724387305,1814.97443792196
15070,1345,-3,0.504119826698309,2156.0311575653
15135,1345,-8,0.608669472674421,1784.66613053559
15176,1345,-8,0.510481161549112,1724.96409405064
15257,1345,-7,0.434959912058548,2382.6980958022
15469,1345,-4,0.53277825550228,1608.81576155799
15638,1345,0,0.411672593593763,2287.19890083031
15811,1345,-4,0.498190988481002,3119.18883243044
16011,1345,-6,0.546800663924348,5353.66082304938
16023,1345,-9,0.61997400386484,5595.63936667684
16247,1345,0,0.524323251371364,6682.10043442239
16311,1345,-7,0.586724376920091,7621.52405306236
16320,1345,-9,0.408632985555229,7584.6938983198
16322,1345,-5,0.610415696209714,8003.83004243396
16328,1345,-9,0.456342038751523,7690.63106684541
16329,1345,-3,0.585412783675814,7895.44358061657
16402,1345,-5,0.48502178151556,10485.2269089719
16471,1345,-9,0.63332155148615,11339.9345955676
16482,1345,-2,0.472859735172064,10955.8182931703
16566,1345,-9,0.572018505765634,11126.3132153525
170907,1345,-3,0.606610769447577,3105.24872163504
132,1345,-9,0.634347417953855,2681.14674906144
177672,1345,-9,0.489428543613178,2818.94516680902
157,1345,-8,0.634109850289842,4418.91921454631
797,1345,-1,0.404649715353818,11330.7736883992
804,1345,-2,0.429863517172502,11509.0720620825
809,1345,-3,0.604249389310073,11842.0419806289
1322,1345,-1,0.444394300480025,3217.04464857476
1349,1373,-1,0.41248159931421,1679.01124397554
1349,15180,-3,0.507056955732716,2412.59065693577
1651,1353,-9,0.426486150347325,9442.96376735198
15458,1353,-9,0.428960518205396,2850.98073526155
1353,16471,0,0.441870588328685,9179.32579006927
1353,16551,-1,0.491278093024907,9103.39177328181
1509,1355,-6,0.43021963336506,3993.83689896737
1355,1511,-1,0.498085840287212,4021.73028199037
1355,1575,-2,0.438769750719353,3466.80039388058
1605,1355,-6,0.419966378590587,4516.12960990588
1355,1612,-9,0.569369995874605,4902.00552872305
1355,1650,-9,0.536593909274899,12873.6185738284
1355,1659,-3,0.432615447754774,12140.318850012
1355,1663,-6,0.471665883339115,7258.01970483022
1355,1688,0,0.436011059128091,12860.8267127569
1355,9197,-8,0.437646793922925,10650.396169099
1355,14210,-9,0.422837295378535,1111.12201329381
1355,14584,-5,0.424333659693417,4289.25466384554
1355,15176,0,0.470950575931692,741.510071897
1355,15650,-1,0.494697424317441,3804.10479820793
1355,16322,-6,0.463486872143157,7040.7341509851
1355,16329,-1,0.59126160493283,7002.8243989685
1355,16566,0,0.438895354251002,12859.437735108
1358,1507,-8,0.519160644623637,3082.63405876164
1358,1567,0,0.503655839786563,3159.34276417117
1358,1605,0,0.460631826877614,7895.72351231737
1358,1644,0,0.410785895027686,8780.60115547831
1358,1660,0,0.54455074708074,8867.08689749057
1358,15380,0,0.436646604855013,6503.27473017551
16322,1358,-9,0.405308877430631,10305.7338722736
16471,1358,-8,0.437359588068011,8770.91948188693
1362,1650,-4,0.450507713484018,12658.2485489226
9460,1362,-4,0.427766968165332,11379.6304305587
9516,1362,-2,0.4633374586117,10940.0846120223
1362,10147,0,0.46505992236942,9833.14841915758
14226,1362,0,0.47576198088958,1201.92214049214
15716,1362,0,0.497539257613113,5266.0537226207
15751,1362,-9,0.404359653806748,4206.12261034402
16605,1362,0,0.423683351751905,13133.5520307557
1373,15176,-9,0.464728206144968,3007.56994767917
15807,1373,-4,0.402108043635857,4586.74299446478
1374,1407,-1,0.428175739062115,4275.74060517308
1374,1421,-5,0.415433315407189,4124.22008003746
1481,1374,-9,0.558859292833212,1824.12581038755
1374,1484,-2,0.513446154222984,1860.23359392826
1374,1575,-5,0.541256318278016,6292.40893860404
1582,1374,-9,0.403882155267382,6899.92265502379
1374,1585,-6,0.408168250908136,6789.2417374693
1374,1612,-9,0.506518749598298,7374.25992855682
1374,1650,0,0.452177057206744,8917.665957096
1659,1374,-1,0.443673390023449,8473.27884301572
1660,1374,0,0.408348282530057,9519.98789827685
9446,1374,0,0.478341731974229,12407.0205021498
1374,10147,-5,0.413457323232049,13901.0584909344
14723,1374,-9,0.409444446351609,7792.16700016525
1374,15273,0,0.412952808476477,4080.91452637382
15380,1374,-1,0.401746972567177,5605.35699849562
1374,15811,-7,0.526364786845389,2955.25029088119
1374,16311,-6,0.403692778851834,8930.53900077777
16471,1374,0,0.463818994118841,9359.30950950226
1374,16566,0,0.41308360622215,9247.4302503237
16602,1374,-3,0.401885287682299,9563.78213800442
1374,170907,0,0.419330449387422,5197.28933921589
1392,1421,-7,0.426592982084722,381.290790241501
1392,1484,-9,0.441172677203979,3378.79688485807
1392,1550,-8,0.456062910427818,4945.60972539327
1392,1612,-4,0.504212619965608,4624.55664896164
1392,1640,-9,0.474531608463639,12583.7969293239
1392,1643,-8,0.402386054529587,12534.5568379557
1392,1660,0,0.555971453121685,13426.0318219204
1392,1693,-4,0.418234971118162,12915.970313474
8580,1392,-9,0.409978508477655,10814.9684770803
1392,9197,-9,0.40167559739684,10882.7844786104
1392,14210,0,0.427648232313732,1351.12120123649
1392,14229,-5,0.504617485969989,1429.51172548409
1392,14957,-2,0.409935278870363,4325.71812332712
1392,15176,-6,0.549848504261576,579.927452421525
1392,15257,-2,0.4968734376658,4429.75167273219
1392,15293,-5,0.452026336049177,676.891069607577
1392,15751,-3,0.445253707076536,4337.83243358856
1392,15811,-8,0.438324871566841,4330.75834352893
1392,16471,0,0.523394556964196,13087.0496321976
1392,16591,-8,0.497757801039181,12763.1948531074
1392,16602,-1,0.521727850270632,13138.2509967962
1392,16605,-1,0.487819961265477,13270.4161735514
1393,1394,-2,0.506258738698977,29.5768800527511
1393,1407,-4,0.431566075472247,3435.47290967689
1509,1393,-9,0.526714586689602,7230.22318963949
1393,1511,-1,0.510174802431654,7245.46514091271
1393,1519,-7,0.410643568565117,7453.87516698766
1520,1393,-6,0.415137463262325,2990.53655152764
1548,1393,-8,0.473841243233023,4419.23984830035
1393,1612,-9,0.472091955182311,5529.68495886627
1393,1643,-9,0.494467573725021,15844.3739484034
1659,1393,0,0.507400197282612,15311.2922678449
1660,1393,-4,0.406849211251956,16726.852810505
14226,1393,-8,0.44549957252062,2899.39363624607
1393,14431,-9,0.446711731405821,4794.60691620052
1393,14438,-3,0.418240928386377,1187.50070294965
1393,14677,-4,0.518836477847245,2006.32827977852
14682,1393,0,0.403095476545702,2996.30646407255
15243,1393,-9,0.42003297408622,2222.45872847921
1393,15257,-3,0.478215269126254,7620.02157407978
15458,1393,-7,0.416012091640784,5879.61474887718
15552,1393,-4,0.420092139765387,6986.42113314307
1393,15638,-1,0.501190978033336,7096.35505960123
1393,15639,0,0.510869088736608,7041.77110184061
1393,15672,-1,0.589271246389174,7339.00830988728
16011,1393,0,0.434580036865667,5335.53916296703
1393,16286,-7,0.444357018587055,6894.84856465602
1393,16355,-9,0.469324938291504,15321.7072124959
16471,1393,-2,0.414661595485228,16342.9053171267
15,1393,0,0.417403010996689,2434.36376941816
1393,16602,0,0.484014860681266,16323.7587883166
150,1393,0,0.407555957829778,5195.56322118936
1394,1398,-4,0.472513855570114,6040.33936439609
1394,1407,0,0.414766497202099,3458.86885063107
1394,1567,-5,0.458852124869978,9946.55488585198
1394,1605,0,0.418867501290842,5321.19831148028
1394,1640,-3,0.481221192775108,15918.0138243394
1394,1660,-9,0.402648596018081,16748.7231655544
1394,1662,0,0.414167416550092,7139.61218028874
1394,1688,-8,0.480695686393475,15978.9546413209
1394,14674,-8,0.408989623383589,2065.4472008056
1394,14677,-7,0.487134656224815,2032.85452734456
14804,1394,-6,0.421276394445711,377.101876220616
1394,15638,-1,0.513756279244785,7119.1080291299
1394,16550,-7,0.427236052587072,15996.5848741888
15639,1398,-9,0.416123742043219,1657.34516803099
1398,16591,-1,0.44110499027835,10365.338084949
1401,14242,-9,0.404334665362972,4502.65456496478
1401,15062,-9,0.440238320079223,731.165449570911
1401,16246,-5,0.438655025586808,7070.29446447062
1401,16532,0,0.410092458489574,9821.53014823888
1432,1407,-5,0.429601507886341,780.477901368031
1498,1407,-8,0.476386198080555,3575.92711514106
1507,1407,-7,0.497815760556887,3498.13544845246
1552,1407,0,0.403812373317007,4123.96912790714
1575,1407,-9,0.408782495461668,3100.12225532595
1612,1407,-8,0.498223556454154,4533.96393985043
1407,1640,-9,0.467969754970124,12460.4133713537
9152,1407,-8,0.438210916181088,11559.7566759251
1407,9197,-1,0.442631658724267,11031.3905652675
9213,1407,-6,0.475001705631505,11045.945743242
9340,1407,-1,0.502448645968449,10144.6235587607
9547,1407,0,0.470624263097311,11547.6848185388
14221,1407,0,0.40246631129369,1923.48448470415
14229,1407,-9,0.439387648315975,1579.1231389117
14957,1407,0,0.423459578218091,4456.47210406066
15105,1407,-8,0.501693448883882,3010.65166892091
1407,15176,0,0.647321111809198,434.92504112497
15419,1407,-6,0.45364457312247,4279.0463206423
15552,1407,-8,0.509618842518526,3553.29046734672
15638,1407,-9,0.406871324573989,3663.84276518772
15639,1407,0,0.418541470996191,3610.4589879354
15748,1407,0,0.480259517243853,4162.34457679408
15751,1407,-9,0.425696120064249,4199.19908837091
15811,1407,0,0.553624742403027,4185.83629193144
16282,1407,-9,0.416151397501865,6270.32789215004
16322,1407,-9,0.509567648590893,6691.97162280939
16471,1407,0,0.503528631837651,12951.0003498902
1407,16532,-9,0.508281106331509,12746.8392577367
16566,1407,-9,0.436991109883295,12632.3540838712
16602,1407,-8,0.445814271854484,12997.2585485786
16605,1407,-9,0.432833893536552,13129.8692169021
177672,1407,-9,0.499182778561956,4595.15103192561
831,1407,-4,0.440189051324271,12023.853403775
1340,1407,0,0.504976749710135,1258.4202245815
1392,1407,-4,0.47610569906267,153.749187012433
1408,1660,-3,0.461703681084004,10688.9053477473
1408,1694,-8,0.471927286201047,10822.1064401235
1408,16322,-5,0.412274660496467,8150.22003024886
1409,1567,-4,0.429407492364443,9447.39132135527
1612,1409,-5,0.463217698711156,5128.67491894535
1650,1409,-7,0.411254417329424,15666.6826490919
1669,1409,-9,0.416499779193822,15114.6385855866
9360,1409,-7,0.467219786561737,10579.1370786644
1409,15672,-9,0.561121930581578,6857.89717471763
1409,16011,-9,0.474090985323587,4909.87946942204
16400,1409,-9,0.413747786076583,7033.6129508258
809,1409,-9,0.440356123169874,10499.8110715515
1605,1410,-3,0.403331989010019,4904.23107663525
1414,16453,-7,0.480062244139032,13219.7995588994
1481,1421,-6,0.490735371246901,3036.36501680583
1484,1421,-5,0.455495339839222,3044.4683553477
1539,1421,-4,0.419620310038308,2144.2773806706
1567,1421,-9,0.523427334299673,6269.66571947842
1582,1421,-8,0.416168081364973,3593.77149407505
1605,1421,-9,0.536907339160075,4064.06159301838
1660,1421,0,0.461519134423816,13075.3553383006
9152,1421,-4,0.425225003044912,11720.0869880561
10147,1421,0,0.431289356239451,9822.55038038227
15176,1421,0,0.426195484395131,207.561440732089
15380,1421,-4,0.41406445897357,1493.20037060129
15606,1421,-1,0.426345535154488,3428.63115814867
15805,1421,-9,0.40250924143223,4461.59455170083
16023,1421,-7,0.413176357048773,4187.37427724717
16362,1421,-9,0.457614528708509,6640.4436361826
16471,1421,-4,0.454150844833041,12725.0187503973
180481,1421,-9,0.421122604793013,3204.82598075278
165,1421,-9,0.516530747162233,4109.88229530428
1327,1421,-8,0.430422115090659,1842.44131970614
14679,1423,-6,0.41176460619739,4941.27982196562
14723,1423,-9,0.450072862087904,6840.60571397079
1423,15469,-2,0.512780048675475,680.017234618063
16011,1423,-9,0.408906507183922,5648.40059672517
1423,16329,-1,0.408244190662357,8066.13352501936
16471,1423,-9,0.412568227226237,10169.8550734691
16566,1423,-3,0.409741163302921,9960.95498470794
808,1423,-8,0.425783702811028,12337.24303742
951,1423,-3,0.483631054712995,13920.9528782002
1242,1423,0,0.403235561106113,5227.25631579403
1494,1432,-8,0.415567058797168,1033.28185184897
1519,1432,-7,0.439311187972382,4715.00964909147
1432,1560,0,0.495857952589744,2589.45342413391
1432,1605,-7,0.487341765075705,3905.40799247493
1651,1432,-9,0.450844015861319,6144.26432594369
1657,1432,-7,0.466288527187062,6522.83072003861
1432,1662,-8,0.633203825395939,6635.29152778122
1669,1432,-6,0.549830789957756,12896.9984195591
1432,15176,-9,0.621781411656629,1158.14844149579
15243,1432,-9,0.453333326336914,556.559114621951
16312,1432,-5,0.424076463794308,6205.71166489236
16320,1432,-9,0.405197732889726,6229.59635906434
16400,1432,0,0.444180665591314,6614.17528080868
1432,16410,0,0.61562248117374,6679.71769645324
1432,16415,-3,0.603404990396595,6712.83889545775
16471,1432,-4,0.47676422868986,13606.9251560006
1432,16566,0,0.560999877762633,13251.8486465251
16631,1432,0,0.407083695883551,13728.579595047
157,1432,-1,0.406447369817503,2805.61601266454
158,1432,-4,0.462601820624689,3106.65137038801
1340,1432,-9,0.400090339646638,836.440178066033
16566,1455,-8,0.406097598008001,13474.3174245057
1481,1468,-4,0.456454123316457,4460.02583674678
1468,1507,-7,0.568458082758155,4629.52451952221
1468,1509,-5,0.506846742282812,4944.23205518152
1468,1511,-5,0.489038546202124,4948.90334346667
1605,1468,-5,0.463359039744699,3742.09120582441
1468,1650,-6,0.601470356068915,13832.9106180069
1468,1660,0,0.415031131791963,14390.990963973
1468,1688,0,0.406413958844209,13603.3448951238
1468,1690,-9,0.438205319927082,13560.1365901582
1468,9197,-1,0.468447928978518,10736.3595261688
1468,10147,0,0.466094396216117,8360.88306758045
1468,14651,0,0.465483579480434,3284.82326319701
1468,14660,-8,0.460447310634448,3246.2808189627
1468,15176,-2,0.593498158579913,1651.23545745899
1468,15552,0,0.407564385564972,4754.86910044678
1468,15672,0,0.492795656848548,5051.01786171168
1468,16322,-8,0.512235755907213,6036.91765988515
1468,16566,0,0.400357848289576,13598.4713854133
1468,16631,-9,0.406738243132611,14051.30469464
1481,1484,-9,0.599010630934558,43.9895697596382
1481,1507,-9,0.564025484257253,588.444891073712
1481,1511,0,0.439033858460122,779.475478557254
1481,1550,-9,0.42048667792136,7996.8288653075
1481,1575,-7,0.502004337940294,4567.37056221153
1481,1585,-2,0.433711967327231,5025.19123953085
1481,1605,-6,0.455660827483796,5196.9076794947
1481,1612,-9,0.511212206784083,5566.95704159882
1481,1650,-8,0.625355155698208,9477.25493055353
1481,1660,0,0.492223211203423,10066.579033373
1481,1663,-4,0.407425792341368,7457.48764474511
1481,1688,0,0.502447231236489,9495.39661598393
1481,1690,0,0.54388340099405,9513.95600992993
1481,9208,-9,0.412070077695224,12653.8263351187
1481,9360,-5,0.421419223218916,13239.6693844621
9446,1481,0,0.40570304681173,13537.3495618341
1481,10147,-1,0.549140803816557,12715.785657227
14204,1481,-9,0.407638978339337,4808.47397079249
1481,14555,0,0.416487592012405,7536.97049274514
1481,14957,-9,0.428251324412093,7684.83411916361
1481,15638,0,0.488278960384231,585.147204994016
1481,15639,-7,0.571611901051319,572.203166715281
1481,15672,0,0.47403745807161,802.462652518587
1481,15811,-5,0.491147002682669,1490.45536350619
1481,16311,-9,0.477409537858417,7110.9826365912
1481,16322,0,0.513590582726902,7638.27156906853
1481,16329,0,0.562088159517261,7472.91490892417
1481,16453,-6,0.415161551907067,9361.27627028476
1481,16550,0,0.436757954501694,9508.20364663493
1481,16551,-9,0.511891046548226,9501.97502607691
1481,16566,0,0.441975382652446,9495.32207633348
1481,170907,-6,0.535921628050401,4721.47737596411
1481,178658,-9,0.423934527085616,9193.85092069313
1481,180481,0,0.462645361599649,4769.36768339328
1482,15176,0,0.480379820058149,2125.37541716976
1482,16532,0,0.493126703375599,10215.9302636643
1503,1484,-8,0.431658484503353,1023.11850255936
1511,1484,-9,0.417673482812516,742.108461903271
1519,1484,-3,0.423336675119784,982.085426583035
1530,1484,-9,0.412910435917471,2868.06945248821
1582,1484,-3,0.538812218004437,5133.71496570763
1605,1484,-9,0.457897753618753,5166.31848347869
1653,1484,-7,0.470858833829925,7056.97445383858
1660,1484,-9,0.534479738351114,10053.2433142869
1695,1484,-9,0.440472482274475,10188.7425075717
9243,1484,-9,0.411970753336397,12788.0711100336
9305,1484,-9,0.42776597905651,12960.5138003714
9446,1484,-1,0.425631474800315,13578.6830335273
1484,9556,-4,0.42239017948313,13812.5949622151
14204,1484,-7,0.549387290518892,4829.66995021484
14209,1484,-9,0.405714860449646,4760.86371375204
14260,1484,-5,0.525562581030505,4762.8473073231
14439,1484,-9,0.448820114048593,5803.62276615692
14679,1484,-9,0.451035816346372,5280.79302053079
14690,1484,0,0.404825196538263,1648.05886061895
1484,14957,-5,0.511007494483043,7697.94173422809
15000,1484,-3,0.434078943104552,7674.32425981401
1484,15458,-2,0.40144280576344,821.923849367279
15530,1484,-6,0.442239701004418,1148.58615722519
15751,1484,-8,0.430542107346143,1196.95932262156
15811,1484,-7,0.489543802759425,1448.78272789482
15950,1484,-5,0.415464414976379,5058.04494497802
16023,1484,-8,0.426519876207737,5463.75836296933
16282,1484,-8,0.542448465822694,7123.57469012353
1484,16286,-8,0.449583699584747,6841.33103645131
16322,1484,-9,0.483786355291956,7602.41017188084
16329,1484,-9,0.419132182376621,7436.28206007415
16382,1484,0,0.400244863924723,8743.11674056326
16392,1484,-9,0.446716940400802,8811.16836669684
16413,1484,-2,0.407132368536948,8906.04936257961
16453,1484,-6,0.432717846965395,9343.60905452832
16471,1484,-7,0.615446413919298,9741.21748322005
16566,1484,-9,0.4975917352613,9475.59597343967
16573,1484,-6,0.41550364398454,10049.0369532059
16602,1484,0,0.430969378608799,9832.19514600777
16605,1484,-7,0.499010810169777,9958.91804416999
16631,1484,-8,0.460136142813091,10008.7134069327
177672,1484,0,0.402730154602576,1396.46398817911
117,1484,-3,0.530005506963048,6558.32576077807
809,1484,-9,0.453702673791505,13204.6136882832
1242,1484,-8,0.404647527845842,5726.00260213498
1340,1484,0,0.441345154402356,4461.34110799921
1393,1484,-3,0.435402152231358,6689.12285600946
1407,1484,-5,0.41450790638025,3256.61959902097
15606,1487,-2,0.446104321975713,573.290912415956
15751,1487,0,0.426196781151534,1127.17345368101
1507,1494,-1,0.40552314499803,4599.6861932865
1511,1494,0,0.504340461979061,4910.26733327437
1494,1567,-6,0.628955204159619,7584.28438465504
1575,1494,-9,0.481177743949226,2040.3761905747
1582,1494,-3,0.40164161743923,2396.74710356493
1585,1494,-9,0.469106338225052,2548.41907866144
1605,1494,0,0.647987189771692,3050.07321866043
1612,1494,-1,0.471527119973034,3377.27764810014
1627,1494,-7,0.468067570957199,4207.88645395686
1644,1494,-4,0.48729256150941,5174.93037226042
1647,1494,-8,0.491033160803925,12091.6846540713
1651,1494,-9,0.512677565201706,5203.01294067254
1494,1660,-9,0.804384099667757,14178.6949292232
1662,1494,0,0.587650106107884,5650.08204828417
1669,1494,-1,0.640872452592355,12982.6156373026
1688,1494,0,0.667969153045135,13294.6660172596
1494,1693,-3,0.703623260066798,13320.2941702525
1694,1494,-1,0.473736286440701,13781.1448661951
1695,1494,0,0.452349500149202,13925.5264306671
9243,1494,0,0.465298046765363,12625.970651475
9332,1494,-7,0.561637643965857,10499.7315087988
9430,1494,0,0.456828202058475,11672.5304192787
9498,1494,-6,0.512245678153092,12000.57057371
9504,1494,-2,0.545177672532785,11774.9062852118
10147,1494,0,0.545061061166293,8196.67476325991
14209,1494,-9,0.591424099877932,2487.67545032695
14260,1494,0,0.469571516901347,2425.27933407945
14418,1494,-9,0.589143537050421,2749.18176622702
14431,1494,0,0.652177664880236,3485.55550278422
14550,1494,-9,0.445307144120025,2015.23384833905
14690,1494,0,0.470097957358521,4015.00835503059
14723,1494,0,0.450118052158237,3433.21192702789
15070,1494,-6,0.418511718110995,5665.07501371109
15176,1494,0,0.485407723240621,1897.93646871259
15235,1494,-2,0.562099209117535,988.228026804801
15254,1494,-9,0.409613789024712,873.91348703
15257,1494,-2,0.592184689663453,5841.23859929434
15361,1494,-2,0.412572914104233,4794.14319194695
15380,1494,0,0.683640408654027,669.159079859632
15502,1494,-6,0.415010566040895,4797.39379389877
15552,1494,-6,0.433563116472657,4800.16089080913
15582,1494,-9,0.401286152813859,3915.35610231204
15751,1494,0,0.616008162904251,5195.74929044761
15811,1494,-2,0.60752617901711,5047.65145570981
15812,1494,0,0.523888606799996,1724.34668770938
15873,1494,-3,0.406786630820708,5629.32464560392
15950,1494,-9,0.46750840176157,2656.38104243662
16239,1494,-9,0.43539945859463,4974.4019489382
16245,1494,-9,0.447659696502672,4970.04166254002
16311,1494,-1,0.520480287512678,5271.09682513183
16320,1494,-9,0.653555887161269,5312.98807311731
16322,1494,-1,0.575474443672723,5339.49916610751
16328,1494,-4,0.515957961678576,5327.09952672733
16337,1494,-8,0.404174044315454,5376.51970598616
16351,1494,-4,0.623163927083809,5451.37350724201
16361,1494,0,0.511522235525726,12718.9249536279
16362,1494,-8,0.567596653973216,5503.19130749192
16364,1494,0,0.47124830677409,12706.9553134209
16368,1494,0,0.479549332458678,12700.9488737096
16389,1494,-3,0.58485326123562,5587.42901414723
16391,1494,-2,0.479595911825072,12716.2733339852
16400,1494,0,0.550132992028892,5657.16508106955
16402,1494,-1,0.673891674370436,12772.2835975349
16405,1494,0,0.598474608941961,12813.9011759279
16410,1494,-1,0.469147502549336,5704.42435456699
16415,1494,-9,0.428868708506453,5735.43149683955
16453,1494,-1,0.723212258277626,13287.469557716
1494,16471,-4,0.83810935926591,13719.8147432843
16478,1494,0,0.42174617551563,5933.56129008122
16482,1494,0,0.654002769910461,13230.3129673164
16516,1494,0,0.574577340657165,12600.9616012821
1494,16520,-2,0.698366142774714,14010.6216585418
1494,16532,0,0.520333911733797,13439.8630692557
16550,1494,-6,0.46767304040348,13313.3151319175
16566,1494,0,0.708863875880862,13287.9530929044
1494,16573,-8,0.57269524084101,13937.0980731515
1494,16602,-3,0.716904165300748,13650.6569532223
1494,16605,-7,0.792567158429296,13789.0487048755
144,1494,0,0.50906645722378,1699.83805053782
157,1494,0,0.525401533780661,2004.58682221886
175,1494,-3,0.584673030394293,12732.0102715269
794,1494,-4,0.464420482245673,12603.8208559707
805,1494,-3,0.411979717961083,10089.5735589715
1294,1494,-2,0.462090714238528,2386.80343224597
1340,1494,-1,0.419759029406542,1655.7568471822
1392,1494,0,0.419392904061485,1664.26945669645
1495,1650,-7,0.406881873380774,13624.0266089655
1495,1660,-8,0.598122798987204,14147.4142290737
1495,1693,-9,0.568125824651016,13291.2043540324
14209,1495,-2,0.409500204951246,2492.33092778168
14260,1495,-3,0.408661448021027,2430.23533629126
15361,1495,-8,0.424866409819852,4764.71721086414
1495,15751,-8,0.521489627741543,5163.67505018631
15811,1495,-9,0.40279325681776,5015.57415557627
15812,1495,0,0.494186944375583,1700.83527147011
16453,1495,-1,0.453779424159295,13256.8105317422
1495,16471,-6,0.656629850947336,13689.1210074111
16482,1495,-1,0.530212108520058,13199.8247173144
16516,1495,-3,0.454302005993872,12570.9810756755
1495,16520,-1,0.51952454500423,13980.1439745254
16566,1495,-2,0.50344471635982,13257.9654107446
1495,16573,-9,0.534794410990036,13906.968098899
1495,16602,-3,0.569833687503839,13620.7929351932
1495,16605,-6,0.632908794569869,13759.1813807684
1503,1498,-5,0.448940656274755,733.296724532591
1498,1507,-4,0.521928160275806,426.204693116141
1520,1498,-6,0.404687060892593,9725.91977916158
1651,1498,-8,0.420447821668389,7137.46879382122
1669,1498,-7,0.447618536470054,8749.82975783747
1690,1498,-6,0.434139940896522,9161.89461598031
9431,1498,-9,0.402882088068199,13510.1405411887
1498,14558,-1,0.418643382352095,4754.49408658652
1498,14653,0,0.463219387485897,7903.21022589385
14950,1498,-7,0.464306212823767,7827.15713051427
1498,15469,-1,0.530934009199531,458.322127905967
15606,1498,0,0.524787149051194,127.295145475201
15751,1498,-9,0.437243021005357,915.613162359014
1498,16355,0,0.478489639466013,8403.41690099158
1498,16359,0,0.400082432523024,8552.24121984876
1498,16361,0,0.441566516475122,8411.36728875731
16415,1498,0,0.401272049111018,7869.51217585065
16453,1498,-3,0.424012274654959,9013.7671322474
1498,16551,-2,0.415264294934064,9151.56025746409
16566,1498,-8,0.434670700192222,9144.65685341159
1498,16591,0,0.443547830306231,9144.45289114525
1498,16631,0,0.544709171498827,9677.54810735853
804,1498,-3,0.44072639347328,13399.983275717
1499,1509,-6,0.413528410104115,1502.28777588242
1499,1511,-6,0.449999429506902,1564.42271926278
1499,15650,-6,0.499435177414423,1709.94098149718
1502,15639,-9,0.445908414026725,760.924502963557
1503,1694,-4,0.444638620233457,9122.47626761954
1503,16573,-3,0.431093320917469,9082.81677674277
1503,16602,-2,0.40804715170106,8878.79696040134
1509,1504,0,0.418729516445945,540.783754601863
1627,1504,-7,0.409440902218505,5796.03943028134
1504,1693,-9,0.419517261205641,9572.26581281347
1504,15200,0,0.425113438201109,4288.40000965876
1504,15552,0,0.444646168258637,478.422577856748
1504,16520,-9,0.441618334993083,10010.0366465913
1504,16631,-2,0.506396375168746,9923.63209230184
1509,1507,-1,0.500392075549317,321.185412592706
1511,1507,-3,0.549271329083792,320.647404068284
1519,1507,0,0.400563065742562,541.46209843999
1567,1507,-4,0.429709126181114,3014.05646137042
1605,1507,-8,0.663050737964345,4876.31174844153
1612,1507,-7,0.565539537570224,5226.75100186284
1650,1507,-2,0.491875937975968,9225.95504842932
1651,1507,0,0.453392104441457,6713.8602081725
1662,1507,-9,0.430859616246605,7473.18972501554
1669,1507,-4,0.523862504024411,8770.96151757974
1690,1507,-6,0.538624383122611,9158.15720390205
1693,1507,0,0.561647929093819,9320.27614632289
9152,1507,-6,0.557271067073627,13068.4531787537
14229,1507,-9,0.604780498476131,4776.01991901342
14240,1507,-3,0.441454878340296,7443.16663671921
14260,1507,-1,0.508822952627452,5113.54653910678
14577,1507,-2,0.585759257209569,7867.57983722436
14679,1507,-6,0.431776932347351,5555.12135084556
14690,1507,-9,0.633236856963874,2164.43240339556
14723,1507,-9,0.604557974212787,7499.44785630423
14802,1507,-4,0.48825956588299,4908.72593737918
14882,1507,-8,0.639631192357736,6484.11295391226
15011,1507,-6,0.593137764719407,8113.017030697
15105,1507,-6,0.67108619300065,1437.51188182939
15135,1507,-7,0.403789534270368,1619.92995222057
15176,1507,0,0.586444297321096,3066.73400030341
15243,1507,0,0.416413974548573,4733.6470945974
1507,15552,-6,0.547218607848263,485.657276447166
15606,1507,-8,0.425104069493061,350.292531685226
15638,1507,-2,0.486236224385787,215.261464325287
15672,1507,-2,0.475566197567785,423.551588159974
15751,1507,-9,0.680644923191863,733.226323114239
15812,1507,-9,0.421313931928173,3708.89183772776
15827,1507,-7,0.494713678553088,3877.66314274606
16011,1507,-4,0.544441671722075,4838.1736298249
16023,1507,-8,0.55492417696223,5190.43515822151
16247,1507,-7,0.670627591247486,5476.00845997229
16312,1507,0,0.445297641235888,6541.03655042935
16322,1507,0,0.664312421602057,7223.2531397957
16330,1507,-6,0.508861912668151,5842.36941114977
16362,1507,-1,0.41007072163926,6854.8933969118
16389,1507,-1,0.463642955725882,6927.31044514762
16410,1507,-4,0.594875631267243,7399.65214515121
16471,1507,-4,0.608077913627242,9454.36162979494
16482,1507,0,0.4458339455101,9018.93004903428
1507,16551,-9,0.790028517078965,9162.71901439681
16602,1507,-5,0.425824840754681,9515.67578631029
16605,1507,-5,0.540785543990892,9645.98143464378
1507,16631,-8,0.609240862697924,9672.73504764621
177672,1507,0,0.587637955283582,1469.90941720116
1317590,1507,-5,0.576624456448033,7690.21601914975
132,1507,-9,0.674305814400853,4721.41713498499
790,1507,0,0.434921770052628,13170.0469632087
831,1507,-1,0.476455297278596,14151.3865150217
1275,1507,0,0.472974779050483,6680.66922096632
1340,1507,-7,0.721855664086341,4739.78922311972
1392,1507,-9,0.490609023886575,3632.76883684316
1509,1511,-2,0.877014815428058,95.2771507433404
1541,1509,-5,0.40069779027627,6513.08639415788
1548,1509,-8,0.472119032794334,4009.31960780624
1575,1509,-1,0.403556919837233,4644.28227321984
1509,1585,-3,0.435893407436859,5033.85198094593
1605,1509,-9,0.481321352108121,5130.55191189435
1509,1612,-9,0.634555471139064,5471.65467403816
1650,1509,-5,0.555255326159872,8919.27853802813
1651,1509,0,0.43021587592322,6902.68829679135
1659,1509,-9,0.499791229373923,8146.51794259445
1660,1509,-4,0.530287782219217,9498.52035476342
1509,1663,-7,0.509734325236712,7168.74548705876
1669,1509,0,0.437109635048682,8481.87906872478
9152,1509,0,0.591141866541414,13052.7389077545
9172,1509,0,0.470059587588992,13032.5457742607
9332,1509,-9,0.503623413682589,13621.2025236941
13545,1509,0,0.532683545391536,7177.65777351316
14047,1509,-4,0.448654436694857,6578.58680489965
1509,14210,-4,0.404501562391152,4876.01242311479
1509,14240,0,0.438400063274777,7719.74970698479
14252,1509,-7,0.543702865780436,4758.64914492141
14478,1509,-8,0.523611634184047,5747.83410555248
14499,1509,-1,0.568889001281977,6048.57223021037
14558,1509,-2,0.412780731943423,5015.69473809961
14584,1509,-6,0.488020976617879,8283.08325938319
1509,14651,-3,0.488766822955071,2573.50190901703
14682,1509,-1,0.439630788867878,4326.61154259905
1509,14696,-2,0.449435341655461,2479.36512224686
14723,1509,-1,0.568354555682768,7795.30392405015
15011,1509,-7,0.471206956818651,8415.56619320642
15105,1509,-1,0.560393961857349,1520.11266481239
15135,1509,-7,0.604826224708921,1549.61818162826
1509,15176,-4,0.429764762522061,3369.39710468666
15257,1509,0,0.439252177740517,1764.45895614515
1509,15419,-6,0.402418745478812,1456.91405727436
1509,15552,-3,0.625792492827672,457.954783734339
1509,15638,-1,0.715637947208791,137.49422983339
1509,15639,-3,0.752183848729654,188.474650297071
1509,15672,0,0.886736294413073,109.370445240844
15751,1509,-9,0.503443450724576,528.820293499606
15807,1509,-8,0.408593753157768,3928.86966657528
1509,15811,-1,0.445058981091102,841.921718093843
16011,1509,-3,0.562381187017693,5091.94072516933
16234,1509,0,0.418026032216025,5584.60332688106
16306,1509,-9,0.463316795811391,6707.11333659124
16322,1509,-6,0.458189378020223,7424.02746823305
1509,16355,-9,0.438960479260866,8143.57005911175
16362,1509,-9,0.467448554436739,7030.61040797595
16389,1509,-5,0.543753838677043,7100.64026266564
16430,1509,-6,0.454261026212438,8331.96167181632
16471,1509,-1,0.602025447733618,9159.03016107876
16482,1509,-2,0.435507678032113,8728.96912605597
1509,16551,-9,0.401944919124621,8877.2154820686
16566,1509,-5,0.527262527405212,8868.9930412397
16605,1509,-7,0.603877594122376,9358.50986060299
1509,16631,-3,0.565548540691964,9393.23762175185
177672,1509,0,0.537937902295276,1191.9291606999
1317590,1509,-4,0.421200921438029,7932.17763590955
796,1509,-1,0.558798587126249,13619.0970062453
804,1509,-1,0.521716183858642,13789.7922955112
811,1509,-2,0.450231883277127,13891.4383464116
835,1509,-2,0.419134849894926,14302.2419147551
1312,1509,-9,0.411780206020558,5919.21884132318
1409,1509,-9,0.543403345298351,6749.50813275022
1481,1509,-2,0.50672331858707,707.395978773709
1511,1520,0,0.428808332892059,9864.30487284014
1548,1511,-9,0.565852785438056,3965.74390411291
1552,1511,-8,0.45890923693515,7182.61926026836
1511,1567,-3,0.503433182266313,2694.81833836192
1511,1575,0,0.428355262897528,4592.28049779135
1582,1511,-9,0.412360456865761,5144.51827076465
1511,1585,-3,0.474640321018096,4973.75540077603
1511,1605,-1,0.511355451179087,5062.76010953068
1511,1612,-3,0.696468141953145,5400.74778980958
1511,1643,-9,0.449666981856847,8605.2649015065
1650,1511,-8,0.584185663420538,8905.30871994706
1511,1653,0,0.404744799285438,6745.10458853951
1659,1511,-9,0.563259839016505,8120.1179984902
1660,1511,-9,0.654250088371967,9481.96876636853
1511,1662,-1,0.422653219657278,7581.73868061966
1511,1663,-6,0.610976470895803,7081.7275330053
1669,1511,-8,0.431312367428274,8453.97720387168
1511,1694,-1,0.430234706848583,9419.31338907385
9152,1511,0,0.605999196366013,13147.604827426
9172,1511,0,0.401199264046656,13127.6876449909
1511,9197,-9,0.411670533712818,13554.3178466572
9332,1511,-9,0.548316992657297,13695.8248771649
1511,9360,-9,0.550612950070887,13919.2172009803
9399,1511,-7,0.482547929227885,13958.1789396268
9430,1511,-9,0.413292090344376,14270.6369743142
9446,1511,-4,0.449532943354206,14301.23013551
9556,1511,-1,0.509870130115658,14551.4057039309
13545,1511,-1,0.546971110998483,7225.00422648136
14047,1511,-8,0.419732209412971,6616.25261774853
14229,1511,-2,0.408172367263518,5081.17158757013
14252,1511,-8,0.548150715898042,4801.16306402472
14443,1511,0,0.461326481410846,8344.62549245335
14478,1511,-1,0.471484085885999,5776.61684472292
14499,1511,-1,0.636254369994218,6076.15556228981
14558,1511,-2,0.446925650750708,5044.82921469232
14584,1511,-6,0.468938534577507,8310.41361763777
1511,14651,0,0.490740637711895,2637.48007560552
14723,1511,-1,0.644817877487032,7818.34444085755
15011,1511,-4,0.463311968811943,8433.32049313488
15070,1511,-3,0.41754727830525,1928.32801513749
1511,15102,-5,0.487998700517088,8546.51956509082
15105,1511,-8,0.623748069490951,1603.64407822274
15135,1511,-7,0.676833007411694,1644.84968689953
1511,15176,-9,0.507047642304601,3386.87511305545
1511,15180,-8,0.558328036441688,1730.17184563578
15257,1511,-8,0.41980708397642,1855.13751849495
1511,15380,0,0.444899498442311,4968.55543852235
1511,15419,-9,0.401386913087276,1545.95344940398
1511,15552,-2,0.462764836472146,546.37200512513
15638,1511,-3,0.68329688943333,194.55370098627
15639,1511,0,0.622036743153046,222.881499794403
1511,15672,0,0.862328111139139,125.131161554931
15751,1511,0,0.616548506067552,455.186165429175
1511,15811,-7,0.557820973717159,748.81764262242
16011,1511,0,0.608575356864423,5024.00687585953
16245,1511,-1,0.460296727558242,5517.2419949341
16306,1511,0,0.546363310531298,6621.11920257404
1511,16311,-3,0.478763019462162,6763.47163007301
16314,1511,-9,0.406589780669251,6647.00644706082
16322,1511,0,0.574172960279772,7341.87455349526
1511,16361,-7,0.402379171976305,8125.63323590276
16362,1511,-9,0.560201149458646,6944.2820817291
16389,1511,0,0.501179694794103,7013.94619981805
16471,1511,0,0.598936653894966,9135.48498723042
16478,1511,-7,0.428493431879746,7810.61912382726
1511,16482,0,0.567145222934146,8701.66014499416
1511,16551,-9,0.599216423749009,8847.06439891554
16566,1511,-4,0.527587923906449,8838.41340611576
1511,16602,-4,0.659385924898466,9199.71269461283
16605,1511,-6,0.535298782800534,9329.62031002819
16631,1511,0,0.645926309067232,9359.58146344377
177672,1511,0,0.543287414798767,1258.26975684928
1317590,1511,-2,0.455472237956073,7982.74815270628
795,1511,-7,0.415327876936145,13477.2858395736
804,1511,-9,0.476424801379369,13873.2289226196
835,1511,0,0.444667932777845,14387.2705740071
951,1511,-5,0.565735907414748,13810.7071805059
1401,1511,-1,0.494993038144178,1775.1488342683
1409,1511,-9,0.577708559767703,6761.91593297602
1519,1643,-9,0.417661600582473,8402.46786482306
1519,1660,0,0.512329787565844,9272.97921890735
1519,1690,-3,0.47001645245814,8616.93981111142
1519,15176,-9,0.546867723866443,3600.47773216476
15458,1519,-9,0.400908340633349,1636.19824580861
15811,1519,-7,0.428173877053543,572.725759660705
15812,1519,-4,0.402145301946334,4071.10324684076
1519,16246,-9,0.407752908087677,5474.30953700089
1519,16482,-1,0.551149415243734,8480.01146484563
1519,16566,-6,0.608548532498469,8613.32881174314
117,1519,-9,0.420051121463012,7492.02639889275
1511,1519,-3,0.43278067450249,242.422823439836
1520,1567,-8,0.41551329178777,12540.3185184404
1651,1520,-8,0.508049041825427,6838.2953421648
1669,1520,-7,0.463419285662322,17135.9548907369
1520,1693,-7,0.405480534835339,16902.0892985314
1520,15200,-8,0.414395387808886,5122.37872699803
15606,1520,-9,0.45144459332263,9773.34259166258
15805,1520,-9,0.461939015881034,2629.09951673122
16314,1520,0,0.420117684722816,7130.48332118227
16322,1520,-9,0.407772213912458,6460.26319752496
16328,1520,-9,0.413424584969224,6977.3847920823
1520,16415,-5,0.482183291686362,6752.70840609015
1520,16471,-9,0.553524876304618,17729.3251928406
16566,1520,0,0.497177771626029,17166.547605716
1344,1520,0,0.499445818306272,10226.8630217576
1527,16520,-2,0.412532149134052,13479.4487479328
1529,1660,0,0.401701132511098,13364.8903112481
1529,15751,0,0.415539761516502,4700.1289839272
1529,15811,-8,0.409469236055455,4472.86097499836
1529,16410,-8,0.434131490698943,4849.51959140113
16453,1529,-1,0.431962183669566,12432.8812985641
1529,16471,0,0.418167984455432,12864.6379067862
1605,1530,-1,0.421734692905165,7311.20768994472
1612,1530,-6,0.412343246320236,7594.28770352459
1627,1530,-2,0.456004428251686,7949.38373383631
1530,1662,-6,0.413216768643956,9393.71241807298
13545,1530,-2,0.431180486933386,9038.64702212704
15257,1530,-3,0.416874471869356,2103.21826817641
15552,1530,-5,0.400287692909088,2579.14550144892
15873,1530,-9,0.47861322666314,2315.71262479166
16566,1530,-8,0.443683313517702,6842.29086835841
1530,16602,-8,0.457030944693012,7176.97861693439
809,1530,-5,0.470719688909756,13224.184358872
1612,1541,0,0.417574432025376,2981.88922250006
1541,1693,-3,0.407706848373706,13918.3996788231
1541,14210,-9,0.41523722282348,4007.13909051777
1541,14431,-9,0.429314433575666,5297.843365097
1541,15458,-1,0.410191471449565,5432.50704986785
1541,15639,-1,0.569404822004295,6342.75101103527
1541,15672,-1,0.434884934805438,6606.04388247403
1541,15751,-4,0.406414887999809,6696.90549510544
1541,16246,-9,0.440344977334423,4649.7481203038
1541,16355,-8,0.472589004595981,13633.4078726083
1541,16361,-8,0.445542441937565,13633.1095060653
16471,1541,-2,0.461461617449497,14536.344647521
1541,16602,-5,0.443323395686924,14337.2930389201
15606,1545,-1,0.42750988495874,8406.50575360017
1548,9360,0,0.513648250498252,14281.1273092944
1548,15672,-8,0.453811281190067,4090.27239075759
809,1548,-4,0.461798065089588,14195.0421825675
1605,1550,-2,0.562300246756592,4396.91558772301
1550,1612,-9,0.611532593107483,4391.49844672983
1659,1550,-9,0.409853434858343,15181.2925898238
1693,1550,0,0.460942130614117,15258.449147047
1695,1550,-2,0.421119741052651,15786.7950652913
9197,1550,-4,0.460241598737422,10044.543443356
9427,1550,-7,0.416835370341017,8511.45425434334
9484,1550,-8,0.403560201849339,9922.99398166281
14242,1550,-7,0.43574455125677,4661.44209032228
14252,1550,0,0.422309000034965,5120.98776998741
14302,1550,-3,0.400210133315344,4542.08508708472
14950,1550,-9,0.406255582773208,2623.42602233049
15030,1550,-9,0.526922231733454,8781.36319145527
15257,1550,-5,0.477964621926308,9311.32505477641
15552,1550,-9,0.428280836516741,8259.84692064436
15606,1550,-2,0.411710389933392,8282.89501048899
15638,1550,-1,0.411845220563214,8225.52889718861
15639,1550,-4,0.548782528701819,8161.99675597621
15748,1550,-3,0.449728379695812,8504.08992017444
15751,1550,-7,0.459709611876055,8541.5323251374
15811,1550,-8,0.500931964109736,8319.05235653701
16391,1550,-1,0.508102037543721,15179.4536512187
16392,1550,-2,0.416723281437953,15213.4547054074
16415,1550,-9,0.400525372667374,5224.57008860026
16453,1550,-8,0.550568211399247,15633.8334478731
16471,1550,-4,0.543159673507711,16009.5717174998
16602,1550,-5,0.497044815165746,15717.9207626803
16605,1550,-7,0.458965693021774,15831.6763231422
16631,1550,-8,0.499884234643191,15567.84547571
144,1550,-1,0.402306060758791,5006.82782116298
146,1550,-9,0.496751630405766,4993.92380418123
800,1550,-4,0.413218717653122,9151.28643485412
951,1550,-9,0.455093940502093,5997.23731925388
1509,1550,-9,0.501145009132515,8336.7578751268
1511,1550,0,0.483499715327206,8314.25183103067
1563,1560,-2,0.418493371306832,93.1652563620346
1605,1560,-1,0.552489895195045,1350.52400806364
1644,1560,-1,0.440917268566459,3394.31768752186
1662,1560,-9,0.416290277153757,4244.68366016454
1669,1560,-5,0.466473966370481,11494.837722306
16410,1560,-3,0.530521923313017,4255.95621242871
16471,1560,-9,0.481663503175083,12233.5404924982
15,1560,-7,0.517037498992224,2784.15399469344
1575,1567,-5,0.460578393564388,6935.26326812415
1582,1567,0,0.407992172758735,7391.44028524615
1605,1567,-4,0.777964413881186,7095.31463838476
1612,1567,-9,0.60327674047746,7335.5604629802
1627,1567,-9,0.462175898511132,7586.76529620437
1659,1567,0,0.441576399983343,5515.39955010214
1660,1567,0,0.779893508262078,6812.07350127732
1662,1567,-3,0.554173961482672,8906.53698293005
1669,1567,-1,0.734206283219487,5859.66569439041
1567,1688,-8,0.630969455307344,6264.32693615236
1567,1690,-1,0.413975028149239,6299.05456271036
1693,1567,-9,0.403330247974686,6487.12964450674
1694,1567,-7,0.611316456764115,6860.9770950392
1695,1567,-9,0.547709782088108,6979.3527790494
9224,1567,-5,0.454434045280251,14534.1990693276
9328,1567,-9,0.557898932189506,14872.0343607329
9332,1567,0,0.792798720126231,15178.7103326779
10147,1567,0,0.68024027067365,15425.4618143407
13539,1567,-9,0.525250172276987,9665.14156260617
14209,1567,-3,0.482394260300902,7968.59389521606
14215,1567,-6,0.411589141412697,7929.36259846716
14234,1567,-3,0.530045548706292,7947.18651048001
14431,1567,-9,0.553658335128711,5439.28271998493
14439,1567,-7,0.463520994352019,9040.41597892966
14550,1567,0,0.486699478779695,7110.47537971057
14577,1567,-8,0.470099911199394,10803.1386906595
1567,14651,-9,0.405031345942802,4986.38111058872
14654,1567,0,0.4119543958412,8527.13955973882
14679,1567,-5,0.429688709899628,8522.98704832265
14690,1567,0,0.406893333860121,4620.07402710123
14723,1567,0,0.586065631606245,10462.7278096296
14741,1567,0,0.401348510279846,7803.41807837131
15030,1567,-9,0.408678549253784,3311.94730038814
1567,15176,-9,0.517514248987101,6062.79870437707
15257,1567,-4,0.491170948918443,2818.05856250313
15273,1567,-2,0.424726108108015,6134.80396917546
15380,1567,-8,0.747064197472631,7663.35923362044
15502,1567,-1,0.461412068126063,3022.42171830907
15751,1567,0,0.447464124362532,2389.66311342587
15805,1567,-9,0.592986533681398,10101.3215203525
1567,15811,-4,0.522549091698062,2590.1970622344
15827,1567,-5,0.578195583781459,6581.7741192727
15873,1567,-2,0.517895898200317,2110.88426235839
16011,1567,-1,0.427492678049942,7055.67295140016
16245,1567,0,0.469919834877818,6761.12820415179
16311,1567,0,0.401670725098302,8079.76442351405
16312,1567,-9,0.499734443574838,7909.17922260387
16314,1567,0,0.452134479480371,7921.60674525077
16320,1567,0,0.549805536704395,7947.60707955821
16322,1567,0,0.482723967350994,8759.36714071915
16331,1567,-1,0.549309864759954,8216.58649788639
16351,1567,-1,0.592482043965888,8233.78177407631
1567,16355,0,0.505707441815214,5503.62687057084
16362,1567,0,0.706418830549788,8185.35677530427
16364,1567,-9,0.422611432384763,5512.17522900485
16368,1567,-4,0.424686608758945,5514.65749376538
16389,1567,-1,0.654094457960528,8228.63356590934
16400,1567,-1,0.61702353831423,8511.41218737546
16402,1567,-6,0.631095167591345,5627.23963468041
16415,1567,-9,0.520979345034628,8818.66882156623
16453,1567,-9,0.561882081749076,6113.29933823964
16471,1567,0,0.78565799026871,6503.99537069432
16482,1567,-8,0.444291730224603,6100.59471770715
16520,1567,-7,0.467825432881962,6817.01307116677
1567,16551,-8,0.471028102248652,6269.98100527509
16566,1567,0,0.644264046666926,6265.43115575597
1567,16591,-3,0.452419322268252,6272.35127320015
16602,1567,-9,0.59316535575222,6614.80454201993
16605,1567,-8,0.62387059741617,6737.73159813482
1567,170811,-4,0.401146101937165,7934.77676908897
150,1567,0,0.419999278661903,4731.92245410881
161,1567,-1,0.631523916016164,7552.3807149771
166,1567,-9,0.576966806247797,7754.50599377424
1318849,1567,-4,0.550200983288519,10400.2600168612
175,1567,-3,0.522965735937519,5618.57058087282
812,1567,-4,0.473859760142691,15233.8525569572
823,1567,-2,0.592597034009087,15362.1499277346
1343,1567,-5,0.77626942223762,7648.31333832164
1393,1567,-9,0.462781026145372,9923.30730500253
1408,1567,-9,0.460366887742232,3962.7507010021
1527,1567,-7,0.427808367810048,7466.73319964491
1605,1575,-9,0.505484359322314,1055.46293562386
1612,1575,-1,0.410561567871452,1435.20929688549
1575,1650,-9,0.601176191641621,12358.9127676401
1651,1575,-8,0.407311444366091,3342.93163648154
1659,1575,-6,0.467280471292958,11273.9696357209
1575,1660,-5,0.613731855069278,12779.5373445732
1575,1688,0,0.556210763253841,11746.1883725655
1575,1693,-4,0.488552918467511,11682.3511593435
1575,1694,-6,0.522775199968515,12142.7970233973
9213,1575,-2,0.421016457730178,13261.6923834712
1575,10147,0,0.548519171057048,8504.25195101889
1575,14229,-9,0.464134578111293,4379.92600251371
14252,1575,-6,0.416652026073686,4342.41620099315
14499,1575,0,0.402663273089343,4284.0917043028
14679,1575,-9,0.459582458407923,3968.355943001
1575,14696,-6,0.541729942363561,4578.30173542496
14723,1575,-9,0.602657159283859,5256.68083556947
1575,14957,-5,0.538552491242993,5416.19334213068
15000,1575,-9,0.433749767108433,5359.27707749802
1575,15102,-4,0.473382807063968,5527.78370661987
1575,15176,0,0.591438104981109,3037.94737733857
1575,15380,-2,0.524926835571107,2687.76412435501
1575,15638,0,0.569787566485096,4567.77821607436
1575,15672,0,0.461730456335184,4717.41016807689
1575,15751,-1,0.563391070879076,4691.79769942814
15763,1575,-9,0.442410453089904,5895.25263241387
1575,15812,-5,0.428016292053152,765.566517120022
1575,16011,0,0.429519636245881,1044.32092892068
1575,16246,0,0.465252065067348,2918.48706900686
16311,1575,-3,0.472414630871143,3384.65131020403
16322,1575,-7,0.535073119751066,3611.43633271722
1575,16355,-7,0.431661132142946,11314.2732944688
1575,16471,-8,0.636865262640496,12242.034159418
1575,16482,0,0.415126056439511,11739.4446149398
1575,16520,-3,0.560036274314234,12495.3879608745
1575,16566,0,0.559576555946025,11736.1625311167
1575,16602,-1,0.534032210758973,12076.4241083223
1575,16605,-1,0.586742622105629,12211.5134919836
1575,16631,-9,0.583671604606789,12051.974855176
1575,170907,-8,0.469660919760873,4439.43111482313
177672,1575,0,0.550440150373062,5823.82399557353
1582,1612,0,0.411879208841895,983.420240900051
1582,1644,-4,0.439902984312076,2820.3655333626
1582,1650,0,0.411046503417957,12541.9948656661
1659,1582,-1,0.41555697697495,11429.4916662715
1582,1660,-4,0.534851467359136,12916.2361718362
1582,1688,-3,0.471302731004858,11840.1290504885
9172,1582,-7,0.46196524887079,14732.194971272
1582,15176,0,0.523144138445616,3614.45507875977
1582,15638,0,0.659221597865475,5131.50724846016
1582,15639,-7,0.64957742331064,5069.35631089449
1582,15672,-9,0.480737270725058,5269.37400815312
1582,15811,-1,0.44203544513942,4886.94006899093
15923,1582,-8,0.485701966497901,40.5993116518655
1582,16322,-5,0.409841491681181,3050.06393195229
1582,16329,0,0.561030481692764,3010.89355174492
1582,16471,-2,0.568125468296118,12357.6064573047
1582,16566,-3,0.488899993330496,11828.803252074
1582,16591,-9,0.460395026113425,11771.2224165592
1582,16602,0,0.483624090033208,12153.4413508153
1582,16605,-1,0.517985196080851,12284.7640832568
1582,16631,0,0.459219902083218,12095.7984657564
1582,180481,0,0.493370451370587,413.682179914222
1585,1612,-9,0.492954560009532,847.50457910446
1585,1643,-7,0.488312712282464,12089.6241934526
1650,1585,-4,0.466149864231831,12277.6922665734
1659,1585,-9,0.410686889892206,11165.3531720062
1585,1693,-6,0.407699094967737,11477.2911598254
1695,1585,-1,0.525542975696878,12073.336907817
9305,1585,-9,0.411140632039313,12724.4516708841
9446,1585,-9,0.544870069115124,13806.4598176152
14386,1585,0,0.409631681352331,6161.39357586024
1585,15092,-1,0.493723992696094,3779.00886787892
15105,1585,-3,0.416341903066842,5456.51657999601
1585,16471,-9,0.476638034963566,12094.8707280919
1585,16520,-6,0.421352849369219,12329.1916220987
1585,16602,-5,0.437933436947122,11892.9714443324
789,1585,-8,0.432103975518847,14889.9404606502
804,1585,0,0.460740482353527,13375.4337665817
809,1585,-7,0.472622828753258,14912.2116983862
951,1585,-7,0.419077069665111,8840.48518350797
1355,1585,-3,0.474867209841192,4060.33266455946
1591,1690,-4,0.569648720403484,11338.8934054397
9273,1591,-1,0.401341455238366,13483.1911162564
9462,1591,0,0.409664693022743,13793.9930090078
15458,1591,0,0.414345025699009,4509.2052466718
15606,1591,-6,0.40389855599723,5150.92156752954
15639,1591,-2,0.447179072112767,4955.1655957877
15751,1591,-9,0.46906663573174,5047.82535700914
15812,1591,-6,0.435109011829305,1471.97805610928
16471,1591,-5,0.504780397857658,11985.8167914834
16605,1591,-7,0.488669946649106,11907.961129038
808,1591,-1,0.416322324144024,13476.1342232662
1344,1591,-5,0.473660801366592,6897.55352357636
1481,1591,-3,0.479936638649361,5090.58920881106
1511,1591,-9,0.435838838366831,5013.37505503075
1548,1591,0,0.40122675019008,1451.1442100999
1605,1612,0,0.740664560676849,406.421826362517
1627,1605,-3,0.404124649870653,1236.52184728149
1605,1644,-1,0.439389107447876,2129.97489188909
1605,1650,-8,0.46949696255842,11933.2789941112
1605,1660,-8,0.784091192125551,12279.6776929865
1605,1663,-8,0.609063468499059,2746.6010392196
1669,1605,-1,0.519997484993325,11001.7945139159
1605,1688,-9,0.575318726953232,11186.9357209242
1692,1605,-7,0.502603929565808,10843.994302949
1605,1693,0,0.43172227031945,11066.4364520168
1605,1694,-8,0.639828056107244,11515.4632648459
1695,1605,-9,0.541062048124891,11656.1689319877
9152,1605,-8,0.591759986256236,15263.007144004
9172,1605,-6,0.411796020662199,15431.176567859
9197,1605,-9,0.572410803556536,14094.7346898858
9328,1605,-9,0.529184819145842,14069.7959938202
9332,1605,0,0.40382483950966,12989.0731374714
9382,1605,-5,0.476558691808975,14074.352392198
9543,1605,0,0.468495462329324,13841.8046347724
1605,9556,-8,0.439568274175656,13774.4262171788
1605,10147,-8,0.485436875991044,8348.67890136902
13539,1605,-9,0.499534169179097,6946.21776260023
13545,1605,-9,0.608216461797668,6937.16739529264
14176,1605,-9,0.489496150400232,6092.23039025791
14209,1605,-5,0.481907028478025,5513.37763257547
1605,14210,-3,0.400216999568155,5438.64255936773
14215,1605,-5,0.481558005005632,5488.25016515757
14235,1605,-4,0.40432228966874,5467.27213481586
1605,14238,0,0.521648908606555,5461.59151858658
14242,1605,-4,0.567687573649175,5457.47939956024
14418,1605,-1,0.439465820079699,5698.49548305314
1605,14431,0,0.571180543277179,5601.23528384617
14499,1605,-9,0.405183198896308,5268.56885320781
14577,1605,0,0.520936933168483,6506.23511602942
1605,14677,0,0.404291942063647,4785.45473603201
1605,14723,-3,0.511349897437202,6063.96686272485
1605,14762,-4,0.449043499798056,6262.17169913195
14957,1605,0,0.475709222520979,6145.87120677862
15062,1605,0,0.441387232344374,6751.06887309674
1605,15102,-6,0.426761058372492,6208.32125445724
1605,15176,0,0.645758237614349,4053.33005788743
1605,15257,-1,0.685284741360069,6749.90214469128
1605,15273,-5,0.404522845744028,3930.28068935223
15361,1605,0,0.405870477401546,5745.16907350859
15380,1605,-3,0.576544128277872,3711.52788102651
15530,1605,-5,0.514600455054813,6156.57345221812
1605,15536,-5,0.444746137203476,5033.29501707174
1605,15552,0,0.518470029740916,5312.7234566642
1605,15639,-9,0.439232430003631,5020.96279710173
1605,15650,-8,0.534140337036761,4937.6326943626
1605,15672,-9,0.48124969209647,5184.89809376372
1605,15751,-7,0.510169462614571,5062.68925650805
15763,1605,-2,0.48784873008902,6170.78868401112
15805,1605,-9,0.506686209294975,3674.3178379174
1605,15811,-8,0.52222173764482,4698.94740130722
1605,16011,0,0.451460259797723,39.8745474407102
1605,16023,-4,0.467163322311479,347.891276840026
1605,16282,-9,0.404748090936226,2169.3688386338
1605,16311,-1,0.580190114040511,2339.72382863359
16312,1605,-4,0.555650211162325,2319.4333387676
1605,16322,-5,0.645452715696916,2626.66440362327
16329,1605,-8,0.544617004721005,2539.11244454631
1605,16351,-4,0.61451267732261,2542.66899452816
1605,16359,0,0.483988267497994,11028.6526362171
1605,16361,0,0.535952352483797,10858.3008130781
16362,1605,-4,0.555004312734145,2576.84678790018
16387,1605,-6,0.548380766756286,10787.6865504828
16389,1605,-4,0.660480792758681,2663.93590067872
16392,1605,-8,0.46575035332557,10847.4301842478
16402,1605,-2,0.540478595686821,10844.4547680095
1605,16405,0,0.463042465084785,10882.8827603827
1605,16415,-1,0.632076460071509,2969.4007511117
1605,16453,0,0.617553238129322,11306.3550481691
16471,1605,-1,0.76526402637556,11712.7305179886
1605,16482,0,0.446779782118561,11216.8081041003
1605,16520,0,0.510543141548066,11935.7020208215
1605,16532,0,0.405035557056663,11360.2130135135
16550,1605,-7,0.417373820882537,11208.3348119132
1605,16566,-1,0.54076280719296,11175.0611119544
1605,16602,-9,0.520122304920682,11491.9294451304
1605,16605,0,0.521654904152946,11621.3084662437
1605,16631,-3,0.562082212825122,11421.6391070186
170811,1605,-9,0.589336344610583,5485.85877520996
171064,1605,-6,0.557812350114937,5457.71713587325
1605,180481,-5,0.553131236556657,930.32007104892
813,1605,0,0.495582146182138,12801.0906928024
832,1605,-1,0.421280267881165,14204.1169960677
1313,1605,-9,0.496993168755811,5032.35111976288
1319,1605,-1,0.415051761580671,4954.31951893031
1582,1605,0,0.487360886688115,709.779718682836
1650,1612,-7,0.62399856947147,11923.5201375808
1653,1612,0,0.436569084902596,1946.58856847629
1659,1612,-9,0.652406175833733,10791.3651142189
1612,1660,-9,0.534187658428832,12235.8973406072
1661,1612,-2,0.488302906477412,2292.53906225977
1662,1612,0,0.453126229922881,2525.54812257525
1612,1663,-4,0.684122611305174,2356.05108510735
1669,1612,-2,0.572563479912293,10964.5867615067
1612,1688,-8,0.509558605901569,11125.0358051274
1692,1612,-9,0.544308954906004,10763.524044091
1693,1612,-1,0.535460541916701,10979.7182647751
9152,1612,0,0.789429477601521,15514.1949502638
9172,1612,-1,0.456066710075022,15693.2186288161
9197,1612,0,0.759325617614826,14249.9873813764
9208,1612,-9,0.444988971520908,15748.6320048627
9328,1612,0,0.455622694838249,14187.2430627787
1612,9360,-8,0.496887687666075,15658.5843829643
9446,1612,-8,0.608262827118844,14329.2065114656
1612,10147,-8,0.415203751296296,8137.48835793996
13545,1612,-5,0.590276526181247,7220.89124471521
14059,1612,-9,0.401470503539918,6224.71407274208
14072,1612,-3,0.411130924974844,5966.88069951059
14176,1612,0,0.623899926564228,6367.95689854541
14238,1612,0,0.454849607101464,5806.24238588654
14240,1612,-9,0.594318527415811,6853.32178289074
1612,14242,-1,0.438078869105094,5802.4023775566
14252,1612,-9,0.532497743808748,5766.26328789626
14386,1612,-9,0.565588108183549,6850.7992957988
1612,14431,-1,0.530588727799748,6007.24526741909
14499,1612,-1,0.600414566489838,5566.97513998459
1612,14651,-5,0.442881716694235,5892.55077322588
14690,1612,-7,0.466590975532122,6109.99048779823
14723,1612,-9,0.414476603308614,6260.45193989733
1612,15092,-4,0.524746685088927,4594.19328153027
1612,15102,-5,0.442885917823357,6343.84717410519
15105,1612,-4,0.460356298467436,6086.69381948706
15135,1612,-9,0.436353652556528,6658.39117997838
1612,15176,-2,0.59161355447244,4453.40239545928
15243,1612,0,0.44794736611253,4259.06462124408
15257,1612,0,0.617677148785797,7116.65080857109
1612,15380,-8,0.456353659387769,4044.24164946888
15419,1612,-9,0.424719554611321,6852.60101597739
1612,15552,-9,0.457348600036768,5671.78689364914
15606,1612,-3,0.692202411054671,5575.91763873891
15638,1612,0,0.485371208735254,5426.83720107518
1612,15650,-9,0.538541013028816,5284.33460411303
15672,1612,-7,0.585731292144133,5521.43128313982
15751,1612,-3,0.681579609657644,5377.03271982684
1612,15811,0,0.491700475656077,5001.47188890963
15812,1612,-6,0.485270927216026,2140.00762497888
15815,1612,-9,0.456032628113306,2132.13229079152
16023,1612,-6,0.591554391714653,366.23563468972
16247,1612,-8,0.559298640265008,1705.19101628472
16306,1612,0,0.568755621647911,1919.15548013117
16312,1612,-1,0.660312235239854,1940.4265923072
16329,1612,-8,0.665992441348545,2134.58547053636
1612,16355,-4,0.518221890664007,10846.2654773854
16389,1612,0,0.459276759959005,2273.64126644949
16391,1612,0,0.411649141537285,10790.8442489376
16392,1612,-5,0.46464379140511,10825.2593200691
16406,1612,-3,0.521875605164291,2615.93330608836
16415,1612,0,0.460045924614978,2564.31354291024
16453,1612,-3,0.490701706374271,11264.5895270044
16471,1612,-9,0.847201561211062,11660.4021520905
16478,1612,-6,0.498150320546026,2809.13885611306
16482,1612,-4,0.532020386642359,11170.8537179438
1612,16520,-9,0.598237748481027,11868.4565478927
1612,16566,-5,0.549009129303109,11112.4174838367
1612,16602,-9,0.638695817095056,11416.7003744589
1612,16605,-8,0.59367833039849,11542.6429428285
16631,1612,-1,0.860392866063843,11326.0234803364
177672,1612,-9,0.646315576445033,6658.2526340644
183104,1612,-2,0.501853399783276,1967.81152638106
800,1612,-2,0.524141066406399,13465.4748018933
801,1612,-1,0.429647896853326,13479.903090362
813,1612,0,0.431632776696328,12882.3370252174
1260,1612,-7,0.451135509861833,5894.00674630006
1344,1612,-5,0.484023189946334,7426.36650148523
1627,14677,-7,0.420660808661924,5948.06680707932
1627,15001,-7,0.407642648863815,5504.36462362949
1627,15257,-9,0.418321606301569,7715.1467940521
1627,15672,-2,0.444310162297812,6043.6626523836
1627,16246,-1,0.437393574094675,1132.50997707259
16286,1627,-4,0.431295198038128,839.12469023473
1627,16361,-1,0.412444788836254,10497.9886035751
1627,16471,-9,0.446761241571573,11236.317650443
1627,16520,-6,0.454545888835722,11415.4902011483
1627,16573,-2,0.414145376729049,11261.9998867979
1627,16591,-9,0.454291020177407,10605.1297694987
1627,16605,-9,0.416883261406117,11072.944515335
1631,15380,-8,0.413332814430434,5281.12426504991
1631,16330,-1,0.435326328889316,994.213122853428
1631,16482,-1,0.419560306635751,9712.64174600728
16566,1631,-7,0.454584220306514,9643.71056888436
1635,14431,0,0.482526319421497,10363.0581547429
1635,14674,-1,0.427813036432762,13005.7081000545
9172,1640,-9,0.428797208309221,11512.5710415683
9243,1640,-9,0.400957084828437,11481.393429705
9272,1640,0,0.48859309905114,11615.0859082917
9300,1640,-7,0.462890652785631,13651.6606525912
9328,1640,-9,0.40218292047461,13708.1659294372
9340,1640,-7,0.404467376283717,15488.0018898682
9392,1640,-2,0.508197488443656,12056.2388254745
9430,1640,-1,0.463752649018367,13622.641848811
9556,1640,-9,0.407254165905326,14277.0548107912
14230,1640,-3,0.444019388728411,13209.8677910085
14234,1640,-1,0.437820466453658,13775.4803629592
14242,1640,-1,0.521469569958644,13744.7505061028
14804,1640,-9,0.452793706028751,15642.7383257127
14816,1640,-4,0.464666118733827,15561.446538474
15001,1640,0,0.405579482530666,12342.4756436245
15070,1640,-9,0.469692435796362,8610.00539955887
15257,1640,-9,0.466921016315384,8357.06552569131
15639,1640,-8,0.402443259508357,8863.8241392995
15883,1640,-2,0.453441709198933,12121.7308648257
16245,1640,-7,0.425530649259804,10433.3954674025
16471,1640,-6,0.407019095509983,1020.25835309073
1640,16532,-1,0.474982135543292,1251.69495152387
16550,1640,-4,0.441080413024234,1360.35149015131
16551,1640,0,0.41922734194115,1363.08789968456
16566,1640,0,0.424933074731144,1391.10340723291
1640,16591,-1,0.410568487450393,1475.84877708245
161,1640,0,0.45417041586755,12627.2041475918
804,1640,-1,0.409279244337096,13967.8950070481
836,1640,0,0.454328578267203,13683.120630739
1260,1640,-1,0.439980931961625,13055.1895879773
1393,1640,-9,0.438592411242546,15893.934824556
1511,1640,-9,0.439076801674935,8665.40498152166
1605,1640,-1,0.464509553693876,11894.0472230989
1627,1640,-4,0.550212067555253,11604.5798036301
1688,1643,-9,0.408247685630352,1241.4646977192
1693,1643,-9,0.434223297472075,1646.55745890738
9172,1643,-5,0.407818054220023,11667.1449153559
9538,1643,-9,0.417414585415113,14067.8681695825
14167,1643,-7,0.441750108329556,15515.8327609209
14577,1643,-1,0.419587878816225,16628.7104167412
1643,14653,0,0.427137686243499,16660.7062057537
15011,1643,-9,0.447983844052856,17012.6786406806
15176,1643,-3,0.467906261581413,11984.0520018954
15226,1643,-9,0.442660827111979,13110.9559916805
15257,1643,-6,0.483742846127362,8341.24614978949
15361,1643,-9,0.497883831279937,9147.25235163884
15638,1643,-7,0.434153900143992,8750.53954404148
15672,1643,-8,0.50652424912371,8509.06707496553
15812,1643,-9,0.438580617387177,11931.0096423317
15883,1643,-1,0.606531835031147,12007.797275603
16011,1643,-2,0.581604703304426,11731.1996441246
16247,1643,-3,0.466465975897608,10307.1022460995
16322,1643,-4,0.412226982451342,11695.237765868
1643,16355,0,0.442157286190119,977.414472402648
16361,1643,-1,0.438544725146812,984.529702597741
16368,1643,-4,0.448578527292824,1031.82427505476
16471,1643,-2,0.58045438464951,927.505920733824
16520,1643,-3,0.459304316083133,1154.10290577851
16566,1643,0,0.465133416390951,1257.68764595145
16573,1643,-8,0.402866045618427,1274.14504683624
1643,16631,-6,0.445200833757471,1646.40322418057
177672,1643,0,0.574918568885124,7868.8462286387
166,1643,0,0.478778638872941,12093.5820046227
829,1643,-9,0.455723289923649,12046.5000667562
831,1643,-6,0.498598930877139,12830.0399212582
1343,1643,-9,0.417550868021886,13557.9998955907
1651,1644,-7,0.448463791236864,1213.01840671328
1644,1660,-5,0.596494789019708,10632.1527757396
1688,1644,-2,0.428944007363131,9498.35942498824
1644,1690,0,0.427095066277685,9336.77235413494
9197,1644,-3,0.454363769556348,15996.4387685803
14260,1644,0,0.505649239618845,7558.34702277192
14431,1644,-8,0.441583445813491,7307.98476856097
14577,1644,-4,0.452988734072647,8528.08453309028
1644,14653,-9,0.485645525041165,8440.35697407608
14777,1644,-7,0.492548088511344,8280.16923474465
15176,1644,-3,0.413862561201094,5938.89435039081
1644,15380,-1,0.483210951808761,5831.17403119763
15458,1644,0,0.455227019484478,5943.76168196479
15530,1644,-3,0.41584971801075,6888.37254802705
15751,1644,-1,0.524614464903959,5609.18206625555
15950,1644,-2,0.43764886256946,2528.18834023432
16158,1644,-2,0.41527068245631,9572.42834456093
16247,1644,-3,0.464557903029888,267.173214699329
1644,16355,-1,0.475501079127868,9340.08163190498
16361,1644,-6,0.418364001218828,9335.00824202355
16368,1644,-7,0.439790209337146,9292.07181407029
16402,1644,-8,0.561418872424234,9282.00407727932
16405,1644,-8,0.406899654166424,9315.83540874189
1644,16415,-7,0.465184197446733,1846.02395774944
1644,16453,-1,0.608905995145805,9681.40543046508
16566,1644,-8,0.653367049962632,9484.29796469469
1644,16573,0,0.413510500657242,10064.7573601431
16602,1644,0,0.411025149401645,9757.92464630322
166,1644,-5,0.443764517024574,1982.76760500823
1340,1644,0,0.463424569423645,6776.78456009623
1353,1644,-7,0.438924465938196,8470.68834425073
1647,1660,-9,0.49171541928448,2087.01360279814
1647,1693,-9,0.655969226763189,1722.62688045967
1647,15380,-9,0.500380581618203,12331.5467914629
1647,16471,-9,0.640551578799818,1675.6906707696
1647,16482,0,0.487720936237744,1254.50822756264
1647,16520,-6,0.652465351708447,1986.94192787441
1647,16566,-9,0.470887198523789,1436.06188330657
1647,16602,-9,0.715855926324118,1772.50550791054
1647,16605,-9,0.733951952675707,1892.38872187984
1659,1650,-2,0.600208122935457,1135.70294037822
1660,1650,0,0.451423265102837,603.34863463941
1662,1650,-6,0.526276350922573,11618.5032024369
1650,1663,-7,0.40346496887796,11045.4621551852
1669,1650,-5,0.690476594480528,1034.36291776404
1688,1650,-3,0.517929350470083,1109.31468353537
1650,1690,-3,0.434848338459186,1316.60840390652
1650,1694,-9,0.43667610058137,1377.73779884659
9243,1650,-6,0.426038382142887,11592.9233070837
9313,1650,-7,0.490607607819809,13990.0285036004
9340,1650,-8,0.46966254406228,15560.1751521666
9462,1650,-8,0.617629215638457,13882.2726405678
9523,1650,-2,0.550566116809227,13753.2511226679
10147,1650,-9,0.733218726816407,16538.9698465702
14226,1650,-8,0.459345467126159,13444.3906670697
14252,1650,-7,0.406240028550522,13442.5239809485
14305,1650,-7,0.430633047900002,14204.2173482154
14651,1650,-9,0.408549455755979,11087.4156807695
14690,1650,-7,0.575074890518764,10683.914543783
14957,1650,-9,0.597011209234337,17160.794683186
15000,1650,-7,0.459348239415979,17138.7902444524
15135,1650,-9,0.480001928543999,9225.18296623269
15176,1650,-5,0.689668641580405,12287.7388288866
15257,1650,-7,0.418476232449631,8662.3485529585
1650,15469,0,0.405158899336409,9551.09732271517
15638,1650,-9,0.451959415509465,9052.91586857092
15650,1650,-9,0.514902411593262,9125.21513450857
15672,1650,-9,0.533678879568999,8810.60444757035
15751,1650,-9,0.691548926092797,8550.7571673483
15807,1650,-9,0.448671961331489,12107.6622950043
15811,1650,-4,0.42719041838818,8639.65355677706
16023,1650,-4,0.544821692183567,12223.0678116962
16311,1650,-6,0.477050427891518,11195.970645574
16312,1650,-5,0.439955246239452,11037.4550286096
16322,1650,-9,0.57802266774151,11737.8556162231
16329,1650,-8,0.633841329259307,11526.1289135361
16368,1650,-5,0.500213236980311,1120.20676034447
16402,1650,-5,0.445261127503071,1124.81640998105
16430,1650,-9,0.45721606935339,1140.14850788596
16471,1650,-6,0.722235695568349,686.1548105135
16478,1650,-5,0.41488249058864,11515.9483944999
16482,1650,-2,0.461500055297198,918.550921616665
1650,16520,-8,0.461922751886414,864.906627144841
1650,16532,0,0.453082238618333,964.021882813541
16566,1650,-6,0.483542338652807,1126.18020731749
1650,16602,-7,0.440379012176573,1102.91852887044
1650,16605,-7,0.49261199052365,1101.76172394909
1650,16631,-6,0.607517101002658,1425.42871109684
1650,170907,0,0.457307454885385,14081.1641631978
177672,1650,-9,0.594850231110952,8184.13328326182
150,1650,-6,0.466102317497198,10957.1964725531
161,1650,-6,0.578380154911909,12684.6125214463
797,1650,0,0.540900321486066,14111.1483163232
808,1650,-9,0.529274211534402,14082.2082403183
1261,1650,-2,0.454742527966501,15772.4836753179
1274,1650,-6,0.528815826054674,15584.743011029
1284,1650,-9,0.515749117924609,14119.2007779264
1296,1650,-7,0.474121545391332,15411.4489287238
1312,1650,-6,0.405199329188619,14769.2147370256
1392,1650,0,0.583478077318169,12841.3297908473
1394,1650,-3,0.421463716152899,16171.9959547845
1660,1651,0,0.571233598973882,11484.7718015668
1662,1651,-1,0.619826797253756,765.179275780605
1669,1651,-3,0.670001194746647,10304.4468656649
1651,1690,0,0.43179877382072,10173.287073596
1651,1693,-9,0.535478562640385,10107.6353600262
9332,1651,0,0.418256181769801,13750.1971471421
1651,9360,-8,0.463312808185852,16578.2862678603
9382,1651,-9,0.456896613467658,14841.0593266377
9446,1651,-2,0.449913611997747,14934.9146941919
10147,1651,0,0.505548329967533,7662.8702167007
1651,14238,-1,0.556099946484695,7642.35219736872
14242,1651,-9,0.515131796467281,7639.13045367567
1651,14431,0,0.56896333495987,7886.37268717006
14439,1651,-9,0.428365278169255,7481.25300348514
1651,14723,-1,0.408457834876688,7659.27998045475
15070,1651,0,0.471350876324761,8658.68855095884
1651,15102,-5,0.439755417843369,7524.85247906769
1651,15176,-9,0.532937440002429,6359.76908355824
1651,15200,-4,0.427725843290553,6110.45473855667
1651,15293,-2,0.479367879466869,6271.87900496428
1651,15380,-8,0.515107511817048,5871.20619273517
1651,15650,0,0.434197002612082,6750.38935318164
1651,15672,-9,0.41038611025864,6927.4404197916
15805,1651,0,0.627044350957005,4726.94209023955
15873,1651,0,0.517827342908856,6373.16739140743
1651,16246,0,0.401342745971347,1378.58597042464
1651,16282,-6,0.511369263582504,335.316772955795
16286,1651,-1,0.486521460541824,271.322123280585
16310,1651,0,0.49295706323125,288.897214937143
1651,16311,-5,0.501618146982736,138.682436219907
1651,16322,-3,0.513161917303235,580.319046670975
16328,1651,-5,0.465703441209212,147.735772407569
1651,16329,0,0.476456276943241,348.968536724667
16330,1651,0,0.504216610518989,1468.32490228526
16331,1651,0,0.493551279248366,141.878862690992
16337,1651,-5,0.473772025174075,327.89063497598
1651,16355,-7,0.520313947198983,10293.9240851301
1651,16359,-2,0.476395539187004,10439.5711477159
1651,16361,-6,0.453602673430016,10287.349884391
1651,16410,-9,0.429626710111827,687.684900858316
16415,1651,-1,0.667895345671796,733.347667341813
16430,1651,-3,0.47143433054437,10193.9507217575
1651,16453,-2,0.591569683045665,10570.152349966
16471,1651,-7,0.613525206367299,10901.7268945707
1651,16482,-3,0.419111017548156,10462.9474074766
1651,16520,-9,0.599833468110473,11037.2801396681
1651,16532,-5,0.570222696541615,10528.9838590304
1651,16550,0,0.470662641526631,10372.4953592666
1651,16551,-1,0.5745883756944,10365.965801135
1651,16566,-9,0.471257243142487,10335.9548289052
1651,16605,-9,0.666017934800265,10679.0599020017
16631,1651,0,0.425209637027071,10401.8370014778
1651,170811,-4,0.494989832121362,7665.61641542962
161,1651,-2,0.41365228924014,2818.71120987304
804,1651,-6,0.42096608868102,14659.3091311666
809,1651,-2,0.455443712366848,16533.9898790037
1605,1651,-1,0.456746705703109,2306.61434005852
1612,1651,0,0.506433865342657,1909.84403056157
1627,1651,-3,0.424463402204181,1073.80000420034
1660,1653,0,0.569879666425777,11328.7056858938
1662,1653,-3,0.526340354845739,860.640683546389
1669,1653,-6,0.552463363825275,10145.7388217686
1695,1653,-1,0.438624329419607,10465.4254428
9330,1653,-3,0.463619443992186,14125.009967222
1653,10147,-9,0.401457647831689,7812.06116945663
14209,1653,0,0.445621235564366,7760.6133464785
14226,1653,-9,0.458526100970047,7726.06776457873
1653,15102,-2,0.415350562646502,7663.82677028633
15606,1653,-7,0.455235588181658,6993.29035441452
1653,15751,-2,0.572344260053045,6594.50600660511
15811,1653,-5,0.416074646337287,6178.7287869559
15812,1653,-1,0.57860078683611,4068.65059398888
1653,16320,-1,0.508451157528884,127.790155632326
16328,1653,-2,0.580550129470349,85.2329819122998
16351,1653,-8,0.527752829849854,224.932908012769
16389,1653,-9,0.488976697191149,328.885526839076
16471,1653,-6,0.605920268508835,10745.3170354467
16482,1653,-4,0.443098945738808,10305.1626759093
16550,1653,-8,0.414178015784594,10215.9862456314
16566,1653,-9,0.519308222168411,10179.4675891988
1653,16573,-7,0.436847181820909,10715.4711793347
1653,16602,-9,0.510792064519913,10418.5186684953
1653,16605,-8,0.506186371996891,10525.0612756567
1653,16631,-8,0.464469785936471,10249.343638566
1494,1653,-3,0.41614809426334,5273.01010757996
1605,1653,-2,0.434971186328635,2335.53031774908
1662,1657,-1,0.432342920947935,260.325226658293
15883,1657,-2,0.412353959811422,3963.51791655283
16400,1657,-1,0.502863853597109,203.824515306442
1657,16410,-1,0.57991129011141,174.181397764698
16415,1657,-2,0.547659225355717,218.239624269985
1657,16520,-9,0.443579945886641,11101.4144137501
1659,1660,0,0.424958329693065,1509.85867370962
1669,1659,-9,0.476850599334208,349.500239054468
1659,1688,-2,0.479891215932959,769.482238929152
1659,1694,0,0.419455806236247,1370.61295217853
1659,9197,-9,0.455148546333459,14660.7897743999
1659,10147,0,0.432909468593587,16204.6713337888
1659,14723,-2,0.424286438649879,15933.6013118487
1659,14957,-7,0.439302277759044,16356.9588407513
1659,15176,0,0.573778682436236,11496.4149798318
1659,15638,-2,0.522316126345693,8283.28335725019
1659,16331,-7,0.443182603822096,10148.4605646865
1659,16359,-8,0.49543499392194,221.209395976344
16368,1659,-9,0.663920069141455,19.6997512708925
1659,16550,-1,0.421088628902806,776.998519573068
16566,1659,-4,0.463698723271484,774.415190991512
1659,16631,-9,0.455411178259756,1339.91719074262
1659,170907,-9,0.478671696874556,13468.2114529246
175,1659,-7,0.415165982075149,169.030108771976
1662,1660,-9,0.634718755951854,11700.1631692926
1660,1663,-4,0.608628108280393,11163.2234130101
1669,1660,-6,0.797205280007331,1279.19554829341
1688,1660,0,0.770775467128892,1136.33754173951
1660,1690,-8,0.551713144290258,1311.77531272435
1660,1693,0,0.826243950106903,1399.74973563081
1694,1660,-9,0.539041759296175,1108.42854455021
1695,1660,-9,0.594888761667408,1042.51843662573
9213,1660,0,0.426244358956822,13453.7160620893
9224,1660,0,0.479354672475646,13594.0446357848
9243,1660,-7,0.565991212208802,11461.309584096
9328,1660,-4,0.541155159630177,13564.0483744544
9330,1660,-8,0.448228705760962,14496.5224544911
9332,1660,-6,0.770560541937999,14714.7775555476
9430,1660,-7,0.455359759797281,13428.5403189622
9498,1660,-9,0.487688833230987,13130.3517707393
9504,1660,-6,0.611066688724729,13430.8617131031
9538,1660,-6,0.482232156178037,13655.1611735101
10147,1660,0,0.67836065522984,16041.0384389129
14209,1660,-9,0.701606117247535,14694.2599088249
14226,1660,-9,0.427937526894796,14047.2466045712
14234,1660,-9,0.434504628576051,14679.5496194595
14260,1660,-2,0.561275647141517,14713.4725923444
14418,1660,-3,0.578231536028683,16076.1800462037
14431,1660,-9,0.634298830402955,12105.5840114337
14439,1660,-9,0.42192020856131,15822.0089476039
14549,1660,-5,0.434567240598247,15293.2585668105
14550,1660,-7,0.502183997407053,13902.6630414174
1660,14654,-6,0.418019011012061,15335.9323045976
14679,1660,-8,0.576715411142443,15333.1179679887
14690,1660,0,0.572078124289783,11286.5434815445
14723,1660,0,0.717808451220763,17261.9455869702
14741,1660,0,0.517239442531655,14615.1042577753
14762,1660,-6,0.498593224217027,17589.7417797104
14957,1660,0,0.507287364123418,17751.0311429599
15000,1660,0,0.479141292109325,17725.8683038337
15062,1660,-6,0.418761677301803,9488.99974937815
15070,1660,-9,0.419956003669581,9521.06364290134
15176,1660,0,0.627476061658836,12867.8986808356
15226,1660,-9,0.443111829606515,13978.4461006096
15235,1660,-9,0.584874596016297,13980.4887213438
15254,1660,-8,0.513945926127122,14534.2923887769
15257,1660,-8,0.501581948132475,9265.68670258403
1660,15273,-6,0.464830307897449,12932.2889938666
1660,15293,-6,0.520418319777235,12794.4773433084
15361,1660,-9,0.494530463542331,10062.5607583098
15380,1660,-9,0.82485176533723,14404.5180313372
1660,15552,-3,0.518656735889693,9755.52953905434
15582,1660,-2,0.508499660435644,10505.147729226
15751,1660,-8,0.718011223816645,9118.93399378551
15763,1660,-9,0.428965785678735,18077.3920164491
15805,1660,-8,0.474476293447182,15946.98610411
15811,1660,-1,0.683994668386315,9193.19545525038
15812,1660,-7,0.662578198485635,12644.3939244549
15827,1660,-9,0.536493647632955,12706.9226625172
15873,1660,-6,0.450376137445451,8587.92119385267
1660,16011,-1,0.418647509636919,12252.5739707722
16023,1660,0,0.517744215842468,12552.349258159
16245,1660,0,0.430044235446788,10653.2400856603
16311,1660,0,0.64640942856475,11348.4911326238
16320,1660,-9,0.770036800283875,11211.0346198826
16322,1660,0,0.743988120565455,11847.0418997459
16328,1660,-9,0.600149832720999,11343.6066994027
16329,1660,-4,0.478656362769052,11648.4122543431
1660,16331,0,0.506652844974721,11394.27293746
16337,1660,-7,0.415711856963127,11592.9829835269
16351,1660,-9,0.76009602657165,11317.5223193256
16361,1660,0,0.473239088871834,1474.88480063332
16362,1660,-2,0.790669774932589,11235.1438554986
16364,1660,0,0.513079610670251,1490.69611727014
16368,1660,0,0.481685986113797,1499.74470333545
16389,1660,-9,0.724122323880383,11197.2336254824
16391,1660,-9,0.461851927101907,1496.35349742969
16400,1660,-8,0.646675569812771,11363.6824034658
16402,1660,-9,0.71775553879266,1452.81189306327
16405,1660,-9,0.612125351317003,1412.44007974954
16410,1660,0,0.427788254129163,11541.6992480709
1660,16415,-7,0.556056404921128,11549.8255037989
16453,1660,-9,0.713950760203715,973.32412389908
1660,16471,0,0.903754063281021,585.777815692576
16478,1660,-6,0.47191926648186,11572.0431038289
16482,1660,-5,0.678761707776721,1065.04580854541
16516,1660,-9,0.654769741341373,1748.80941570994
1660,16520,-1,0.745856826409109,500.188780464947
1660,16532,0,0.4606190761144,957.767332523141
1660,16550,0,0.54055481260279,1114.78071904081
16566,1660,-3,0.806318266035967,1151.02267548877
1660,16573,-4,0.60042237008819,684.735398318423
1660,16602,-3,0.77991886873719,934.659174109338
1660,16605,0,0.879062045911558,857.766498072931
1660,16631,0,0.41056077947628,1186.47923673628
1660,170811,-8,0.437757162671579,14664.1578570252
132,1660,0,0.536407087911613,14247.0290236107
1660,180481,-6,0.507646133767339,12852.9288126535
1318849,1660,-9,0.562773424395089,16536.1485109784
161,1660,-1,0.750245875165982,13052.1105229198
805,1660,-4,0.454446846816297,15161.0853702887
1327,1660,0,0.522491250655314,11739.7860897802
1507,1660,-4,0.50917764746154,9802.46516506687
1661,16551,-2,0.429930573448602,10135.9600427306
1669,1662,-6,0.687736876196232,10584.2912409035
1662,1688,-1,0.564800168824653,10583.3229017986
1662,1690,-3,0.551515697177714,10394.3536481267
1662,1693,-4,0.537945719953208,10303.1943521416
9382,1662,-9,0.532329411899132,14433.1606134011
9446,1662,-2,0.414908700699475,14502.4114890003
9556,1662,0,0.401606323622828,13799.2408229921
13545,1662,-9,0.46804663501927,9132.01461340013
14052,1662,0,0.516755759212903,8433.51295168328
14209,1662,-7,0.450980800150879,8109.56915033747
14234,1662,-8,0.432947950862292,8072.47641680692
14242,1662,-9,0.536281439520123,8064.59584974422
14302,1662,0,0.709108011145956,7969.92817666036
1662,14431,0,0.451479321016102,8532.53931539622
14577,1662,-4,0.645012939136461,8137.55537265585
1662,14651,-7,0.489276430270138,8412.73749036665
14679,1662,0,0.402430116428557,7344.78685132397
15176,1662,0,0.68616586301433,6961.0397903699
15257,1662,-9,0.515285064352631,9404.85862686423
1662,15273,0,0.402409884265314,6832.8888849612
1662,15380,0,0.45422163048142,6308.5711247462
1662,15638,-3,0.484345885202513,7651.07658994205
1662,15639,-9,0.550525635309686,7601.19086708151
15650,1662,0,0.539941718665686,7511.16594803991
1662,15672,-6,0.454300858420681,7691.22609774917
1662,15751,-3,0.575258928792738,7444.01172317297
15805,1662,-3,0.424292462267773,4755.17461448446
1662,16011,-9,0.493039708615517,2957.77482636814
1662,16311,0,0.580958468840474,838.972329521606
16312,1662,-8,0.586273206184029,1000.47379686251
16314,1662,0,0.632565864116901,987.294752709836
1662,16320,-3,0.402697938122784,961.21461405885
1662,16355,-3,0.414183270123347,10616.2217449267
16362,1662,0,0.53061497877675,724.887640120914
16374,1662,0,0.448308337213007,478.692193642043
16389,1662,-1,0.478216619183829,694.287790950455
16400,1662,0,0.701644893404031,419.463198692709
1662,16410,-4,0.554083196614635,166.466974872313
16415,1662,-7,0.743507249679238,150.454788161625
16471,1662,-9,0.811232617393242,11127.7445267941
1662,16482,-1,0.536172659267608,10719.9335094677
1662,16532,0,0.402993051495711,10758.0412710239
16551,1662,0,0.517443706539903,10598.0348677102
1662,16566,0,0.483261553073799,10567.3905620583
1662,16602,-9,0.604445922544951,10770.661936499
1662,16605,-9,0.64933649569918,10865.4447799983
171064,1662,-9,0.454212272418979,8062.75798760136
146,1662,-9,0.509111783402658,6957.19823344446
158,1662,-4,0.55424858260749,3623.69314862922
808,1662,0,0.402809677512512,14239.7649578407
809,1662,0,0.733126548212613,16162.4859361606
836,1662,-7,0.476969711836518,14455.6326354479
1294,1662,-8,0.511165939139207,8006.98608078336
1335,1662,0,0.545545702329679,7352.56767674367
1605,1662,-8,0.782652495093441,2931.82974236892
1669,1663,-9,0.494884363442055,10011.8692057229
1692,1663,-9,0.524600136464992,9603.07806463974
1663,1693,-9,0.427995602799696,9774.89904766527
9152,1663,-3,0.623921964317849,17121.8853014683
9197,1663,-7,0.615768166714334,15435.1579113505
9335,1663,-3,0.42478458361349,15070.406899682
9446,1663,-9,0.494287542034581,15145.9986112303
9585,1663,-3,0.550667579477735,14494.6674735717
13545,1663,0,0.719066413489289,9335.45107130096
14091,1663,-4,0.51991550835679,8390.81390083837
14176,1663,-4,0.442840681005941,8473.57178410961
1663,14210,-6,0.444983787272405,8139.69335348192
1663,14215,-3,0.482793952479424,8133.0045042224
14238,1663,-1,0.61750356664147,8106.45295723739
14242,1663,0,0.572429597866472,8103.20190722322
14386,1663,-9,0.452512606732044,8705.8089087667
14743,1663,-8,0.421130931258176,7277.1759414476
15419,1663,-4,0.411005596267992,8624.43294315457
15530,1663,-7,0.462850988286855,8181.55499528282
15638,1663,-4,0.410670489071238,7165.08849737555
15672,1663,-4,0.439527064757605,7186.26242869666
15751,1663,-7,0.563705761231429,6912.11338667305
15812,1663,-6,0.448815007558775,4480.25549599297
15815,1663,-9,0.418773306654152,4473.04208788522
16023,1663,-2,0.491102762028454,2660.90341078498
16247,1663,-6,0.557551027936492,1549.54638760003
16306,1663,-6,0.479970520151622,483.118731968504
16331,1663,-8,0.449767340016998,323.441338278902
16372,1663,-2,0.509222794739477,124.915346051629
16471,1663,-8,0.635410863374777,10584.0482455816
1663,16520,-9,0.406704716829695,10704.6088904007
16566,1663,-5,0.486984156329258,10019.8580549237
1663,16602,-9,0.473086956782273,10242.0574115848
1663,16605,-9,0.503756962079888,10343.2799024598
16631,1663,-7,0.57544438287036,10056.8940419825
170811,1663,0,0.564275780789596,8129.75508225017
171064,1663,0,0.553714320838116,8102.29253747296
804,1663,-9,0.472746223665962,14906.7103255219
846,1663,-2,0.427436797611701,14711.067522747
1659,1663,-8,0.444746645325772,9950.86474950925
1664,9360,-2,0.498944925959079,13252.5324814234
16402,1664,0,0.43607816816639,45.61645648963
16413,1664,0,0.562317327721591,16.7471698295865
1669,1693,-2,0.545121742128728,776.634193517652
1669,9197,-4,0.493527299084984,14587.6544234964
1669,14229,-3,0.400841462908514,13475.0348024098
1669,14309,-3,0.468328870881533,13925.8794433979
1669,14438,-3,0.482440366288488,14850.9990632748
1669,14651,-7,0.519394179287347,10836.9857018641
1669,14777,-3,0.458405768123139,16623.1464858542
1669,15092,-4,0.509073687236116,11808.0145234459
1669,15380,-1,0.541430459296131,13269.5395512325
1669,15458,-4,0.495393457722692,9852.93321864493
1669,15638,0,0.406679943736809,8618.85230982631
1669,15650,-1,0.596390594599053,8672.06976705253
1669,15672,-9,0.443979867242211,8372.5870632484
1669,15751,-8,0.676632703285748,8060.97281988077
1669,15811,-9,0.472659906222942,8089.21066731538
1669,16011,-3,0.580591248166944,10974.4305498597
1669,16320,-6,0.58629707764529,10024.6137383861
1669,16322,-7,0.4844074503225,10703.9351146314
1669,16351,-7,0.443649887548211,10152.6078954641
1669,16355,-5,0.600534248406767,384.110624169992
1669,16359,-9,0.495606161936765,321.538563319495
1669,16361,-7,0.410833011779442,372.004882850964
1669,16362,-6,0.427941602773305,10070.3564509007
1669,16405,-3,0.448964746299058,195.403905599257
1669,16410,-4,0.519197197260747,10421.5649308385
1669,16415,-8,0.658767599679749,10434.1083434877
1669,16430,0,0.405111334185878,155.71705342715
1669,16453,-8,0.45517072819445,310.566049118654
1669,16471,0,0.735703237379418,741.299079441525
1669,16482,-2,0.418295990097588,250.661536910905
1669,16520,-2,0.568962499466516,1028.92352181441
1669,16550,0,0.486403381822991,427.982288525412
1669,16551,-3,0.475257307318176,423.301338803336
1669,16566,0,0.661180036222057,427.280287910007
1669,16602,0,0.532009171642198,755.560961052405
1669,16605,-1,0.597052267037457,878.795094412453
1669,16631,-1,0.420875534902463,992.605526344515
1669,170811,-1,0.445168263943739,13794.2382686853
1669,180481,0,0.418500426665929,11577.3821883041
1669,183104,-1,0.40546013870436,10071.1632113547
1644,1669,-2,0.420324165729431,9397.3362804219
1678,16471,0,0.411286904800425,10901.5794125751
16566,1678,0,0.400554260029321,10344.6013752058
1692,1688,-9,0.440829854490436,457.673415945742
1694,1688,0,0.463346444213054,602.248661893344
1695,1688,-9,0.5150447547203,715.026027469401
9213,1688,0,0.476383371073445,14589.9970217748
9224,1688,-9,0.532414947071714,14730.1952132987
9243,1688,-8,0.488303920994348,12593.7077534448
9332,1688,-9,0.599933449959934,15840.7931135709
9462,1688,-2,0.467894513595336,14745.2204645806
10147,1688,0,0.735323150970928,15640.7693287831
14204,1688,-9,0.42886363988357,14300.0588376948
14209,1688,-9,0.616918936794424,14230.3833604008
14550,1688,-9,0.507763030491373,13345.7596017834
14654,1688,-6,0.406121838743358,14707.4567977413
14679,1688,0,0.51377433914896,14696.1856208956
14690,1688,0,0.493288960797898,10868.4201685975
14723,1688,-3,0.617449549885756,16624.116323396
14777,1688,-1,0.455587534214718,16981.5671883849
15176,1688,-4,0.61360021435566,12199.7875300698
15235,1688,-9,0.568544466266174,13242.4272103474
15257,1688,0,0.466797121289867,8922.55856639445
15273,1688,-2,0.458424365424323,12244.163317859
1688,15293,-1,0.471079785570969,12113.6582755763
15380,1688,-2,0.554818704761741,13610.3507653016
15582,1688,-4,0.426397278601539,9843.52899574328
15751,1688,0,0.601100152887362,8440.19329981366
15805,1688,-8,0.420803058361294,14836.9531205276
15811,1688,0,0.587323425669807,8454.9290259307
15812,1688,-9,0.504590618975883,11679.3060706426
15815,1688,-7,0.449127781771362,11684.3274692135
15827,1688,-8,0.457087945325397,11724.1112702696
16023,1688,-1,0.430103865942748,11448.9380137136
16245,1688,-3,0.430634405333963,9524.08754723583
16311,1688,-1,0.585849253831229,10214.5662216486
16320,1688,0,0.591405839016745,10076.4233888376
16322,1688,0,0.628665885996845,10721.9548795279
16329,1688,-2,0.490418455120973,10519.9630865294
16351,1688,-9,0.563855414214285,10186.6868445484
16355,1688,0,0.476487434248756,804.703994284058
1688,16359,-3,0.508857211985877,715.695032345712
16362,1688,-8,0.717586725322183,10104.2873369833
16368,1688,0,0.481015309609897,775.18718840084
16389,1688,-9,0.580023275380337,10067.8503995257
16400,1688,-8,0.588182726050325,10239.5233621922
16402,1688,0,0.53440487221259,647.848834595657
1688,16453,-7,0.609155864893272,338.00609583076
16455,1688,-4,0.462961617229638,10101.8905248604
16471,1688,-2,0.738122728794909,551.009121617453
16482,1688,0,0.564030300520357,250.627238272339
16516,1688,-6,0.449128757675093,693.958337777735
1688,16520,-2,0.636011663352668,751.014418225963
1688,16532,0,0.49567353459733,178.645729517489
1688,16550,-1,0.597451991860778,21.6872285565561
16566,1688,-3,0.802919548733388,16.8719427307096
1688,16573,-5,0.537799781838996,644.525400862656
1688,16602,0,0.610426716840919,363.483261585244
1688,16605,0,0.685592921673823,499.533648043901
1688,16631,-4,0.449267815483503,571.296610218209
132,1688,-2,0.45983068650662,13802.7064146629
150,1688,0,0.435935980271049,10934.8816924779
161,1688,-1,0.725876586138988,11970.4731053843
809,1688,-1,0.500117277207616,13138.1786729364
1227,1688,-3,0.513933584233998,13032.346184117
1274,1688,0,0.417293125886172,15764.3328119795
1284,1688,0,0.687710268830682,14257.2968152599
1301,1688,-3,0.456664542819762,15544.0352959636
1335,1688,-9,0.583017476748396,13859.8236244781
1374,1688,0,0.404547799405989,9242.749852714
1432,1688,-2,0.444322106706382,13255.57051469
1495,1688,-8,0.42237269733302,13264.646332777
1511,1688,-8,0.435940528451949,8839.61241604649
1669,1688,-5,0.673581294586804,421.348570919262
9152,1690,-6,0.471363021752011,13066.188699633
1690,9360,-7,0.481390274482457,13252.0816513467
9523,1690,-8,0.57256245154309,14719.5675216448
10147,1690,-9,0.402812449350447,15457.1910929609
14209,1690,-9,0.44157442376194,14253.2966671229
14229,1690,-9,0.5734031379839,13902.7328611907
14302,1690,0,0.421684947391608,14252.7356849806
14577,1690,-2,0.499403985300681,17000.974774243
1690,14654,0,0.410643665472201,14694.5168674797
14679,1690,-8,0.498730025992111,14681.5328383941
14690,1690,-9,0.529640037440673,10913.472477988
14723,1690,-8,0.516705907482523,16593.3871920679
15030,1690,-6,0.435004915240273,9536.93152706459
1690,15180,-9,0.427403454600219,9237.63653881345
15243,1690,0,0.599192161378939,13712.1997353333
15650,1690,-8,0.455896472832715,9060.64629722025
15751,1690,-8,0.643596654130915,8438.1861213837
15811,1690,0,0.554946823679787,8438.76493762049
16023,1690,-7,0.523074121427144,11310.8757604797
16311,1690,0,0.584356780287519,10037.1312318415
16322,1690,-8,0.596748041191697,10536.9715774825
16329,1690,-9,0.419226028542537,10337.1460713908
16410,1690,0,0.500152833466027,10234.9478258291
1690,16453,-9,0.428775683128455,539.019145244029
16455,1690,-9,0.516664515562729,9914.98693214302
16471,1690,-9,0.672759364564776,733.391147391061
16482,1690,-5,0.450728287955641,440.303937239846
1690,16551,-9,0.487403213383921,220.446358818909
16566,1690,0,0.461881689932992,190.870414020317
16605,1690,-9,0.490347145757959,573.392892730323
16631,1690,0,0.402942982528616,515.655300448198
138,1690,-6,0.457323525588787,11220.3647172988
951,1690,-2,0.444168747274184,13698.5213220886
1392,1690,-9,0.513745145349859,12767.0874434897
1511,1690,-7,0.463050288989564,8844.67401051636
1605,1690,-2,0.471060196935271,11054.7361641114
1635,1690,0,0.445760333266194,1844.35493392215
1669,1690,-9,0.601226139676533,542.301866554111
1692,15552,-5,0.497342320390312,9153.51312439451
16566,1692,-3,0.40495749087292,440.835587908443
9172,1693,-9,0.587069887141658,12917.8090125914
9243,1693,0,0.447692852779895,12838.8424788301
9328,1693,-1,0.460278704553957,14872.0822131395
9332,1693,0,0.41046234688075,15991.18361598
9431,1693,0,0.446891548076708,15919.0445267236
9498,1693,-1,0.655010522750362,14395.3717923604
9504,1693,0,0.460537027996767,14681.9564974625
14209,1693,-9,0.72815854763503,14426.7815565478
14226,1693,-6,0.464381527710258,13797.6969334471
14260,1693,-8,0.571877198545292,14427.259206726
14305,1693,-9,0.49658322288742,14493.4466856529
14418,1693,0,0.459491074248659,15686.8898831069
14431,1693,0,0.576897257435778,11926.2657464898
14777,1693,0,0.536174960425625,17055.4574039692
14950,1693,-1,0.43850878618817,16844.3062331361
15070,1693,-9,0.462083174175656,9460.55208590225
15102,1693,-1,0.42404461118372,17199.7021698033
1693,15176,-3,0.470348915739176,12336.6881072397
15226,1693,-9,0.597666992191916,13341.5843295409
15257,1693,0,0.554680519329482,9193.41493999654
15293,1693,-2,0.447490711481949,12245.846770184
15361,1693,-5,0.520973619387569,9814.74513321421
15380,1693,-9,0.731766920857273,13679.5123938003
15458,1693,-7,0.59011695957249,10413.0360760703
15552,1693,-4,0.44120063594894,9375.0672710616
15582,1693,-9,0.636176406344033,9998.53762720345
15606,1693,-9,0.495558714103972,9239.98747394325
15751,1693,-9,0.564721479797703,8596.78199894723
15811,1693,-1,0.654515605468028,8585.24912900039
15812,1693,-9,0.703758130883931,11666.5154344795
15873,1693,0,0.425161543520823,7963.54651244958
16306,1693,-9,0.58051494755407,9844.97646994519
16320,1693,-6,0.497946641091899,9837.83759804546
16328,1693,-9,0.507857496572088,9964.8815376317
16351,1693,-9,0.543275786003004,9933.78547515267
16364,1693,-1,0.605620112267066,1121.16557065574
16368,1693,0,0.450099003034913,1108.26238703999
16387,1693,0,0.438192573978906,1068.49502571125
16389,1693,-9,0.596196672462064,9811.11281590505
16391,1693,-4,0.612697663616995,1046.71806824011
16392,1693,0,0.436457885934913,1027.66599723253
16400,1693,-6,0.529775194916535,9971.38214440662
16402,1693,0,0.685295159025164,972.034662954674
16405,1693,0,0.5744253072155,947.931672286905
16415,1693,-6,0.547447921895234,10152.9554833125
16453,1693,0,0.627391415825925,749.364589489588
1693,16471,-6,0.877751367495418,852.239183541594
16478,1693,-9,0.51828245376784,10172.6386476224
16482,1693,-8,0.763241748760931,660.301459119877
16505,1693,-2,0.49053256534967,605.291333273927
16516,1693,-9,0.705301481356123,825.105229901534
16520,1693,-3,0.78267304978637,929.981201611764
16550,1693,-7,0.668458680113542,421.845529743014
16566,1693,0,0.835328791348852,397.06288645255
16573,1693,0,0.707010809506655,763.586493714632
16602,1693,-4,0.834801423625399,467.585302280505
16605,1693,-1,0.88579395055518,573.237930185387
1693,16631,0,0.600513747736704,378.028125430187
177707,1693,-6,0.46955284354385,8568.1925770066
183104,1693,-9,0.445116438604151,9880.8359128594
117,1693,-9,0.580841373919282,16164.4048170233
139,1693,-8,0.407533545990376,12980.9220202225
146,1693,-1,0.619685216413411,12741.7952141326
166,1693,0,0.46727459760516,11233.033137427
1294,1693,-8,0.461434423874117,14411.576948074
1582,1693,-2,0.516451320003079,11736.0433187072
1644,1693,0,0.527742385629248,9303.25876151486
1653,1693,-6,0.531154190256269,9953.31642961165
1688,1693,0,0.662188932316319,411.876231670584
8580,1694,-4,0.40131791890041,13080.2869333514
9443,1694,0,0.400289675434388,14249.8307718669
9446,1694,0,0.421708344597786,14294.5103589141
1694,10147,-1,0.407245839292056,15196.3528505461
14072,1694,-1,0.42826260329959,14714.7991363953
14167,1694,-4,0.461313199645137,16617.9974684482
14209,1694,-4,0.40016959090448,14822.7262608211
1694,14438,-4,0.459937583139977,15811.9285716202
14679,1694,-7,0.473480585208132,15257.6556807059
14723,1694,-7,0.567118904690949,17164.6645676892
14762,1694,-9,0.473443377131919,17474.573769849
15361,1694,0,0.433104137506222,10186.7625944716
15380,1694,0,0.569924168567518,14132.6883492671
15530,1694,-6,0.431846319999971,9170.98417944976
15638,1694,-1,0.405940783479144,9589.32435991563
15751,1694,-5,0.431063628779617,9014.01972808026
15827,1694,-7,0.423994619415018,12162.1168776965
16023,1694,-5,0.427852516571648,11757.7190977684
16320,1694,-6,0.455752238462246,10229.9220599728
16322,1694,-7,0.653948524983095,10823.3754338197
16329,1694,-8,0.496181342862612,10635.4342578096
1694,16355,0,0.475474738819411,1401.54445105156
16362,1694,-9,0.47879007629235,10232.6294744377
16368,1694,-9,0.403591806503427,1375.53646143509
16402,1694,-1,0.526758663902757,1249.9003675223
1694,16405,-1,0.459914390513759,1215.68303868302
16471,1694,-4,0.586245825600213,692.35480466244
16566,1694,-9,0.49817571550284,599.039702973407
1694,16591,-5,0.41903096733588,589.119168774086
16602,1694,-4,0.464457157562942,306.379578493024
1694,16605,0,0.462861044410317,276.639821544944
177672,1694,-6,0.44499823204363,8913.01064934002
161,1694,-9,0.486445124137152,12311.1142289469
798,1694,-6,0.496906836260683,12666.4638284293
1343,1694,-9,0.431422101287555,14398.3283331143
1358,1694,0,0.608213885716274,9310.78614615645
1374,1694,-1,0.501397727515744,9843.28087266656
1392,1694,-9,0.412921429669745,13343.5463692799
1421,1694,-1,0.420101327827095,12970.2276446655
1481,1694,-8,0.60455304693521,10084.5215277116
1582,1694,-9,0.563339519394561,12189.0052550862
1651,1694,-7,0.461793370627875,10495.5468571296
1669,1694,-6,0.425395263641904,1021.31732834799
1695,9208,0,0.404060873195783,12434.7566617643
9332,1695,-1,0.422653261452007,15403.2897572197
1695,10147,-9,0.438950442771487,15178.6088034771
1695,14674,0,0.52376378749828,14820.7191682386
1695,14957,-9,0.405878583128089,17645.0017119944
1695,15092,0,0.60587003972825,12890.1303527499
1695,15273,-7,0.484821963297714,12940.0387590255
1695,15376,-6,0.44424134724836,14715.8797754702
1695,15538,0,0.463808721653767,9965.27081029516
15805,1695,-1,0.426471155903968,15242.3592065027
1695,16282,-1,0.406024358180855,10952.4402699226
16320,1695,0,0.4332003482945,10352.897936795
1695,16331,-3,0.560767963200208,10517.1087199514
16351,1695,0,0.487565552231124,10434.0615204548
1695,16355,0,0.526138671808265,1500.70104560069
16389,1695,0,0.512762657175724,10307.605301915
1695,16551,0,0.499815786157447,709.523766770812
16566,1695,0,0.501108564768756,714.121738171196
16631,1695,0,0.427740677685875,235.445925358303
1509,1695,-9,0.420991892474869,9579.7181179521
1612,1695,0,0.439498614060083,11558.7558992246
9152,9197,-7,0.435466003040836,1761.94378681285
13545,9152,-6,0.445342422342881,8334.85068438177
14499,9152,-5,0.408246984102499,10014.1507976951
9152,14723,-1,0.42596772476162,9276.28474244976
9152,14957,-4,0.403981797190731,9291.37767280527
9152,15176,-9,0.516005086730653,11820.2621434164
9152,15293,-5,0.461453986071913,11931.6310163538
15751,9152,-9,0.431962951035829,13504.29463918
9152,16011,0,0.436342138194214,15268.7814233477
9152,16023,0,0.466553359770935,15147.9620651259
16306,9152,-6,0.417096843020716,17032.0368958139
9152,16311,-9,0.405282120784785,16916.6875249596
16329,9152,0,0.43845425589153,16636.7241354501
16471,9152,-8,0.464897052057666,12334.3670949474
9152,16478,-5,0.438157073518648,16641.5606859881
9152,16520,-9,0.42287258516916,12210.5798067568
9152,16551,-9,0.592432412431895,12868.126628469
9152,16602,-9,0.562154658939984,12673.9061212147
9152,16631,-8,0.749631498196696,12850.86913735
177672,9152,0,0.419774417504829,12299.9383760693
9172,14431,-4,0.446613577093422,10806.6830606075
9172,14438,-6,0.453628132938903,9928.33032003821
9172,15200,-8,0.493118226852446,11594.230257618
9172,15257,0,0.459574413621599,11377.0786694168
9172,15638,-1,0.671734972101803,12973.4526520905
9172,15639,-1,0.631249174563392,12994.6767891581
9172,15672,0,0.461049982213095,13065.9170411391
9172,15961,-5,0.402966609790102,15146.5047111044
9172,16355,-5,0.711861672930034,12641.1901765382
9172,16361,-4,0.571691040798832,12649.2351073554
9172,16453,-7,0.421298828794386,12421.7876788444
9172,16482,-2,0.468644162848519,12531.2878277568
9172,16631,-1,0.570340007932247,12629.8981147199
9172,183104,-4,0.504921355520283,17221.8521691731
13545,9197,-5,0.435994377313867,7453.21171705972
14240,9197,-3,0.486530252813074,7546.83676581062
14577,9197,-7,0.42637630326734,7595.00715257116
14690,9197,-9,0.519603945343696,11243.6903702474
15135,9197,-4,0.422192244607488,12008.9709989231
9197,15176,0,0.575436981125634,11375.7966613559
15650,9197,0,0.44848568156298,13434.4556219153
15672,9197,-6,0.447239988436612,13533.3094911165
15751,9197,-9,0.40580113510379,13980.8334062976
9197,15811,0,0.498147554644091,14290.6817398351
16023,9197,-6,0.427875647758922,13896.7068855635
16247,9197,-5,0.500093121320417,15922.4792698384
9197,16311,0,0.530906674692183,15292.5438287088
16322,9197,-9,0.427088173681993,14740.5650066778
16471,9197,-8,0.534199737184352,13976.3717350473
16478,9197,-1,0.400190847914479,14894.5884023596
16566,9197,-8,0.469903190629594,14541.932087144
16605,9197,-2,0.444993816537467,14167.5093376614
9197,16631,-7,0.554063847301553,14418.1506954496
158,9197,-1,0.403872443076113,13388.3531156221
175,9197,-7,0.415956475809761,14748.9812260317
9224,9208,-6,0.400501877002302,2127.08589463851
9272,9208,-3,0.517410547619069,226.351482381176
14047,9208,-9,0.410692701014193,9449.43109335728
15070,9208,-7,0.407276495605494,11415.0834109577
15639,9208,-2,0.40737904332731,13165.692580687
15650,9208,-7,0.421782113260445,13248.8236263756
15827,9208,0,0.428721202747072,14184.9402340858
15883,9208,-7,0.4273388385442,14470.1041266545
16471,9208,0,0.441246242901832,12147.7028068849
786,9208,-2,0.409841255029428,148.542152814035
1509,9208,-1,0.402989169794174,13205.0120314195
1651,9208,-7,0.444423403145823,16984.778087534
9213,10147,0,0.500510977292492,8064.90805725986
9213,14229,-9,0.551982880802712,9467.23320664464
9213,14957,-6,0.424002136635527,7916.2534542811
9213,15638,-6,0.541075150208545,13426.4051790166
9213,15639,-1,0.446160268058177,13424.8571701162
9213,16311,-6,0.43018978042469,15223.3517632538
9213,16322,-4,0.525969626856596,14665.1254618036
9213,16566,0,0.416715208055482,14604.5568863948
9213,16631,-7,0.519800143853338,14471.5749197628
9224,14660,-1,0.43322606096372,11134.4240100501
9224,14723,-9,0.409717234086175,7902.9062162023
9224,15062,0,0.403894565484519,11975.2940692733
9224,15751,-9,0.405663186424989,14046.8635283828
9224,16566,-9,0.438722875369992,14744.6791771151
9226,16246,-9,0.429250967837719,15628.3563202109
9226,16410,-5,0.510615899748611,14666.3460944649
9243,9498,0,0.42490150432816,2194.33531662336
9243,10147,-9,0.502743792017925,10007.5798280994
9243,15062,0,0.440968201418642,11463.6539761845
9243,15751,-6,0.586085343409633,13724.1361536765
9243,15811,-9,0.444863916879075,14117.9460986995
9243,16320,-9,0.52091816021694,17362.5226505238
9243,16355,0,0.5260682114396,12612.0834663097
9243,16453,-9,0.492512611628179,12367.7760425199
9243,16471,-5,0.538422785823013,12043.5619939018
9243,16566,-9,0.489988960301247,12609.0252557735
9243,16605,0,0.40972384769258,12267.011600804
1669,9243,-6,0.450328410279914,12626.2844234812
9272,15638,0,0.406181767869481,13370.0865479464
9272,15639,0,0.442978299400602,13390.5432332568
9313,9273,-1,0.514256643260039,140.022082845093
808,9273,-4,0.462188756114387,136.919661882131
9290,15638,-3,0.545912846570437,13260.9353378561
9328,9300,-6,0.659410955549116,86.8210431689576
9322,9313,0,0.462021450812455,150.012423143369
9313,9335,-4,0.418303842142384,127.545078306147
796,9313,-9,0.437764373451967,212.467685519953
806,9313,0,0.43946391807632,90.3144182282835
9327,9321,-9,0.553565878504973,24.4844733360139
811,9322,0,0.466507359046764,93.4337036123402
9327,9330,-8,0.417411661756331,83.5614082040498
9328,14431,-4,0.547199303762423,11034.5776776073
9328,14674,-1,0.488477298911089,9958.15678123997
9328,14677,-7,0.472179139732223,9941.18607338991
9328,14723,-9,0.417557160925381,8068.08422830585
9328,15092,0,0.437439885943247,11543.8278647653
9328,16351,-4,0.437168415775552,15045.9932442873
9328,16355,0,0.596990740918358,14834.4554771846
9328,16471,-4,0.472460063706569,14148.8876453221
9328,16602,-2,0.492039185443349,14425.7809255799
9328,16605,-3,0.434708596987276,14304.0157830619
9328,170811,-1,0.430561332765695,9460.51646419047
9330,16320,-3,0.503783989310767,14249.5326332522
9305,9330,-1,0.447061420148119,87.9747965203036
9332,14431,0,0.474196343660878,10629.9909438129
9332,14723,-9,0.433933637884767,7087.98691712098
9332,15380,0,0.527364158463219,10010.3909636967
9332,15672,-9,0.674812889128842,13708.6068464479
9332,16320,-8,0.551700528804984,14035.0851131979
9332,16362,-8,0.426851452508128,13961.7007670082
9332,16471,0,0.553085108005355,15297.647165051
9332,16520,0,0.463731125268459,15102.6729517881
9332,16605,0,0.515264994060661,15430.4040364481
9335,9348,-3,0.488601994961479,40.7609317179231
9340,14957,0,0.481240500219695,6344.48137857928
9340,15176,0,0.514624147896451,10551.3502793394
806,9348,-2,0.479130815598889,102.581447201778
811,9348,-2,0.453585641495841,241.351704877786
9313,9348,-1,0.507283710424599,117.380273130024
9443,9360,-2,0.431770268681301,1645.53673161279
14209,9360,-9,0.402819379631118,10321.5069030727
14302,9360,-2,0.538298193533133,10427.892068171
14403,9360,0,0.456670760586528,9046.54921392118
14577,9360,-5,0.534151571821052,8969.31363285059
15011,9360,-5,0.422822593879639,9289.56042036983
15419,9360,-6,0.452242142030974,12534.615731473
15639,9360,0,0.529201398992641,13770.8663817003
15672,9360,-1,0.44384736210908,13866.9586509434
16286,9360,-9,0.506597142692174,16640.5133798789
16311,9360,-9,0.474646869729424,16716.8506795533
16314,9360,-4,0.489749580960605,16877.8879142585
16389,9360,0,0.405144693815169,16810.5251007296
16400,9360,0,0.462704974988642,16589.1698779447
16415,9360,-9,0.594430608409292,16334.6485568493
16471,9360,-7,0.535411345227704,12533.7543483216
16605,9360,-2,0.502217040655838,12721.1497982864
171715,9360,0,0.45585975288653,9237.68899809541
138,9360,-7,0.409186515072671,11553.0990137031
139,9360,-1,0.530159924252477,11356.1248674058
825,9360,0,0.42424331587825,1663.39743910938
1279,9360,-7,0.400160971429657,10329.5096175273
1335,9360,-1,0.451287820310844,11099.5198198042
1509,9360,0,0.490530097183699,13824.8713992549
1605,9360,-7,0.534538893327821,15472.3226955568
1627,9360,-5,0.407107578031186,16237.0581192614
1635,9360,-1,0.404867021087687,12548.1667635894
1660,9360,-5,0.430545288769421,11948.0419300605
1662,9360,-7,0.583866355283931,16191.1538330621
1669,9360,-9,0.504583215519915,13157.2433960409
9382,14238,-3,0.413650408619506,9579.76777167699
9464,9398,-8,0.403884006444175,181.376103079824
811,9398,-9,0.413141960700095,165.992386787984
9404,180481,-8,0.416882199880009,12925.5410472261
9413,15638,-1,0.447896561265635,13688.0474590256
9458,9428,-1,0.436248035760897,76.8835701020595
9430,14674,-4,0.478146524479791,10238.020308366
9430,14677,-5,0.402377596936667,10220.4197650227
9430,15293,-5,0.480735525598954,12027.1244940637
9430,16471,-5,0.436194300806514,14010.7373713672
9431,15200,-9,0.48143052202398,10139.2415065837
9431,16355,0,0.566981332710903,16019.2767412741
9431,16471,0,0.441640308792785,15262.3209405625
9431,16551,0,0.443220412729552,15783.3675374529
9434,16482,-9,0.435766657533958,14737.8611080058
9443,15650,-9,0.40965777933879,14173.181938753
9443,16011,-9,0.444280847105786,14301.2690545549
9446,9460,0,0.530932070772822,23.4108065789606
9446,15380,0,0.470319514631224,11135.4869046638
9446,16478,0,0.40339139899099,14520.136012222
9446,16573,-3,0.401860728838454,13992.6740162807
832,9446,-5,0.482780863512396,50.9318696276543
9452,9458,0,0.485753368501802,131.450634071337
9460,9484,0,0.471934157658138,124.589134642188
9464,9462,-4,0.406906121048713,206.409759143821
9523,9462,-1,0.443714209660518,276.246492943801
9462,10147,-9,0.58220700877166,7443.58448789492
9498,14431,-4,0.441288407682687,11619.2163952262
15606,9498,0,0.504086360177866,14150.0594347658
16314,9498,0,0.432631122573256,15536.9689207475
9498,16320,-4,0.471846650819704,15517.7271159358
16328,9498,0,0.427159373758794,15351.3433988988
9498,16355,-9,0.496253136512285,14462.4159840204
9498,16471,-9,0.667440467767714,13710.734524711
9498,16482,-1,0.52600589758292,14193.2446452877
16550,9498,0,0.424007361351343,14228.9079499157
16566,9498,0,0.497920632896137,14263.4612419211
9498,16605,-4,0.59738581286771,13834.9561073299
1635,9498,0,0.418911214918051,13922.1018701905
9504,16602,0,0.468869742829067,14252.704830911
9516,16355,-5,0.48643443418751,15857.2328633861
9523,10147,0,0.587212093269838,7417.55318028834
9523,14723,-8,0.441845528737498,8386.84248817201
9523,15751,-1,0.448545921624344,15021.134675171
9523,16566,0,0.408167876974909,14594.8486643659
9585,9538,-9,0.484267743295478,314.250288852387
9538,15200,-1,0.430276552397841,11113.2127353556
16471,9538,-9,0.436718141467328,14229.5251362594
16566,9538,-9,0.405863865034352,14772.6415458684
9538,16573,0,0.488119194553465,14145.0117352069
1343,9538,-4,0.402088454394069,10578.2515005303
1511,9538,-7,0.402575468697636,14600.9422685639
1605,9538,-1,0.410308199225927,14104.0032486223
9443,9538,-6,0.458684445469649,484.840363970608
9543,16532,-8,0.405868746316603,14851.6446830353
9585,9556,-5,0.494492172928432,62.0562955560828
14439,9556,0,0.476407264267523,8994.15362696404
16158,9556,-4,0.405035493268502,15135.4178105016
835,9556,-4,0.401254254357513,674.416235946891
841,9556,-8,0.429627761020535,530.204563794422
1409,9556,-3,0.446312666800659,9212.77890825801
1612,9556,-9,0.408093273678585,13824.0241647787
9443,9556,-9,0.418556065151075,787.019402427885
9538,9556,-7,0.572382846548144,359.893310637321
9585,14555,-9,0.428200112150679,7579.67524524465
9585,15001,-9,0.490417079584364,11553.6434835202
9585,15200,-9,0.476846578563978,10939.1052642159
14209,10147,0,0.47390091580436,8813.57202290038
14229,10147,-8,0.532979647530245,9134.43291755074
10147,14430,-1,0.403818919694991,7450.01753950349
14550,10147,-5,0.474482500319929,9360.97948346303
10147,14555,-2,0.459509756502635,6203.58009763357
14651,10147,-9,0.409713108154312,11591.3638508832
10147,14660,-1,0.466682511827783,11554.857804518
14679,10147,-2,0.510273749866477,7941.22770390559
14690,10147,-3,0.513074744227892,12009.0740778813
14723,10147,-9,0.491395284537867,6304.75430629694
14741,10147,-2,0.40051908084762,8558.40545455528
14777,10147,-4,0.504380878528129,5985.34289480191
14957,10147,-1,0.617925419614796,5756.88666711325
10147,15136,0,0.412795789803776,5474.9209965988
15176,10147,0,0.581932371376401,10006.9361035351
10147,15273,-4,0.456056374263967,9895.13125925603
10147,15380,-2,0.501485964854094,8329.36944411144
10147,15638,-7,0.401994453240845,12919.7134469029
15650,10147,-7,0.456964886322377,12799.3193587541
15672,10147,-8,0.4719447089926,13114.3833543516
15751,10147,-9,0.61401554820859,13168.3878185409
15811,10147,0,0.459814675875132,12888.1532704585
15827,10147,-7,0.45991147352027,8895.3209784487
16023,10147,-6,0.423835533488141,8000.81930299576
16312,10147,-7,0.422204858055696,7968.96122226841
10147,16320,-2,0.430421630499756,7936.34991003205
16322,10147,0,0.543273245512856,7100.65134374462
10147,16329,-8,0.494928066702058,7347.09280588035
16351,10147,-8,0.460445204215841,7687.76757408245
10147,16359,-3,0.576145826510161,16289.5818359097
16362,10147,-8,0.535982824416737,7755.37015814141
16368,10147,0,0.406070781873772,16222.094155907
16389,10147,-9,0.421374773188811,7739.86707995779
16400,10147,0,0.547542068579857,7470.67007211934
16402,10147,-3,0.404363950061668,16098.0665006901
16471,10147,-7,0.663568809625365,15878.1910720239
10147,16550,-9,0.532765601828179,15648.2801333668
16566,10147,-8,0.596434851850998,15626.7241098834
16605,10147,-1,0.449975599794919,15463.2911808223
10147,170907,-9,0.464859047577964,8812.92825833765
177672,10147,0,0.47060571990977,14104.4689586436
10147,180481,-9,0.590208660621755,8331.81049267862
161,10147,-3,0.605922378162911,7873.61018011219
789,10147,-9,0.477004980747281,9880.61394423077
808,10147,-5,0.465146285928291,7485.49625174118
951,10147,-4,0.445832645049678,1808.33937372
1296,10147,0,0.409618592323613,7603.19107946218
1340,10147,0,0.401736977713476,8677.96733176564
1392,10147,-3,0.459214927267858,9568.92651565015
1509,10147,-1,0.446233520928736,13023.7348620144
1511,10147,-2,0.408661076843824,12992.5205361964
1662,10147,-1,0.540973954246371,7051.21345630766
1669,10147,-3,0.627905230074281,15971.7248165361
9404,10147,-5,0.418828021411082,7119.03321238352
9460,10147,-9,0.434978193191165,7605.99613220586
13545,13539,-3,0.419076308553436,12.5240415045829
13545,14238,-1,0.569662987707681,1926.92055653556
13545,14242,-1,0.487440402417139,1934.14997016112
13545,15638,0,0.563280719935094,7041.34941125718
13545,15639,0,0.534369412953954,7002.47278088961
13545,15961,-7,0.518640106397819,6650.5116633665
13545,16023,-1,0.485175453775158,6858.45709161664
13545,170811,-3,0.526350231573223,1905.71921973781
14047,15458,-7,0.425342304830732,5212.472780111
14047,15638,-8,0.412789303152443,6441.11062859483
14047,15672,-1,0.415924111108816,6686.87972090203
14052,14309,-6,0.409630476738664,1568.65422820477
14052,14431,0,0.410012356372677,4197.33467806928
14052,14653,-6,0.408061082011859,1361.18652443003
14052,15001,-2,0.427919771597355,3418.12512805773
14052,16453,-5,0.400531960755804,15713.7370766781
14052,16591,-5,0.400515231248026,15879.028468841
14072,16355,-3,0.407740328254584,13352.5386555786
1511,14072,-8,0.407436305169573,5338.0447052396
15812,14133,0,0.411532719442685,3893.93496006492
16471,14133,-1,0.475930984860862,14072.4533756851
14159,14651,-2,0.482100954355071,4600.83769331142
14159,14741,-8,0.450378032363368,1987.76279977744
15552,14159,0,0.433719235497281,6650.34973721205
794,14159,-5,0.472878512358346,9424.455052487
14176,14242,-9,0.403587246989479,1491.41885516612
14176,15176,-2,0.408596653394715,3555.74372942861
14176,15650,-6,0.419830422892607,6630.44095042501
14176,16631,0,0.491243889052591,16200.9207194736
14185,16551,-5,0.450285173444158,15707.118400846
14203,14209,-3,0.492717402345814,20.3299765349226
14203,15001,0,0.40672873674326,1847.65183086854
14204,15176,-3,0.450252232534492,2292.22110081624
14204,16551,-8,0.41959199550684,14306.1892949152
14204,16566,-2,0.439901416049403,14300.5133379768
14260,14209,-4,0.457279954382874,66.2582026398428
14209,14660,0,0.424874974355769,2981.89859728742
14209,15257,-8,0.419725996920528,5431.54957823643
14209,15380,-3,0.421388094537867,1818.63778379591
14209,15812,-9,0.42836410025314,3965.29624403947
14209,16320,-9,0.513861603648252,7800.38424678215
14209,16355,-9,0.417481170118032,13470.7204726699
14209,16471,-9,0.776966520890948,14458.5925603975
14209,16482,0,0.590530396773063,14068.9924956495
14209,16520,-3,0.687122702371677,14770.1327503133
14209,16566,-9,0.493275179192856,14230.8819045694
14209,16605,-7,0.795021965903473,14706.3199382071
14386,14210,-9,0.417657819084988,3193.65605767146
14723,14210,0,0.444053451357943,3122.44481332218
15030,14210,-6,0.440131389631722,4323.7060173095
15273,14210,-2,0.413071129741655,1883.33426014143
15672,14210,-2,0.415066227159989,4983.40159390681
16471,14210,-1,0.433540348932025,13924.3571298032
16566,14210,-9,0.52430036798719,13704.0136386797
14235,14215,-2,0.578333008977403,27.8514099978811
14215,14238,-1,0.764888249022903,26.677468542512
14215,14242,-2,0.642020105246832,31.1982558753524
16282,14215,-5,0.439224902648777,7433.06319141465
16286,14215,-4,0.433436661116465,7485.33552209299
14215,16322,-6,0.423119143498531,7785.87546664638
16392,14215,-9,0.451487426419459,13516.5391991551
16471,14215,-4,0.509585044101636,14420.3791423848
16566,14215,0,0.445216329688014,14191.2263442275
14215,170811,-3,0.860633038151976,6.96346366819203
14215,171064,-1,0.692893759705004,30.7209717457759
809,14215,-7,0.404437328812164,10267.859766471
1294,14215,-8,0.513930217064276,96.2618096453009
1393,14215,0,0.412964880458539,2324.97592016352
1651,14215,-5,0.430760251138843,7668.89223211547
1660,14215,-7,0.430852906619721,14658.0465414878
16351,14218,-9,0.401568994661543,7924.61171485137
16566,14218,-2,0.413990281763642,13600.0587021124
14221,16355,-9,0.423434279110734,13596.170592098
14226,14238,0,0.453548307642666,608.273636712508
14226,14242,-1,0.480946755646028,601.729154957639
14252,14226,-5,0.411556612016391,21.6178419677345
14674,14226,-1,0.45605029113707,1031.98670554551
15458,14226,-2,0.408155859821175,3413.9928411987
15639,14226,-8,0.424906242699914,4589.21530816124
16453,14226,-8,0.453128862333031,13435.7586211159
14226,16471,-8,0.447072355600054,13812.7361045501
14226,16532,0,0.405392784661182,13675.4973531989
14226,16591,0,0.462626471593682,13597.7053438096
14226,170811,0,0.439203912386366,616.911265720542
14690,14229,-2,0.415467792820753,3055.45218905009
14229,14696,-8,0.452890166293115,2752.84354045455
14723,14229,-5,0.472826373223113,2937.46476373056
14229,15102,-4,0.490109727026891,3787.15357556665
14229,15672,0,0.477335368726558,5148.25754449224
14229,15751,0,0.485981006540331,5507.1842581861
14229,15811,-9,0.496280984848052,5572.73823253893
16312,14229,-1,0.438052910711215,7724.41150261807
16329,14229,-6,0.440985856269101,7800.02631653927
16471,14229,-3,0.433819026695625,14104.2943637127
14229,16566,0,0.405518472248877,13878.6532295259
14229,16631,-9,0.639413634368206,14418.1991993866
177672,14229,-8,0.497244143683546,5583.21500490047
1296,14229,-7,0.413593323477942,1679.37003441357
1468,14229,0,0.428682418110038,1763.71880509467
9152,14229,-3,0.511708620941936,10051.6040082399
14230,16453,-5,0.465810057181806,13500.2240601671
16566,14230,-4,0.417344325595829,13656.2099065128
14234,16415,-7,0.452165222196848,8165.01820003043
14234,16591,0,0.548156543054279,14210.4134757227
14235,14238,0,0.615361990826207,18.1959284991735
14235,14242,-2,0.587186510177338,25.3863426158276
16286,14235,-2,0.418614770146093,7462.53925347433
16368,14235,-9,0.405333786233504,13454.5103525748
14235,170811,-3,0.682458476666158,22.0086750407891
14235,171064,-3,0.659570096481732,17.6954894469596
14242,14238,-3,0.811129348469031,7.38774677508892
14302,14238,-7,0.498631066586962,117.626738761994
14386,14238,-8,0.424378950503665,2706.02704186453
14667,14238,-8,0.425703235165485,984.837336883809
14769,14238,-7,0.434926088887255,1876.79789934481
14789,14238,-4,0.461185016187847,5373.78063479527
15458,14238,0,0.401841644328778,3969.22366408751
15827,14238,-1,0.403499805606823,4006.95005887127
16023,14238,-4,0.427631150221623,5467.92286351536
16245,14238,-8,0.427840366401339,7336.98255180475
16286,14238,-4,0.520558736200318,7458.71917583337
16331,14238,-8,0.441330289094622,7784.22233594959
16355,14238,-5,0.403669610078852,13424.5427304786
16368,14238,-9,0.457920941582802,13436.3149820858
16389,14238,-4,0.444230145459713,8027.1458733458
16430,14238,-9,0.425534877452337,13635.7962640773
14238,16453,-1,0.518352990123367,14033.3862396294
16471,14238,-4,0.576207594178365,14414.4460120902
16516,14238,0,0.4195926083516,13555.1330168639
16566,14238,0,0.556235295701984,14182.6179863301
16631,14238,-5,0.442529205298267,14719.3028406094
170358,14238,-2,0.454739475283438,1627.525756521
170811,14238,-2,0.800946998775721,24.8885692827618
171064,14238,0,0.853245943977107,4.55065805255094
790,14238,-2,0.459375225209639,10110.1109143384
809,14238,0,0.481110368851007,10292.9258796339
846,14238,-3,0.452164117412504,9859.62046715143
1294,14238,-7,0.520041437191805,77.0945341117369
1343,14238,-4,0.488189028214914,828.38338752893
1401,14238,-6,0.557320024627945,4509.30052367303
1660,14238,-9,0.491830306148608,14655.0371716829
1669,14238,-9,0.45573468782228,13780.9630790953
1688,14238,-7,0.440123418324066,14182.243784116
14091,14238,-7,0.420638845478458,1008.48210237125
15030,14240,-7,0.41229337100262,7150.729956805
15176,14240,-8,0.416654589540952,4446.33845113189
14240,15811,-4,0.414332057696769,8191.35977144817
15950,14240,-2,0.407064472713811,6228.12682469261
14240,16311,0,0.572641458637203,8459.49939013571
16415,14240,-8,0.516609367208185,8638.38801864214
16471,14240,-7,0.464411912593503,16784.8176053731
14240,16551,-2,0.501576836147325,16582.228095057
14240,16631,-6,0.432962589341897,17111.9876302388
1605,14240,-4,0.561589621101057,6621.86701692788
1669,14240,-6,0.414551104887872,16172.7759424736
14302,14242,-6,0.455674276578828,119.679996728544
14242,15257,-6,0.424965424875463,5388.06080383103
15458,14242,-1,0.441443675737473,3961.86426583721
14242,15650,0,0.432639487809958,5152.44737830221
16023,14242,-7,0.412550579569273,5464.2643912751
16282,14242,-7,0.432776966010494,7403.70458970017
16286,14242,-4,0.426527206657893,7455.2742637297
14242,16355,0,0.426265738763187,13417.4384074885
16471,14242,-6,0.471869406995945,14407.4496346499
16566,14242,0,0.477334466448424,14175.4129978329
16602,14242,-8,0.411784220434171,14528.3853655659
14242,170811,-1,0.763294617756568,30.686087017253
171064,14242,-1,0.866044041654725,8.52553647264876
804,14242,-4,0.403959661490951,9301.25378318728
1294,14242,-7,0.450370225113121,79.7950139714463
14252,15638,-8,0.568174123497469,4621.49077398396
14252,16355,-2,0.410809165700312,12822.743938555
14260,15380,-4,0.520184524507693,1756.14321267854
15458,14260,0,0.418879309845295,4018.36442535586
14260,16471,-9,0.533606647280736,14470.6015367414
14260,16482,0,0.464783153993413,14076.8558677586
14260,16551,-2,0.495857238737478,14242.0034029967
14260,16566,-9,0.597351314731344,14236.0054950976
14260,16573,-2,0.434896864633115,14793.4054416161
14260,16605,-7,0.61879998824306,14713.6868521931
1669,14260,-9,0.408532988078485,13835.1685237713
14302,15293,-1,0.420341090766021,2286.50360534398
14302,15650,-6,0.414108725521289,5200.08848978901
16471,14302,-5,0.418842100686569,14478.1403286349
14302,16551,-7,0.44733643364045,14242.1540958524
14302,171064,-7,0.445186358665961,113.273997904802
1605,14302,-1,0.463969113830659,5383.81491782918
14305,14309,-6,0.473345280798118,17.9721821318855
14305,16471,-9,0.440299366098753,14553.8641254436
16566,14305,-4,0.426630057052085,14309.3824109913
14305,16573,-4,0.461931729292716,14873.4587635671
14306,16311,-1,0.418219528858277,7660.88514366669
14471,14309,-5,0.414883407370422,2762.5683452272
15811,14309,-9,0.414361750427782,5955.05318273844
15815,14309,-8,0.44084341179931,3872.26426369521
15950,14309,-2,0.409942445241213,4996.70425535253
16312,14309,-3,0.460078388640358,7638.15223647388
16471,14309,-3,0.480814482253427,14569.0498873171
16550,14309,-9,0.421436807724045,14336.3620772105
16551,14309,-5,0.473409841779019,14330.1422603215
16566,14309,0,0.592684141884229,14323.4795989877
170999,14309,0,0.495843354764455,1322.97179452142
1260,14309,-2,0.503849528737526,891.355580233464
1660,14309,-4,0.448433869588592,14822.4652382107
1688,14309,-2,0.419491939325038,14323.5752292104
9547,14309,-9,0.4436512726101,9718.37146848597
14333,14660,-2,0.431604403552617,3941.22111858845
14353,16359,-8,0.437227216851318,15631.6284818339
14386,15092,0,0.44631992174659,4706.27117767192
14418,14431,-6,0.492634802664675,3976.46844818903
14418,16355,-2,0.424019261720207,14803.5358674712
14418,16471,-8,0.545173844142588,15808.9922198674
16453,14430,-6,0.410903083523061,15410.0437869542
16471,14430,-4,0.416457404198691,15806.115656333
14439,14431,-1,0.40789728035277,3732.79967574353
14723,14431,-1,0.462407407290363,5173.04127317913
14777,14431,-1,0.416216296683147,5536.90115200482
14950,14431,-5,0.484595871954666,5520.57395962806
15070,14431,0,0.482819735388612,2596.60705366762
15243,14431,-4,0.478948700619438,3040.66448720393
15257,14431,-5,0.575801243252281,2844.94074440544
15380,14431,0,0.640369452986133,3097.37087511833
15552,14431,-8,0.468123014136565,2632.07509654171
15606,14431,0,0.438947856786539,2799.44251972186
15639,14431,-8,0.405169723031007,2881.09207242855
15751,14431,-1,0.5104728277227,3554.82597966809
15805,14431,-1,0.449455549734019,6118.4482436417
15811,14431,-7,0.461376760558825,3735.87786314816
15873,14431,-4,0.441114055467185,4305.60484991364
16023,14431,0,0.491431414331756,5780.15823339781
16320,14431,0,0.46715067836492,7876.10697822357
16328,14431,0,0.458086667626138,7967.20788022982
16330,14431,-1,0.4363471378327,7587.11428018361
16337,14431,-2,0.474498139272319,8154.58982089757
16351,14431,0,0.549406641788254,8109.52353432189
16361,14431,-5,0.562198529040862,10923.8264435065
16368,14431,-6,0.466810887493481,10930.8418895512
16389,14431,0,0.532357954922559,8217.21067576608
16391,14431,-2,0.501359041178592,10975.4055586679
16400,14431,0,0.439670456343081,8388.23036389667
16402,14431,-3,0.692812309834955,11049.2065522184
14431,16410,-3,0.423948470779772,8528.68090512602
16453,14431,0,0.657153626861852,11518.1397098981
14431,16471,0,0.693013436244119,11884.6935168165
16516,14431,0,0.447925640739953,11101.3675470038
14431,16520,-9,0.615257447177658,12194.336214566
14431,16550,-9,0.445173008037833,11703.0818130145
16551,14431,0,0.433797274453002,11697.4386461428
16566,14431,-1,0.638888883772492,11694.6303905073
16573,14431,-2,0.474979077436582,12218.2105091448
14431,16591,-6,0.567441190312585,11705.6975379517
16602,14431,-6,0.575397951365705,12036.1116095707
14431,16605,-9,0.599408130501004,12153.7814618903
177672,14431,-9,0.430069846149749,3379.77119359059
1318849,14431,0,0.424611295351092,4985.01916045695
161,14431,0,0.456598071790548,5313.54934336614
1294,14431,0,0.52718984177443,2606.45626792777
1627,14431,-7,0.426469620792664,6814.86802623602
1669,14431,0,0.526135937489188,11281.1353687207
1694,14431,-9,0.413472319471657,12292.6803454376
9243,14431,-1,0.443581278928981,11067.3833357863
9504,14431,-5,0.451937426160016,11547.3116389874
14723,14438,-7,0.43475676234558,1469.6491793498
15200,14438,-6,0.435013286232348,1860.7768049699
15751,14438,-8,0.491504136472233,6798.49602926841
15883,14438,-8,0.415682330332131,4500.929036079
16011,14438,-2,0.436172634807558,5507.57901560248
16320,14438,-9,0.509741876051695,7631.98301193569
14438,16359,-8,0.528868338141841,14657.63645748
16410,14438,0,0.419218524115626,7858.96578500848
14438,16453,-7,0.457891034196465,15118.9828991842
16471,14438,-9,0.494334927481806,15516.5197866538
16591,14438,0,0.510260678624156,15228.6980738177
16602,14438,-6,0.422837780661259,15597.853697249
16605,14438,-6,0.455632023084745,15727.6279155927
16631,14438,-5,0.507435186336398,15748.0876572163
15,14438,-1,0.402542262117605,3151.85980169354
166,14438,-9,0.438318819904924,5766.06701441434
813,14438,-9,0.50889127501747,7967.16156116531
816,14438,-5,0.455927058010755,8277.23900795754
831,14438,-7,0.450964795773652,9848.23748628934
1319,14438,-8,0.404830822362672,1166.32148181911
1520,14438,-4,0.472715156198715,4160.02461960103
1548,14438,-7,0.41624515852159,4244.09893551433
1575,14438,-2,0.485887970937189,4539.88886258091
1662,14438,-8,0.449327868025552,7768.594300622
9431,14438,0,0.438457244545499,8280.36796838246
9538,14438,-9,0.418730666750305,9252.62807365469
14176,14438,-9,0.505022232720821,603.434361157064
14431,14438,-2,0.530082262289558,3706.43917940583
14439,14674,-1,0.514847384077563,1157.57821491533
14439,14677,-4,0.427103983984362,1130.11986978553
14439,15001,-7,0.455792655897794,2720.82072133784
14439,15530,-3,0.458683243809292,6775.85625696446
14439,16320,-8,0.421118226072413,7641.49090128401
14439,16415,-9,0.452108030425045,7886.89040577187
14439,16566,-9,0.443793686606096,15263.5397795918
14442,15552,-4,0.478709243562094,7599.46625845935
14443,15751,-3,0.44166391101513,8747.43491221116
14443,16011,-9,0.509250556586105,6810.49873304503
14443,16246,-3,0.412502548881551,8670.20895451985
14478,15638,-8,0.422512787893019,5610.84456693293
14478,15639,-9,0.405473728284925,5561.80635705939
14499,15293,0,0.483740724977177,2814.16660985725
14499,16631,-3,0.610581704163511,15420.825676004
14499,180481,-9,0.43189192152478,4354.61834741964
14514,15650,0,0.417565203157593,5515.76250513327
14550,14660,-8,0.516390892894248,2226.31208447812
14550,15176,-8,0.554552947476134,1274.32003550859
14550,15552,-1,0.487926917116839,4170.88390483473
14550,16566,-7,0.409891299107242,13345.0350381016
14550,180481,-8,0.434018824175003,3946.26194274162
14555,14660,-1,0.416048037026346,5826.82127720284
15273,14555,-7,0.415334135689209,4765.90905684815
15805,14555,-8,0.430209417801036,3408.71432345086
15923,14555,-2,0.448613155485927,5825.53974007401
16471,14555,-9,0.444330533472425,17293.0622569526
14555,16550,-4,0.413967514348637,17022.9745594075
16566,14555,-4,0.550384150444709,17005.892053209
1312,14555,-6,0.431748076795468,2226.79576057631
1605,14555,-4,0.424441472823657,6519.29358116762
1660,14555,0,0.445431039939978,17534.0978425234
9152,14555,-5,0.433201610174387,8836.08182107624
15380,14558,-8,0.415706151949948,1215.12024071881
1605,14558,-8,0.406699174117329,4880.36206044802
14577,15943,-9,0.464672211237219,6071.13016965421
16247,14577,-8,0.427966904260557,8399.32792231402
14577,16286,0,0.43018863144876,7983.37140972679
14577,16311,-1,0.473787886043403,8170.41411011632
14577,16415,-1,0.549497414535198,8273.92890401782
16471,14577,-3,0.421007916011773,17307.1335193454
1432,14577,-1,0.424245684471929,3776.80587106317
807,14581,-5,0.412123201470843,9301.91370234431
14584,14598,0,0.474825916401147,178.467887884722
16566,14584,0,0.43773399141534,17141.4199109973
14598,15469,0,0.41547964323464,7439.55908617742
14598,15552,0,0.518882341983738,7835.1741772285
16011,14598,-1,0.445708150816202,6449.1356038635
14598,16482,-9,0.40036183542977,16852.2121834286
14598,16550,-9,0.609040147375468,16993.8901724612
14600,15176,-9,0.450483918203567,1748.55490112087
15751,14600,-9,0.411590390359005,3138.26647363703
16471,14600,-8,0.436704243867678,11485.2567901736
1484,14600,-4,0.440983530418176,1948.34682648246
1519,14600,-7,0.474118040408885,2926.06644192437
9197,14600,0,0.462762294031611,11059.9696302394
14651,15102,-9,0.427232899288455,6407.8090286902
15136,14651,-1,0.423896901271857,6329.60426505384
15638,14651,-2,0.43172466941157,2444.14649864479
15639,14651,-6,0.440459126026087,2418.09816919639
15751,14651,-4,0.577605357915491,3091.69112925332
16234,14651,-4,0.493286819375867,6727.98249061867
16362,14651,-8,0.456394241337598,7968.61530386648
16389,14651,-1,0.481763511542757,8053.42896860352
16400,14651,-6,0.483532389534049,8240.22266288964
16430,14651,-3,0.412699924112214,10695.8771469916
16471,14651,-7,0.532015828881103,11451.4286971395
1326,14651,-3,0.427515707513298,2670.36216757501
1409,14651,-6,0.450606862215851,4761.3021559977
1481,14651,0,0.43136742815223,1870.15056735506
1605,14651,-5,0.419738264104989,5486.55289270137
9360,14651,-8,0.409657414801708,11764.2601591084
14682,14653,-9,0.41259016392065,3837.60348369807
14690,14653,0,0.434291185647096,6297.94498161747
15380,14653,-3,0.440541732892015,3432.59094613387
15552,14653,-1,0.488948903373394,7871.36235320558
15751,14653,-4,0.405969166300037,8574.4462819742
16011,14653,-6,0.472695979087608,6441.65093947416
16368,14653,-6,0.402948988515958,16306.1643722585
16402,14653,-9,0.432204279044602,16406.43640288
16471,14653,-7,0.547725909255264,17315.4745527642
16566,14653,-9,0.509557802201412,17004.4534104508
14653,16591,-9,0.489614063056357,16988.4166303429
14,14653,-6,0.418478299230565,4913.22055626204
146,14653,-3,0.508690723009008,4400.88203620156
166,14653,-8,0.531546652724528,6460.775999565
9573,14653,-6,0.478984033102764,7670.79754690939
14645,14653,0,0.492637787357928,25.7188087461963
14654,14660,-1,0.452907422013868,3674.23506972933
14723,14654,-2,0.455782032841811,1938.02899054452
15273,14654,-2,0.422903858028448,2465.88328546497
15639,14654,-5,0.440366700929921,5670.23461302697
14654,16453,-9,0.418177698443252,14608.3797009597
14654,16550,0,0.489154025210304,14722.4942440516
14654,16566,-5,0.464879116217885,14705.0789678973
144,14654,-9,0.417294988219068,2013.34608302399
15606,14660,-7,0.420841572892255,2345.32097052453
15805,14660,-6,0.420676686090259,6290.70791034297
15815,14660,-1,0.44512690881698,3776.97330976617
16329,14660,-2,0.42142922432306,7976.14030733199
16453,14660,-6,0.406297888535228,11104.5791998905
16471,14660,-9,0.476875143829538,11478.2343956986
16566,14660,-5,0.538379266249768,11272.2149109589
150,14660,-2,0.433793011371543,1029.79323285532
1432,14660,-3,0.451618944880385,2727.96397782327
1605,14660,-5,0.441939954901101,5453.94804931374
14667,16331,-3,0.417109342532132,7166.42062708326
14667,16453,-6,0.43558232123036,14633.7702869754
14950,14674,-9,0.404110911084425,2822.76509270133
15254,14674,-8,0.45730970417352,868.49745335546
15552,14674,-8,0.511068853220814,4984.5446984195
15751,14674,0,0.420995943803118,5679.18318600579
15827,14674,-2,0.451938003682115,3376.74378814476
16245,14674,-2,0.410863264783596,6683.32868348489
16310,14674,-3,0.433523149279851,7028.67364466096
16328,14674,-1,0.428568325154067,7062.70262142578
16331,14674,-5,0.482555970950598,7078.08710143752
16355,14674,0,0.427435985458543,13405.1021694265
16389,14674,-1,0.505008683184169,7322.11630615496
16471,14674,-7,0.442879745481457,14420.664610588
16602,14674,-7,0.463517473950987,14480.8626316656
16605,14674,-3,0.417998415349333,14612.5061413179
14,14674,-9,0.571114805593487,2160.97068577802
1318849,14674,0,0.459139419332798,3146.70035234271
150,14674,-1,0.477095855938291,3201.21309450126
175,14674,0,0.546223819271859,13489.2572127946
808,14674,-4,0.406817817127596,9737.7606586443
1343,14674,-8,0.403569176015188,289.343286515323
1393,14674,-6,0.47626186348212,2038.90995519504
1605,14674,-9,0.460129198680075,4783.61892006643
9224,14674,-3,0.440249053826032,9714.38953839237
9332,14674,-3,0.444871851579078,9169.47523270254
9427,14674,-6,0.503460589317913,9164.65020255209
9538,14674,-9,0.418583629638634,10312.9601898872
14478,14674,-4,0.487990692899497,527.966934944776
14549,14674,-4,0.421400628719838,579.219062392821
15243,14677,-8,0.431828364608519,858.829739182001
15458,14677,-2,0.492408486803723,3924.76721147577
15606,14677,-9,0.402645316997491,5124.34578731954
16023,14677,-9,0.421152847785286,4773.12534582748
16286,14677,0,0.451883064162577,6755.29300995879
16328,14677,0,0.451758439536811,7059.52535868878
16566,14677,0,0.464369922617959,14146.4721649881
16631,14677,-6,0.419941891731336,14650.6691361478
1318849,14677,0,0.479581136489289,3128.39334575031
166,14677,0,0.423310158947108,5174.2052255196
816,14677,-1,0.42391808852242,9325.20670773789
1509,14677,-9,0.478388314273809,5292.48409094481
1511,14677,-9,0.428898322387809,5317.24113507595
1635,14677,-2,0.472312024028993,13037.6951953854
14226,14677,-9,0.52404189485043,1058.09989306807
14679,14723,-1,0.493284156828435,1944.6814748605
14679,15200,0,0.455545565125474,1245.08858179002
14679,15273,-2,0.424578901317797,2452.97671143673
15552,14679,0,0.431789891719776,5578.47460346513
14679,15751,0,0.467548697735261,6260.82824542855
14679,15811,-1,0.481464857956645,6243.13509717113
14679,16311,-6,0.489017774967304,7082.41546928624
14679,16322,-9,0.470249571402827,7046.55806631139
14679,16362,-9,0.417042567546293,7306.23777934464
14679,16455,-8,0.506783645720591,7583.0146136432
16471,14679,-3,0.421020486249004,15009.2841036779
14679,16532,-4,0.515657806790361,14809.0186476329
14679,16566,0,0.412114986015433,14693.6688325866
14679,170811,-1,0.418960969739785,989.962738027158
171,14679,-9,0.466603803389968,6106.96383338143
14690,14957,-6,0.499060884720095,6507.34746473716
15376,14690,-5,0.404660847928096,4154.21023778969
14690,15552,-5,0.45351282259774,1882.31525177577
14690,15672,-9,0.403487744257198,2407.80033822957
14690,15751,-6,0.546806562513144,2844.27677978248
14690,16011,0,0.620871757680011,5676.48133962673
14690,16566,-9,0.502635161653261,10870.5738546237
14723,14696,-6,0.473853687278164,5674.45765269491
15180,14696,-2,0.455806757082247,2070.44173058398
15751,14696,-9,0.481012014822334,2998.81900567513
15811,14696,-2,0.455390786054186,3195.19930508201
16247,14696,-9,0.445946027482347,6791.55710088642
16400,14696,-8,0.436560111927983,8230.68422670469
16471,14696,-2,0.433586749682465,11353.5388174762
16520,14696,-2,0.40067829243553,11664.48441669
16602,14696,-6,0.444974327544055,11493.7148836693
1335,14696,-6,0.484904044629543,2964.42825095687
1374,14696,-6,0.406881616381305,2229.23632545103
1432,14696,-9,0.484286385239727,2836.90872557667
1468,14696,-3,0.416613878953669,3355.14950132383
1481,14696,-1,0.457875532073275,1775.01355422178
1612,14696,-2,0.431366368884645,5892.41523421188
9516,14696,-1,0.421261700969179,11759.9712012053
9523,14696,0,0.433752580114081,12139.7154362155
10147,14696,-9,0.468612961788047,11672.819460729
14723,15102,-9,0.557810781151535,875.477857581403
14723,15176,-9,0.563915718972707,4437.35717912173
14723,15293,-6,0.414100849890206,4519.37535990099
14723,15638,-9,0.500455984054132,7659.25626998594
14723,15672,-4,0.682255609861475,7904.65367270874
15751,14723,-7,0.580376197426158,8202.49917683059
14723,15811,-8,0.433366136997987,8171.64829078972
16023,14723,-9,0.472863892773949,5896.8684752109
14723,16246,-8,0.488695669833435,7943.53961770392
14723,16311,-8,0.45986966157889,7772.81533897208
14723,16322,-9,0.577470875433817,7522.08773180129
14723,16351,-1,0.416271106292064,7887.66018858727
14723,16359,-9,0.432937077753195,16090.5804035922
16362,14723,-7,0.584909426979129,7961.90023125944
16389,14723,-9,0.451457411625567,8028.76239061484
14723,16471,0,0.489016080624711,16953.806242972
14723,16482,-1,0.402414591693987,16509.8384951606
14723,16520,-5,0.444100231544995,17265.5995244564
14723,16551,-9,0.478649343447033,16633.289094328
16566,14723,-9,0.51959083922827,16620.5020853577
14723,16602,0,0.414363068241452,16987.5942935041
14723,16605,-2,0.44240029769695,17122.7908433362
14723,16631,-9,0.53098779638241,17089.3360936076
14723,170907,-8,0.425375030194264,2597.03276748898
170999,14723,-7,0.406485620710004,1245.52268671748
173367,14723,-5,0.482436073536585,1930.18452434651
1317590,14723,-6,0.443549146311832,1903.28120944428
14690,14723,-3,0.442274307640056,5986.18445957733
14748,16311,-9,0.458770832271223,9453.75929677938
14748,16471,-3,0.440932416282335,9203.73413472213
14748,16566,-5,0.475471486339496,9137.23241888353
138,14748,-1,0.400962515940212,2456.21011177314
154,14748,0,0.439066284751862,6416.11618220252
175,14748,-5,0.425885550827033,8503.58523676032
1511,14748,-9,0.400515374312739,2743.12015290798
15751,14762,-8,0.401176658076997,8529.10969914659
14762,16351,-7,0.410155883335764,7992.65951225093
14762,16355,0,0.416945451127821,16262.031629349
1343,14762,-6,0.469462026353778,3147.77216256738
1605,14763,0,0.405197921289747,4545.8314789086
16247,14769,0,0.409928951641507,7295.35012600647
14769,16359,-9,0.438002440763728,15180.4623352291
14777,15176,-2,0.456273360562365,4804.39294042466
15751,14777,0,0.456055707346524,8569.29703019034
16471,14777,-4,0.489944966106686,17321.9715452028
16520,14777,-5,0.434020811493438,17633.2273932193
14777,16566,0,0.596787454440499,16977.4186230844
1284,14777,-6,0.421642623628859,2922.67202366517
1605,14777,0,0.401719278862835,6282.10096546468
15011,14802,-3,0.417205231975317,3213.57907864206
15105,14802,-9,0.418647674729303,4304.40121223313
14802,15176,0,0.456375247819277,1846.10576963373
15811,14802,-2,0.417620175025732,5590.27704317616
16286,14802,-1,0.493361924862898,6559.59251448692
16471,14802,0,0.490956537299989,14362.6593130836
16605,14802,-7,0.432984253896786,14540.0077462412
1481,14802,-8,0.414046299290525,4635.12352350947
10147,14802,0,0.471184535314399,8448.3293778015
14804,16359,-2,0.466591798539003,15293.8677704352
14816,16532,-8,0.401090212861811,15845.1216670898
14882,15102,-1,0.450540809236228,1745.07113674243
14159,14924,-7,0.414093866818394,1694.66102914774
14950,15257,-7,0.447996014966876,8363.31855340254
14950,16355,-8,0.475739305484468,16165.8247614137
14950,16471,-2,0.424457398037214,17187.4697293387
16566,14950,-3,0.424090099365546,16800.0505895593
14950,16605,-9,0.402968327440606,17303.8413239244
15000,14957,0,0.569740464880625,63.4112546449297
15176,14957,-7,0.486962949805293,4886.69241015696
14957,15273,-3,0.404193866306738,4826.08514414241
15751,14957,-6,0.479545363883892,8644.66988713504
15827,14957,-8,0.417054040342692,5353.54780307779
16311,14957,0,0.477519788289186,7690.9800512459
16320,14957,-9,0.435654107779265,7800.12548633925
16322,14957,-8,0.46654931031133,7382.81138390671
14957,16329,-6,0.439444274997037,7519.49151739099
16362,14957,-9,0.484051893592043,7866.37402028001
16400,14957,-9,0.438025584054934,7847.28702344657
16471,14957,-2,0.547300958162436,17388.1232727683
14957,16550,-9,0.425302236881944,17022.9326204223
16566,14957,-9,0.529430062894955,16999.3329471911
16602,14957,-3,0.460937259549477,17364.802152554
16605,14957,-8,0.45901882434967,17502.9019896929
14957,170907,-7,0.534743345309644,3129.80227647948
177672,14957,-2,0.510417909794022,8980.36451479379
14957,180481,-4,0.459015596157196,5394.40982122402
138,14957,-9,0.496149890850584,6243.06931337404
1284,14957,-5,0.505843914956683,3096.20990908238
1301,14957,-2,0.461807559050426,1767.02597626389
1327,14957,-9,0.474530423021555,6047.22892379079
1340,14957,-1,0.437724270860519,3238.11813913492
1374,14957,-9,0.409127718877623,8327.09155901191
1394,14957,-2,0.406406379197864,1028.25115762425
1669,14957,-8,0.470529100369904,16668.6388999867
1688,14957,-6,0.444906585999867,17005.0571807676
14209,14957,-7,0.460517362757482,3124.06324199016
14229,14957,-4,0.440269190783019,3468.32105174288
14723,14957,-9,0.406061788796505,548.119597068637
15000,15638,-9,0.493511363653214,8093.24760541733
15672,15000,-2,0.501997402546039,8336.93538964455
15751,15000,-8,0.425054900557162,8614.12863551
15000,15811,0,0.425590683777186,8556.58971604664
16247,15000,0,0.445199803870143,7936.88681321378
16471,15000,-1,0.420775867099978,17352.2722273642
1392,15000,-5,0.411477638590729,4299.86697168014
1481,15000,-5,0.477301753190539,7661.63315894256
1511,15000,-4,0.503908669870969,8245.43960106818
14209,15000,-9,0.400547776712721,3119.34824088084
15001,15538,0,0.414631283162703,3366.05332743432
16245,15001,-9,0.412005215652249,5954.4635242814
16320,15001,-9,0.423874048194109,6611.88244408074
16328,15001,-5,0.427032916774653,6672.00016374219
16471,15001,0,0.448152313576213,12853.2722433496
16550,15001,-8,0.414170224152363,12562.9205626374
16566,15001,0,0.497368426563934,12546.385888259
842,15001,-7,0.408096642238501,11486.6956192039
1394,15001,-4,0.481489125686988,3575.54645546257
1509,15001,-9,0.41986357682776,3694.99226065748
9523,15001,-9,0.438459011183319,11748.4333130317
15011,15469,-4,0.502081747046565,7773.44159781154
15011,15672,-5,0.555248053936084,8524.62579419991
15011,16415,0,0.415656226780352,7763.97313861241
15014,15751,0,0.402048490006171,2288.85531255858
15030,15380,-3,0.42553723119952,5120.58424333478
138,15030,-7,0.461680487245081,1728.86502811286
1605,15030,-4,0.437765800199944,6444.44297520349
15037,15257,0,0.420601036011247,596.811167842872
15037,16566,-6,0.410116393408943,9491.49617335199
829,15037,0,0.411981316270679,12335.4440710801
15070,15062,0,0.497233989348381,47.426974923757
15639,15062,-5,0.482406094709638,1887.42828342199
15672,15062,-2,0.407364602134592,1879.54445705853
15751,15062,-2,0.610501271406252,2261.9564724703
15806,15062,-9,0.47006531242637,7960.14965830845
15807,15062,-2,0.465766403643785,5265.34624473417
15811,15062,-7,0.417693273924586,2665.51218053585
16234,15062,0,0.457643643213729,7420.28857731174
16322,15062,-5,0.494139798394704,9196.57905436579
16453,15062,-9,0.403448017753469,8958.44748743716
16471,15062,-2,0.49748235978039,9303.01931738467
809,15062,-2,0.460414418099211,11971.9647106204
1333,15062,-1,0.429335966919596,4083.54128667796
1335,15062,-6,0.461772979620229,5134.06220784679
1344,15062,-9,0.4646538401075,509.941281039757
1662,15062,-1,0.498795074588025,9455.43574303882
1669,15062,0,0.451558927360768,8743.52458168098
15070,15102,-8,0.484048374270926,8610.84824330242
15070,15552,-9,0.417924316341958,1476.28996797982
15070,16355,-1,0.454525163893489,8392.9112377157
15070,16453,-5,0.415328366555562,8985.74891039728
15070,16471,-8,0.489408656382818,9331.90178901788
15070,16482,0,0.443923889720579,8994.048158826
15070,16591,0,0.476618087295027,9212.68431370297
15552,15092,-4,0.464250155726674,3085.82050584598
15638,15092,-5,0.408691131441132,3201.8492640213
15805,15092,-1,0.459713309019704,4734.35622129866
15812,15092,-4,0.413987254119553,2455.32134625461
16328,15092,-7,0.520368676281034,6593.619633663
16329,15092,-4,0.422436814668075,6726.14440513235
16355,15092,-5,0.430623352721773,11476.3624221031
16415,15092,-4,0.610734912764725,7153.26757656566
16453,15092,-4,0.416648221220002,12084.6474619419
16471,15092,-9,0.407821245068267,12494.2324217841
15092,16591,-6,0.413024400859063,12175.8776457487
16602,15092,-9,0.409077010268276,12549.1218913945
138,15092,-4,0.466853981094995,1900.87964279781
15092,183104,-5,0.400456173494536,6532.99204158849
807,15092,-1,0.442771667884408,11482.6964929515
829,15092,-9,0.50503071142646,12515.9395352236
1294,15092,-9,0.405238596060496,2149.65837710419
1355,15092,-5,0.424279641433674,701.34997426006
1373,15092,-9,0.442813922800758,2902.63421830827
1509,15092,0,0.485757574400681,3337.27541474118
1605,15092,0,0.543945533723976,4193.5553101298
1650,15092,-5,0.472181523939024,12248.9360066937
1651,15092,-8,0.417744678181281,6499.72016259953
15030,15092,0,0.454927185954737,3354.20303606463
15105,15102,0,0.527238368900129,7607.37138673964
15552,15102,0,0.461914215897064,8281.745337127
15751,15102,-8,0.449975886143711,8909.53810851639
15827,15102,-9,0.459014435098291,5501.2159743196
16011,15102,-9,0.577822647430361,6228.29158133466
16234,15102,-9,0.47908783351342,7915.8744107093
16310,15102,0,0.407573755981227,7748.6840207281
16312,15102,0,0.451131992569536,7764.79413984751
16322,15102,-4,0.423888132431909,7307.14793896613
16387,15102,-1,0.401147400295076,16590.296536918
16389,15102,-9,0.496767478453891,7873.44427950569
16471,15102,-9,0.555749395438481,17625.0899272619
16482,15102,-1,0.44366816234333,17141.8715574138
15102,16520,0,0.404809156600739,17921.9218258644
16566,15102,-4,0.449157937952584,17199.4494289697
15102,16602,-1,0.457445666782664,17559.3871751462
15102,16605,-1,0.408916168620609,17697.6473452615
16631,15102,0,0.583398367747261,17574.007238472
177672,15102,0,0.414368678935207,9279.32433286493
1317590,15102,-9,0.522698908986579,2482.15550174645
794,15102,-2,0.474879384326901,9653.04833751723
831,15102,-5,0.42144248342984,8890.44033382707
951,15102,-8,0.489262766595818,7145.96506613113
1507,15102,-4,0.442237093691674,8225.9653859782
1659,15102,-5,0.417111388125069,16593.6398660308
1663,15102,-3,0.431259928164649,7927.15982515148
9152,15102,-1,0.505354076806894,9304.65636522214
9328,15102,0,0.404132785914776,7861.50550749516
14690,15102,-5,0.465779237679402,6819.42059204826
14741,15102,-6,0.462495228151859,3425.76195768144
15105,15176,-9,0.620450593044755,2650.95902880698
15105,15469,-1,0.500158398278615,733.621984890847
15105,15638,-2,0.452346893318147,1414.70422532422
15105,15639,-2,0.454083114733964,1412.55630191255
15105,15672,0,0.594364518338646,1598.70264398349
15105,15811,-6,0.444842139944166,2334.99493564369
15105,16011,0,0.560643857337676,5663.01877309178
15105,16246,-9,0.439660755021356,6656.99370945159
16471,15105,-2,0.42701241853958,10221.0363157881
15105,16631,0,0.596876310947088,10565.3732058538
1317590,15105,-2,0.461318882693089,6614.36161776391
9152,15105,-1,0.410347903568734,11654.8181274552
9213,15105,-2,0.4231042839114,12012.4634321896
15135,16322,-9,0.444449464492501,8753.64620506305
16471,15135,-4,0.411048784625967,9609.74126971489
1335,15135,-1,0.407614049774361,4731.25697233338
16566,15136,-3,0.416260032817198,17084.0581940653
15243,15176,-8,0.459471064315414,1714.6321023474
15257,15176,0,0.473075187875501,3990.77290871535
15176,15380,0,0.412196985217536,1680.65588552785
15458,15176,-9,0.411144762546271,2022.61761703581
15176,15638,0,0.438923909807576,3235.16793614475
15639,15176,-2,0.403042591735787,3181.0121619338
15672,15176,-7,0.541797374192419,3478.34492101759
15751,15176,-9,0.655770120376134,3765.14505543968
15805,15176,-5,0.467430048384716,4622.38484495085
15807,15176,0,0.409777864981925,2271.12171905669
15811,15176,0,0.751083031675396,3751.45583347637
15815,15176,-2,0.442286047183593,2322.85667523642
15883,15176,0,0.420006400588274,2840.43693089148
15943,15176,0,0.50552687336272,3674.25644901971
15950,15176,-3,0.447399370290158,3739.30372936631
16011,15176,-8,0.443253351429874,4032.82152447146
16023,15176,-4,0.426047699188436,4194.03107119577
16245,15176,-9,0.40769924820476,5673.6128779877
16282,15176,-6,0.436335091690941,6210.80213556524
16311,15176,-1,0.641166414596731,6388.62745356122
16312,15176,-8,0.53746903600885,6353.95308818335
16320,15176,-9,0.531711735099574,6384.26979693082
16322,15176,-9,0.694640781079451,6649.38370866722
15176,16329,-7,0.533695093848048,6584.6674265076
16362,15176,-9,0.521444805049539,6624.93757947071
16400,15176,-5,0.427723516752082,6856.29806011311
15176,16415,-1,0.518094750309736,7011.48318912294
16471,15176,-9,0.732832224735762,12517.7158122851
16478,15176,0,0.440613830072226,7248.06348301952
16482,15176,-8,0.428811290468435,12074.3275746121
16520,15176,0,0.402239293590407,12828.837312872
16532,15176,0,0.53587440546233,12312.1558208071
15176,16550,-6,0.411223999137224,12214.81931432
16566,15176,-8,0.689998249860659,12197.43928213
16591,15176,-6,0.46839541938272,12185.9429134009
16602,15176,-6,0.561687587177357,12562.3766943649
16605,15176,0,0.59312089090187,12695.0400064151
170907,15176,-8,0.466469313711275,2208.00922389448
173367,15176,-9,0.42505693823444,2511.26500859131
177672,15176,-5,0.706553854755127,4194.05385219376
180481,15176,-9,0.415563005205078,3217.31435637145
1317590,15176,-9,0.613256190016288,4893.45061634239
1298,15176,-8,0.456723872729498,3942.61137326984
1374,15176,-4,0.519366558259064,3956.45397540445
1481,15176,-1,0.481568540269574,2832.31320890684
1669,15176,-9,0.649475719465485,11825.0090803463
9213,15176,-9,0.72120853616749,11394.4523887863
9431,15176,0,0.419009689864752,11165.8644284684
9458,15176,-9,0.418369574879695,11402.4746979574
9523,15176,-9,0.537491392387519,12126.3431622508
14229,15176,-4,0.632699553240757,1950.30554266281
14252,15176,-9,0.415572025439629,1746.79193370429
14679,15176,-7,0.434936374705953,2496.9052219336
14690,15176,-5,0.585082530340363,2117.38759552522
15135,15176,-8,0.462612206716235,3379.65811340803
15552,15180,-9,0.520064222189507,1275.82235783323
15836,15180,-9,0.52776665312099,8007.9066885686
16471,15180,0,0.469362323158496,9338.08796798355
170811,15180,-2,0.455139511521786,5120.49881295779
1401,15180,-5,0.468756639260949,607.514167981642
1496,15180,0,0.42313524793522,1178.01234034665
1530,15180,-8,0.445758448502875,2342.16562769889
14514,15180,0,0.406645549999744,5657.0170041143
15194,15639,-4,0.476339475477193,1290.77791353653
16471,15194,-8,0.400048402152424,10101.5489012454
16550,15194,0,0.410891620883911,9899.87279715602
15606,15200,0,0.521493583953044,4696.19570044349
15638,15200,-3,0.457096144989835,4696.14936000025
15639,15200,-5,0.417211763914052,4639.29868247365
15811,15200,-1,0.467850941715491,5120.43885299478
15873,15200,-2,0.408895510860077,5733.39458422668
16245,15200,-6,0.400242531105908,5807.77205903245
16362,15200,-8,0.433142603182843,6408.77964620284
16402,15200,0,0.483542615001269,12979.7562780464
16453,15200,-1,0.487076625179408,13494.4329747227
16455,15200,-6,0.404060025400006,6726.85094291565
16471,15200,0,0.512539573575519,13917.5642511543
16566,15200,0,0.499465396544358,13551.8549242798
16573,15200,-1,0.428316378814185,14180.9374961302
16602,15200,-5,0.456002053839307,13919.1987528625
16605,15200,0,0.422496752455599,14055.4290083788
1322,15200,-4,0.426814979253082,1048.46544392663
1481,15200,-4,0.401206916100874,4318.73319738485
1575,15200,-9,0.464219133974005,2881.22452329503
1591,15200,-9,0.476023907547798,3582.22782389964
1605,15200,-3,0.437790456151847,3919.55251397582
9243,15200,-9,0.410059085067254,11818.5240296157
14333,15200,-4,0.410502524949814,1898.42910284123
14950,15200,-4,0.523172840954892,3270.05825928777
15235,15226,-7,0.407169856096334,11.7784738146315
15380,15226,-9,0.473688529035024,538.264816316707
15458,15226,-6,0.410423221556147,3172.43229488331
15751,15226,-6,0.419799408336709,4859.65355853433
15812,15226,-1,0.487951552597255,2281.7016927395
15226,16471,-9,0.589823225066837,13596.362352009
15226,16482,0,0.479705558189476,13135.6831520713
15226,16520,-6,0.650221263663358,13903.7959988652
16566,15226,-9,0.441044639567882,13238.4546049956
15226,16573,-6,0.498580425906342,13864.0164062427
15226,16602,-5,0.62055592829262,13605.6917310658
1343,15226,-2,0.52451621971491,816.463362539402
15235,16471,-9,0.63372681744125,13597.4197426891
15235,16482,0,0.526726453325671,13136.3106594502
15235,180481,-6,0.438990352060692,2932.95080802993
15243,16311,-8,0.430307551977804,6149.91719953737
15243,16355,-6,0.515281385069982,13099.2660597764
15243,16361,-5,0.402926844680117,13104.7370921321
15243,16410,-4,0.414093672222901,6568.14807722927
15254,15552,-7,0.440906168036271,4861.72956321153
15254,16355,-7,0.414121574764125,13116.2040986051
15293,15257,-1,0.475361233039004,3968.17743908125
15380,15257,0,0.483375101452592,5665.46755531883
15530,15257,-9,0.407947072936244,840.562300044936
15638,15257,-1,0.455683631610777,1760.56165331436
15639,15257,0,0.460362335902035,1807.13773059462
15672,15257,-2,0.443136606003267,1761.33474648343
15751,15257,-9,0.429000590334748,2115.76402649569
15811,15257,-5,0.444205659324363,2528.54636235091
16312,15257,-1,0.409004964425936,8470.86821385202
15257,16355,-9,0.668858336723777,8128.07640911436
15257,16361,-2,0.481171929533161,8138.55993140628
16387,15257,-9,0.570811257285833,8172.78360603645
16402,15257,0,0.454745904618581,8274.79432228157
16453,15257,-5,0.508135526463894,8721.96456363441
15257,16471,-5,0.669565672454299,9070.33466500495
15257,16482,0,0.511042533062394,8729.43743819739
15257,16520,-8,0.6118089006141,9376.37348765801
16551,15257,-8,0.453383398618386,8925.95106825706
15257,16602,-9,0.599041707532576,9252.75322452045
16605,15257,-5,0.621169866257366,9363.30164125309
177672,15257,-7,0.512099408624787,922.832841867419
813,15257,-4,0.470368714144899,12580.6477976041
1498,15257,-8,0.49739170531464,1509.18535233961
15552,15273,-9,0.415711176744682,3217.59515885858
15805,15273,0,0.471140469054901,4496.82483450186
15811,15273,-9,0.410605377084351,3790.1612351901
16023,15273,-3,0.427262933294604,4065.89470345694
16453,15273,0,0.422700435171558,12156.3898290352
16471,15273,-5,0.447095381570041,12571.9391985904
15273,16550,-4,0.401176565554611,12259.5374994577
16566,15273,-2,0.522948725641487,12241.4456212568
814,15273,-7,0.408506502094017,11663.7343550772
14221,15273,0,0.442302549842909,2335.15151267349
14550,15273,-9,0.430462774162801,1296.43973470809
14577,15273,-8,0.439273600199982,4774.1805801745
15176,15273,-3,0.429058152724106,139.456243642747
15257,15273,-1,0.450510522858265,4106.29454435034
15606,15293,-1,0.46884941560332,3156.83410708476
15811,15293,-9,0.438589095225553,3661.56618000886
16329,15293,-2,0.542508403901263,6500.47976349228
16337,15293,-5,0.418302730269758,6521.11236643231
15293,16359,-7,0.412032499493226,11574.2257101658
16362,15293,-5,0.491231053962154,6534.91328505629
15293,16453,-6,0.443266731577668,12022.9554051579
16566,15293,0,0.66300342070032,12111.1011212417
15293,16573,-9,0.500211019414499,12720.9862280074
15293,16602,-8,0.45998008170965,12476.5417681262
15293,16631,-6,0.402228026585928,12609.8053477698
836,15293,-6,0.49005468689223,12123.9332708096
841,15293,0,0.466203045761125,12183.5049807319
846,15293,-9,0.476853039171518,12137.4290573728
1312,15293,-5,0.420162011738114,2688.04861740506
1530,15293,-6,0.493005107964539,5646.37522615704
1605,15293,0,0.477839150123461,3966.20801835716
1612,15293,0,0.434467976929525,4367.57642915495
9243,15293,-7,0.460503101338179,12278.0132270176
9273,15293,-1,0.427798593620007,11477.6363716121
9399,15293,-9,0.472813271599323,11350.4104933732
9404,15293,-8,0.437337509943536,11596.1569689083
9443,15293,-7,0.551833457978402,12055.2944326283
9446,15293,-1,0.518358517942742,12032.9597668515
15361,15380,-5,0.527425801816636,4661.98258672467
16306,15361,-9,0.434577101971268,7584.18224870665
15361,16355,-8,0.522954313818432,8817.95168189487
15361,16361,-8,0.422616643873397,8827.10770760677
15361,16471,-9,0.672732802190054,9803.14026860112
15361,16482,-9,0.469231467226527,9418.03970404462
15361,16520,-6,0.626771555649166,10114.9650424701
15361,16573,-4,0.561181638372292,10128.6720745515
15361,16602,-2,0.594135754070991,9935.73521538565
15361,16605,-5,0.617070241561067,10056.1408892735
161,15361,0,0.412299385527537,5793.878029048
15552,15374,-7,0.484584728651294,4770.35718210368
15606,15374,-8,0.422772619272416,4838.46889560608
15751,15374,-5,0.469771886540332,5296.01643242924
16322,15374,-6,0.455953891646331,6010.15761572682
16520,15374,0,0.402442795806733,14291.7409288985
16566,15374,-9,0.433166320212038,13602.0320565347
157,15374,-1,0.406328752681647,2655.86464067856
807,15374,-6,0.409971266717707,10808.2276178789
1322,15374,-8,0.412058189894706,1236.63754035452
1509,15374,0,0.427516494462774,4957.29035872632
1511,15374,-1,0.433683061596835,4961.39954619311
1605,15374,-1,0.442338475457686,3720.02942500691
14581,15374,-3,0.510553788033049,1510.49516683995
1335,15376,-9,0.428485837527344,1168.72824986476
14478,15376,-4,0.409059060669107,1345.99554632662
15380,15552,-9,0.467610444494113,4778.72816222326
15582,15380,0,0.426142428801132,3946.88499583942
15380,15638,-8,0.430553556621946,4835.84822651316
15751,15380,-2,0.563105216695052,5302.42344103379
15811,15380,-1,0.444095249109837,5211.44052343881
15812,15380,-4,0.477311497577496,2285.33172457716
16023,15380,-6,0.452087068661856,3701.12015099827
15380,16286,-1,0.532133647957883,5688.28905569434
16320,15380,-9,0.458568905496211,5982.14700250555
15380,16355,-1,0.720042576932363,12974.0773378605
16362,15380,-1,0.501750465759613,6171.84023141703
16364,15380,-6,0.484503579582761,12970.2468733711
16368,15380,-8,0.409718994691654,12966.4357439224
16382,15380,-9,0.531301705784868,12958.8851189624
16389,15380,-9,0.468699207462934,6255.95615912968
16400,15380,0,0.463844116396659,6323.170411966
16402,15380,-6,0.607101491797887,13049.8148172845
15380,16405,0,0.559447992806505,13091.2140939789
15380,16413,-2,0.408052812346774,13100.3527004394
16453,15380,-9,0.543412552682699,13566.0637579835
15380,16471,-9,0.779648281400033,13993.3686104398
16478,15380,-2,0.416503416692539,6590.7883293391
15380,16482,0,0.631823781628185,13519.9484175369
16516,15380,-6,0.614775881075499,12922.4359408888
16566,15380,-4,0.599513847992036,13605.3517390437
15380,16573,-9,0.642174873277233,14242.8752533496
15380,16591,0,0.495448269650431,13580.0785033896
15380,16605,-8,0.846035359394363,14109.6174740781
15,15380,0,0.406490691157743,2415.69548761086
166,15380,-4,0.403944311802932,4109.36668707468
823,15380,0,0.471903887954911,10174.2221803277
1284,15380,-2,0.434467455257672,1818.13799732614
1294,15380,-4,0.514814028238769,1717.67582661898
1335,15380,-6,0.539124634330458,1044.00225767618
1343,15380,-1,0.590733070821024,962.911442833482
1365,15380,0,0.526026860050792,1052.25258441768
1495,15380,-5,0.551020335851501,674.885909417737
1650,15380,-6,0.47123522337479,13848.2550636925
9328,15380,-5,0.408863542036109,10878.0280962906
14052,15380,-6,0.524159108711444,2770.38951944432
14418,15380,0,0.451464905766488,2195.18605595721
14762,15380,0,0.487304570443711,3341.90610074082
15235,15380,-1,0.464620984930996,529.772600514178
15403,180481,-6,0.423586226725231,5344.19817615234
15419,15538,-2,0.484134989042414,1205.35392620779
15419,15552,0,0.464757619961792,1181.07240465076
15419,16331,-6,0.446135378121645,8441.99228081093
15419,16415,0,0.410952596180102,9082.06639270517
16566,15419,0,0.496477847263186,8830.53436778432
1585,15419,-6,0.41623655892326,6337.77906221505
15105,15419,-7,0.403004029303478,1275.22132934015
15458,15638,0,0.407060004606683,1234.21035008485
15751,15458,-9,0.43157728820721,1827.07942933298
15807,15458,-7,0.412443711445985,3108.07303523495
15923,15458,-1,0.424091803541963,4568.57721186474
16311,15458,-3,0.441957901386397,6736.0892140035
16355,15458,-2,0.412242227653497,9513.1916139475
16389,15458,-4,0.45166715497944,7029.77177264962
16400,15458,-4,0.488051130849312,7249.29172310223
16410,15458,0,0.511180312300185,7440.45113136656
16453,15458,-8,0.492847454782053,10122.9975525667
15458,16471,-2,0.530572728247083,10527.0447716932
15458,16520,0,0.55947219908611,10839.6805053934
16566,15458,-3,0.474699622384654,10240.3440799591
15458,16591,-9,0.429450020071119,10236.1114364966
15458,16605,-1,0.619834404719235,10729.786687415
808,15458,-9,0.404915701303194,12748.2372910312
1662,15458,-8,0.412344004397024,7484.94258676941
14305,15458,-5,0.485540182141439,4080.84661752877
15552,15469,-2,0.6102892249767,408.975368405628
15638,15469,0,0.494762410706686,702.431272115313
15751,15469,-9,0.507194593635008,1350.18874024084
16011,15469,0,0.461258484705089,5205.94442233931
16247,15469,-8,0.456808176052525,6039.61687444044
16320,15469,-9,0.478596992323179,7108.30444458954
16351,15469,-6,0.508327681339219,7389.76548508013
16389,15469,-3,0.469580675650961,7458.73216839157
16566,15469,-9,0.427691253999419,9584.316505649
177672,15469,0,0.409018414699463,1431.4428657543
154,15469,-9,0.400181956351454,4279.67457493296
831,15469,-3,0.505234798343264,13447.5419933071
1322,15469,-7,0.489449304074501,4644.27597661749
1343,15469,-3,0.513821426373662,4317.74911143094
1468,15469,-6,0.404736271167327,4407.61176405686
1481,15469,0,0.425787025300903,118.257982735163
1504,15469,-1,0.500378368181748,528.487301858908
1509,15469,0,0.491458647088655,822.772879543966
1511,15469,0,0.580872585424141,896.506592857227
1692,15469,-9,0.452257980954396,9560.27202037786
9172,15469,-2,0.442131602642198,12377.6055027146
14723,15469,-2,0.434901466187126,7126.97733841019
15380,15469,-9,0.431794599627161,4433.2434467296
15502,15552,-9,0.488607646382785,178.513357584375
15502,16566,-5,0.414639835762752,9275.87857106415
15530,16602,-9,0.517984511034297,8918.15357555033
15805,15536,-8,0.406586235481561,7125.81764693329
15536,16311,-1,0.40012159537104,6936.97298908567
15552,15538,-5,0.541476653256108,70.3799427901121
15827,15538,-7,0.428085846940463,4194.11119522575
16331,15538,-2,0.451855845302085,7277.83756071067
15538,16550,-9,0.450306774899685,9264.72268799392
16566,15538,0,0.410159259070719,9251.87183535088
16602,15538,-7,0.457390136886582,9607.85067057085
138,15538,-6,0.512736171042602,2143.77153197209
175,15538,0,0.438572020908697,8610.15679741967
823,15538,-9,0.414690313779975,13318.1205872314
1316,15538,-6,0.410561901286597,2254.51564361488
1322,15538,-2,0.427065381348136,4967.25744453205
1509,15538,-4,0.535818153214137,508.296469737163
9537,15538,-8,0.405018801530513,13972.0344976412
15638,15552,0,0.435741408611146,371.260358891293
15672,15552,-1,0.441372135908514,533.529897699119
15751,15552,-9,0.454683678751549,981.383841275872
15827,15552,-7,0.455113459543063,4236.5760228554
15883,15552,-1,0.413545701713709,4493.01263461794
16011,15552,0,0.454303622955151,5275.17030157243
16245,15552,-7,0.566296642527539,5933.15768422857
16247,15552,-9,0.421194172072422,5960.58357367216
16282,15552,-9,0.465974461815772,7218.64089587417
16310,15552,-7,0.489400002104259,7038.60855874798
16320,15552,-7,0.456896836121811,7061.80137380902
16322,15552,0,0.576015996603867,7695.48353050256
16330,15552,-1,0.416658680359031,6327.7787015381
16331,15552,-2,0.487742185045376,7285.58200216215
16351,15552,-5,0.477794868024497,7348.74535717623
15552,16355,-8,0.527658066617088,8437.14785718985
16389,15552,0,0.677847594338152,7408.87290303635
16453,15552,-9,0.459809849630574,9047.50697295997
15552,16482,0,0.418581656155846,9029.53644596007
16566,15552,-9,0.402754037712165,9181.4954166463
15552,16591,-1,0.440966750523084,9182.09167369134
16602,15552,-8,0.523136193019803,9537.4713838759
15552,16631,0,0.450665442640513,9716.10135745461
117,15552,-1,0.41076448181918,6841.14448358779
15552,180481,-8,0.456693544335568,4936.90794510692
1318849,15552,-6,0.427131978836515,7600.50198856802
841,15552,-9,0.488508488916858,13998.9217720974
842,15552,0,0.455544835228348,13976.306137474
1312,15552,-2,0.413609724819118,5628.59007053933
1498,15552,-5,0.670230396589719,69.2118862761455
1541,15552,-1,0.509758046465516,6467.22089436544
1669,15552,-9,0.582331189234291,8785.14860094709
9273,15552,-3,0.425124528411992,13234.7108703177
9328,15552,0,0.418353472503888,13414.1219174372
9332,15552,-2,0.501002610540595,13176.8171545351
15011,15552,0,0.463913319419752,8158.36429215843
15105,15552,0,0.515213468762733,1065.25485325001
15582,15751,-5,0.434368002843944,1403.43104321788
15582,16573,-5,0.53921206998088,10441.3873116162
15582,16602,-3,0.605012158394358,10205.0239861947
15606,15638,0,0.404175005602254,185.143481098053
15751,15606,-9,0.474990538977861,789.054011064966
15606,16023,-3,0.521932381534169,5536.43407135511
15606,16361,0,0.453351793399622,8325.90393797798
16406,15606,-9,0.44901887035282,7933.81407415087
15606,16471,-6,0.506961938673171,9329.38671846353
15606,16478,0,0.422077713869518,8056.38313736087
15606,16482,-5,0.406560745406758,8907.67455798587
15606,16520,-9,0.448096846769813,9642.25127492257
15606,16551,-4,0.51641118753285,9061.75038135511
16566,15606,-5,0.465671712435893,9054.41761144624
15606,16573,-8,0.498256130196864,9633.30461537559
15606,16602,-9,0.573987613899561,9412.43529139841
15606,16605,-9,0.550495492136406,9540.10307020348
15606,16631,-4,0.613182613920722,9584.60900685068
9327,15606,-3,0.441334299368241,13448.8734272381
15639,15638,-1,0.827834407729004,64.3312967349028
15638,15672,-1,0.807601386302786,246.38814585456
15751,15638,0,0.476554537704854,649.64372908329
15807,15638,-7,0.440811627939358,3840.56737566069
15811,15638,-4,0.442804701893872,925.24055638342
15812,15638,-8,0.414524899752106,3924.14221902765
15827,15638,0,0.437244428307107,4092.8048890906
15873,15638,0,0.414316638305816,1414.07835239821
16011,15638,-9,0.525940914523167,5041.47307574801
15638,16246,-7,0.44204814347543,5636.42733660021
16329,15638,-8,0.450195724569488,7223.72939423333
16389,15638,-9,0.600796687743136,7095.87554310191
16471,15638,0,0.798362353889691,9295.2660514591
16482,15638,-3,0.480873541857576,8865.85769040963
15638,16550,-5,0.524602222770647,9020.8748459335
15638,16551,-9,0.510047172396971,9014.43803131655
16566,15638,-6,0.761598201016304,9006.25504006595
16602,15638,-6,0.489750801743778,9366.46243842081
16605,15638,0,0.633302600016963,9495.59261692418
177672,15638,-7,0.580265439579463,1256.86359483367
1317590,15638,-9,0.482920123247886,7796.70706433123
797,15638,0,0.492388965063439,13506.4695502982
798,15638,-9,0.414397717555283,13384.7013214449
804,15638,0,0.507133394878317,13682.764129429
809,15638,-6,0.502214440431607,13678.276482785
1301,15638,-6,0.505295048994167,6536.85137526849
1548,15638,-9,0.418083871902306,3921.92315334024
1631,15638,-8,0.41615802673023,5261.82387152818
1651,15638,-9,0.472315976087189,6889.90500189238
1660,15638,-8,0.671496235934656,9632.96791667022
1688,15638,0,0.420395476054407,9007.18921545258
1690,15638,-6,0.404184925722864,9015.42999451265
9462,15638,-4,0.4958444480193,14121.3169228852
14471,15638,0,0.402434256535462,8064.6586411331
14957,15638,-6,0.466860104655573,8120.24900841778
15011,15638,-5,0.43893469097327,8280.84648030792
15751,15639,0,0.432828568553868,673.73442503278
15827,15639,0,0.418824699016321,4028.94510666552
16329,15639,-8,0.449336691009266,7173.67818069099
15639,16355,-8,0.580557621864399,8330.52929441515
15639,16361,-8,0.425353354828979,8337.87702490733
16389,15639,0,0.621378993462028,7049.0424298844
16400,15639,0,0.461890788336355,7300.53191491966
16415,15639,0,0.657822681236009,7571.47718683837
16453,15639,-6,0.488811276424935,8939.89402216936
16471,15639,0,0.728471521170943,9346.39446386796
16482,15639,-9,0.516589845285625,8915.33143125961
16550,15639,-9,0.55495479478078,9069.07644694955
16566,15639,-5,0.746613227598347,9054.22814758045
16605,15639,-3,0.713621155124421,9544.3721381653
117,15639,-9,0.448379739755433,7031.09059174316
1320080,15639,-9,0.409037703224471,7779.64973724333
794,15639,-3,0.428493517664539,13188.6930361022
808,15639,-9,0.685500062897902,13683.0861979637
1265,15639,-9,0.41522665463458,5129.085884309
1409,15639,-9,0.460187784283215,6561.05628721664
1498,15639,-9,0.461852072218983,324.613784005967
1529,15639,-9,0.411689505399476,4365.63052748694
1548,15639,-8,0.54161218468979,3857.9575774036
1650,15639,-9,0.460334746337784,9107.74917602951
1651,15639,-9,0.568049155764361,6840.59372559724
1660,15639,-9,0.52809802102403,9686.89068742082
1667,15639,-7,0.460659427118936,8292.30392653879
1669,15639,-3,0.500375252778234,8668.04929240434
1693,15639,-4,0.456584922382106,9227.34256126286
14209,15639,-8,0.513293854058962,5204.44281110796
14305,15639,-9,0.498274315212986,5266.15517005753
15458,15639,-3,0.610343375944161,1186.3990508467
15530,15639,-3,0.536964805228797,1135.97965004457
15606,15639,-9,0.402373069662691,221.756649300632
15751,15650,-7,0.624030441214124,643.739801003471
16023,15650,-9,0.453591821675289,5254.31060702097
16234,15650,0,0.425137577258028,5447.79639816605
16245,15650,-8,0.409726621629756,5473.34412258976
16322,15650,0,0.516525289420131,7264.28540048037
16362,15650,-5,0.628709640562112,6886.72246714909
16430,15650,-4,0.51894944438103,8521.36002789566
16455,15650,-2,0.574144875766671,7279.26439722043
16471,15650,0,0.558778486365354,9354.66398198621
16566,15650,-6,0.414327423501577,9055.55128839762
16605,15650,-8,0.520588669117678,9547.34965600601
16631,15650,-4,0.437105823121939,9575.35693269995
170811,15650,0,0.489083011913118,5176.34126272702
177672,15650,-8,0.406776536943716,1395.5428110474
794,15650,-4,0.474239069358146,13272.64235298
804,15650,-8,0.570403593355918,13734.8616666058
806,15650,-9,0.409559381884125,13761.1424602402
951,15650,-2,0.531895199951851,13655.9046446766
1312,15650,-9,0.483757320425693,5729.0895471903
1409,15650,-2,0.409245488280157,6542.07227470371
1468,15650,-5,0.514333383766131,4730.29428951853
1509,15650,-8,0.683779742116522,224.869693543947
1511,15650,-6,0.711713234054175,219.946388430136
1659,15650,-9,0.451973330902732,8338.66105693716
1663,15650,-2,0.567020053259799,7027.81811433773
9213,15650,-3,0.537953055200522,13490.0315492524
9382,15650,-3,0.426440319769438,13983.9727497672
9556,15650,0,0.484593420253391,14396.8291588191
13545,15650,0,0.585968975373902,7019.23663593045
14215,15650,0,0.440300675041858,5171.77191032772
14478,15650,-1,0.471716946098501,5559.1248159064
14723,15650,-7,0.540864878883416,7599.14376297003
15105,15650,-2,0.488444223085185,1480.20874633993
15135,15650,-7,0.512979551701639,1616.35870302304
15257,15650,-7,0.415688396710698,1897.83615092686
15639,15650,-9,0.523463868386135,90.9720752116593
15751,15672,-4,0.565651591413811,449.173596351249
15807,15672,-8,0.48552505081183,4010.47564452998
15811,15672,-4,0.48386482408621,799.069348478933
15827,15672,0,0.475680684252462,4258.396360668
16011,15672,-3,0.690837183899082,5146.08944018961
16245,15672,-9,0.435340169136197,5619.06009715198
16322,15672,-1,0.546440492381171,7453.3927096685
16362,15672,-9,0.571057461167155,7050.01439073423
16389,15672,-4,0.684546411746765,7119.0535284836
16400,15672,0,0.400279180655375,7376.71270968726
16471,15672,-2,0.630781128302704,9049.66573595684
16482,15672,0,0.408408334792877,8619.65142936454
15672,16520,-8,0.437809595565227,9362.02305160077
15672,16551,-8,0.528630850812324,8768.05656634458
16566,15672,0,0.622994978327393,8759.86773408853
16605,15672,-4,0.599673612133321,9249.26370201751
177672,15672,0,0.640663552375526,1136.85386496011
1317590,15672,-5,0.471894515587323,8036.81042548353
1504,15672,-6,0.548667937084503,649.732156029389
1552,15672,-9,0.445835835833918,7303.44243093113
1659,15672,0,0.61438648389834,8037.17353688358
1660,15672,-9,0.718394259599246,9389.55439746408
9152,15672,0,0.446014417456583,13090.1989849421
9290,15672,-1,0.516057637168898,13474.1047502541
9328,15672,-6,0.429430263234181,13943.1699008822
9340,15672,0,0.485217188568522,13486.4923360229
9547,15672,-5,0.436530934451035,14564.0393923471
13545,15672,0,0.479530754355046,7283.49624552377
14252,15672,-4,0.537667251153265,4866.00093678477
14443,15672,0,0.401313116702855,8422.97058387457
14478,15672,-2,0.560499265357181,5857.1176752215
14584,15672,-3,0.51504062344501,8392.41159322241
14598,15672,-9,0.446471453193967,8234.36887008335
14654,15672,-9,0.464092329511122,5966.98112125317
14682,15672,0,0.443073604501427,4435.86197996469
15102,15672,-5,0.566345775768572,8639.67516354973
15135,15672,0,0.684146822103155,1584.60410929856
15469,15672,-9,0.60785800666163,915.768264268444
15639,15672,0,0.692585686026786,297.35288783707
15751,15811,-3,0.560164167383711,421.366865865417
15852,15751,-8,0.41943874648669,4367.63141188312
15883,15751,-7,0.403727483996527,4461.69450682753
16011,15751,-9,0.620194674277446,5023.18954744467
16247,15751,-3,0.417511746192793,5364.60022081071
15751,16311,0,0.496015963733465,6614.08025714151
16322,15751,-9,0.582500721991337,7219.93316624866
15751,16328,-9,0.418817454960921,6679.1676083438
16351,15751,-9,0.538034261401419,6806.85274339057
15751,16355,-1,0.61569457200873,7732.92253785171
15751,16361,-7,0.454159191171312,7739.64988458975
16374,15751,-6,0.427153074350754,7008.46726133841
16400,15751,0,0.440007483635564,7112.58993218676
15751,16402,0,0.42616421612468,7832.07504912877
16430,15751,-8,0.449242921699601,7909.06245545713
16455,15751,-1,0.528668536562739,7164.71377006404
15751,16471,0,0.713146622578338,8753.18359616589
15751,16482,0,0.507866854012864,8309.9256687957
15751,16520,0,0.572098983369009,9063.97311637645
15751,16532,-4,0.446073873298756,8548.92208830095
15751,16551,0,0.670598643883706,8448.09123576034
15751,16566,-9,0.603022861152086,8438.4054963128
15751,16602,-8,0.54298790927999,8801.80981165827
15751,16605,-6,0.620279408485695,8933.32377604603
15751,16631,-4,0.692790889212858,8951.91877669919
15751,170907,0,0.431523259938321,5826.46730222547
15751,178658,-2,0.47154439539617,9925.72483019411
15,15751,-9,0.536443039174824,7049.35123445403
138,15751,-2,0.61211835958353,3165.25456026635
170,15751,-9,0.413955385600478,5834.74010698887
1316,15751,-5,0.435774351257373,3258.64412092007
1344,15751,-9,0.450647449070113,2748.44673744606
1537,15751,-2,0.468366464512475,7921.33259838908
1564,15751,-3,0.461352915303886,4534.13791659667
9460,15751,0,0.422630348882546,14759.8685997543
14209,15751,0,0.541506475171008,5847.61840054394
15763,16453,0,0.425526829265061,17216.5906136317
16471,15763,-8,0.406916323212353,17516.4006199406
16566,15763,-9,0.46015316491027,16958.652967
15763,16602,-9,0.422939032828932,17142.7519744702
15763,16605,-9,0.407035595270129,17224.073601334
1343,15763,0,0.410113111381082,5356.70741936094
15805,16355,0,0.432517588284173,14533.9626305053
15805,16550,-5,0.430848612359413,14858.5585834923
15805,16566,-7,0.445118178406437,14824.1910345756
1511,15806,-5,0.413238861422644,6964.55285721582
15811,15943,-2,0.426802412481937,4693.64077246283
15950,15811,0,0.41295049285018,4714.69788017457
16011,15811,-9,0.473830657018508,4659.23033593317
16023,15811,-8,0.468373388753556,5036.66271283805
15811,16246,-9,0.435907011612096,4948.38818079765
16247,15811,-7,0.417368902678982,4945.354321288
16322,15811,-9,0.544555739282321,6809.23658333306
15811,16355,-5,0.410339853738359,7775.87473468054
15811,16410,-3,0.563729380177974,6936.59372909667
16415,15811,-9,0.406156696820034,6982.27896653402
16471,15811,-3,0.676986216045347,8797.86757140351
15811,16482,0,0.46556567740291,8339.58336064661
15811,16520,0,0.52082556356638,9105.45023083833
15811,16551,-8,0.749543302267609,8463.66305550044
15811,16566,0,0.664647494534378,8452.00176339258
15811,16605,0,0.638802458097772,8952.31935313265
15811,16631,-1,0.502327492674347,8948.31354023912
175,15811,-6,0.475351397667332,7836.9232464962
1349,15811,0,0.521700819596946,3260.74718256061
1482,15811,0,0.502112925043304,1772.14867188452
1662,15811,-6,0.537290916195191,7029.97722881813
9152,15811,-9,0.410377102356809,13889.2590237224
15812,16322,-7,0.413257074383291,4348.97081396721
15812,16355,0,0.443033355073684,11167.665210225
15812,16471,-9,0.746434101822156,12141.1515526876
15812,16482,-1,0.544866202197859,11641.601530699
15812,16516,-1,0.41424609153128,10987.2635513017
15812,16520,0,0.583306848937611,12415.9110776316
15812,16532,0,0.533674524158521,11834.692090746
15812,16602,-9,0.606798955250653,12025.9536464356
15812,16605,-7,0.699513996011327,12163.7667233913
154,15812,0,0.431762915588649,482.087803727834
1662,15812,-7,0.413157604898717,4658.27519662615
9243,15812,-4,0.409499650767617,14223.5309599851
15458,15812,-5,0.434514404593984,3187.99018824079
15751,15812,-6,0.463439094365798,4121.28410341521
15815,16566,-7,0.401849144104649,11676.0406809547
15827,16322,-9,0.469029847107062,4174.76937636837
16389,15827,-9,0.451455972319535,4238.22679623047
15827,170811,-2,0.419348678003983,4031.75393440756
175,15827,0,0.425111777259873,11210.9827105337
1605,15827,-9,0.404521765102326,1574.918478084
14723,15827,-2,0.452280134825706,5131.61682465083
15105,15827,-7,0.400864551092003,4383.5300754738
1552,15836,-2,0.523333829114133,102.660400262047
15852,16359,-8,0.507334474480169,11401.2222486363
16247,15873,-5,0.40202510463381,5009.73733162566
15873,16566,-8,0.425853888236088,7832.58994633975
15873,16605,0,0.450850497721695,8333.49229095768
9332,15873,0,0.410872000678235,14915.416452376
9443,15873,0,0.472015583177459,15492.1254483029
15883,16282,-7,0.423270232300431,3370.93811919635
15883,16329,-4,0.486424468699189,3744.39145495864
15883,16355,-8,0.417199324981845,11194.3702198142
15883,16361,-6,0.442299505407715,11195.0778439492
15883,16400,0,0.510846102317728,4017.33341176632
15883,16410,-3,0.416901760534484,4132.78067859997
15883,16551,-6,0.619440127462057,11663.1975847073
15883,16591,0,0.427667236272155,11592.5451724532
1605,15923,-6,0.418113036326561,693.883467827921
14577,15923,0,0.414550314600661,5812.55995177182
15943,16573,-4,0.416205404037236,12175.6738586457
16605,15943,-4,0.428952796509206,11996.4981128219
158,15943,-3,0.426385575164964,355.155297334314
1612,15943,-4,0.422273225086099,806.302082180279
1662,15943,-9,0.419120647668822,3286.92147601954
14442,15943,-2,0.476303208619303,6034.37246620511
15950,16410,-5,0.441194984322294,3234.32094042434
15950,16566,-1,0.538200286480219,11503.4738530795
15961,16361,0,0.410492866990947,10993.1730412149
16471,15961,-2,0.474920174879935,11870.98449415
15961,16520,-3,0.414770014374478,12103.2920447892
15961,16605,-6,0.426632798722066,11797.0522408912
1393,15961,-9,0.470732724658391,5075.91199434815
9340,15961,-4,0.407272334642715,12216.1069192301
9516,15961,-8,0.401020574048208,13116.214602285
15812,15961,-1,0.430766435856963,1439.64205031979
16234,16011,-4,0.65258787603971,1822.67117820117
16245,16011,-7,0.432794272849555,1939.69918823666
16011,16246,0,0.508706635057254,1920.21752000371
16312,16011,-2,0.43341656190216,2334.89132234132
16322,16011,-9,0.577490066462333,2653.44162031568
16329,16011,-8,0.425856160082274,2563.09061842042
16351,16011,-9,0.481725406062465,2561.87498836501
16011,16355,-9,0.412266758940969,10831.2370374517
16389,16011,-8,0.521169766767232,2682.09205335336
16400,16011,-9,0.484277332558526,2824.54402521272
16430,16011,-4,0.518112064047316,10832.8620028803
16471,16011,-6,0.554243206358423,11686.3531874655
16011,16551,-9,0.572562935970139,11175.3397137972
16011,16631,-9,0.475753528609343,11398.7108940753
138,16011,0,0.489443143315515,5761.90658299529
837,16011,-9,0.452693020303016,13305.1881258403
1227,16011,-1,0.419141313576693,5908.178290141
1322,16011,-2,0.494595074173078,4951.65148808871
1468,16011,-4,0.515631959139282,3738.38439179989
1537,16011,0,0.473220264775769,3993.94280127961
1650,16011,0,0.489826144904884,11903.8729277394
9243,16011,-3,0.467152845941666,15636.2266113953
9398,16011,0,0.437951202826465,13931.1440897118
10147,16011,-7,0.50699574984943,8387.9506223033
14229,16011,0,0.551169968004633,5422.70404839312
14499,16011,-8,0.440500717734505,5270.17604116793
14651,16011,-6,0.560949621607293,5458.70505419198
14723,16011,-6,0.498414187157606,6077.99729130618
15062,16011,-5,0.528414706997828,6714.92215320337
15070,16011,-1,0.416181695620952,6669.34588377992
15136,16011,-9,0.508302824986965,6112.99760368296
15639,16011,-7,0.456053231778521,4982.71022924406
15650,16011,-1,0.400550611125414,4899.28978273593
15852,16011,-8,0.419208177924359,1399.17551428593
16247,16023,-6,0.411007301091968,2069.88779928182
16023,16322,-6,0.503367282324428,2455.40919747242
16329,16023,-8,0.46493278579835,2397.85394324561
16471,16023,-9,0.473106098768369,11980.4063660572
16023,16551,-9,0.49310376867757,11463.1026733351
16566,16023,0,0.459325025600455,11436.6307647739
16631,16023,-3,0.434668132245067,11663.3560820452
16023,170907,-9,0.452601945518654,5485.10099065607
9446,16023,-9,0.416823971222568,13995.6015834768
15458,16023,-7,0.405036497159405,4928.44070011214
16206,16551,-2,0.418284124237106,1727.86275354002
16234,16430,0,0.406980846529653,9385.77891714871
16239,16551,0,0.49106243487388,9413.02719956477
16239,16605,-9,0.494574578037709,9797.59351269638
16245,16320,-8,0.414275368770413,1200.81184140824
16245,171064,-9,0.411133647220837,7333.35663744415
16471,16246,-3,0.55336789846466,10107.8599780955
16246,16551,-9,0.406827212392784,9576.68238465382
16566,16246,0,0.408057996714462,9548.42550374372
16602,16246,-4,0.440023290216609,9832.0483621842
16605,16246,-3,0.433257789131504,9952.41395617999
177672,16246,0,0.54183396097759,6724.03959739656
1317590,16246,0,0.40262281054971,9524.66323956517
132,16246,-2,0.413336563410549,7330.20483828111
798,16246,0,0.42927899956908,17427.2271734673
829,16246,-6,0.475459117445043,17550.6135298399
1373,16246,-7,0.518917756620595,7121.15813642909
1511,16246,-9,0.468657390794861,5546.40198034413
9172,16246,-1,0.430582125799397,17355.7342539588
9197,16246,-7,0.467664306783216,15900.0432113871
9547,16246,-9,0.400929801449263,15438.7629148741
14072,16246,-9,0.431035121030128,7470.01462772555
14221,16246,-9,0.488192478626242,7396.5061619855
14333,16246,0,0.412590292918185,7550.82101144388
14679,16246,-1,0.405337725309538,6874.11893731488
15469,16246,-7,0.446244037912737,6037.15420929799
15552,16246,-9,0.517972608567088,5959.86593251252
15672,16246,-9,0.547792215252496,5648.710584155
15873,16246,0,0.412011217060856,5015.79891153559
15883,16246,0,0.485961634507422,3012.67186247747
16247,16311,-6,0.446975196834002,1293.20724650231
16247,16410,-9,0.410825447022606,2015.61572057681
16247,16591,-2,0.417631037513645,9456.65438798966
16247,16631,-9,0.5556775229365,9692.90103788095
16282,16322,0,0.487236959620563,479.752111104075
16328,16282,-7,0.434911650654262,480.706092140018
16282,16329,0,0.489911720526587,375.889287194085
1509,16282,0,0.405417826008828,6951.51948103612
1669,16282,-6,0.489974090713415,10635.2296587193
14226,16282,-8,0.447423669849126,7460.77802464127
16286,16359,-1,0.40852498349353,10373.5758650754
16413,16286,-4,0.412095276269956,10163.0340803086
16430,16286,-4,0.526719374307786,10135.7261134335
16471,16286,-5,0.508834528061471,10865.9565683844
16566,16286,-8,0.527535727957739,10300.0806168316
16286,170811,-4,0.440249830763263,7482.26948565907
16286,171064,-4,0.418359866798147,7454.61498204307
1343,16286,-2,0.446561597721082,6638.42544872621
16314,16306,-7,0.483452647460944,35.4070849346897
16306,16573,-9,0.567438134378639,10607.8118041492
16306,16602,-9,0.65944538724938,10309.3238736142
16306,16605,-9,0.602935777858444,10417.3374316791
16306,16631,-3,0.66272118466811,10144.9841458085
16306,170811,-8,0.485631092711213,7732.54101386953
794,16306,-4,0.438802131179677,17369.5864592142
16312,16310,0,0.590819555226793,24.8692414573988
1653,16310,-3,0.460471157614242,132.144606313234
16312,16311,-2,0.413687424578523,181.5107655663
16311,16320,0,0.41900618144432,151.757840712367
16322,16311,-3,0.562150477504563,692.111850846324
16311,16329,-3,0.441287601183104,449.359956481833
16311,16410,-4,0.608780668639131,738.412485632994
16311,16415,0,0.568169409359254,784.215511007122
16453,16311,0,0.427561295247368,10432.7089457536
16471,16311,-4,0.687204884840787,10765.2248558238
16311,16532,0,0.474924895178931,10392.4660487033
16551,16311,-2,0.492476317443067,10229.3848117519
16311,16566,-1,0.600788379986445,10199.4015534466
16605,16311,-7,0.515516924110364,10544.1389715375
16631,16311,-2,0.517159324242256,10267.945919363
144,16311,-7,0.512651870937434,6559.7237103043
1432,16311,-7,0.493620226883095,6201.41889266354
1468,16311,-1,0.459483522244374,5974.91189189767
1612,16311,-1,0.517199529915934,1949.44260471568
1669,16311,-7,0.564924405456986,10166.5807868752
14260,16311,-1,0.537654431377849,7695.87326190238
14514,16311,-9,0.49290123289465,7279.6569430215
14690,16311,-9,0.472454790175999,7913.20421672935
15105,16311,-9,0.488969189779487,7754.76713123935
15672,16311,0,0.416634709876935,6871.00419316473
15811,16311,-2,0.659990269150655,6198.49088380377
15950,16311,-3,0.446130378718189,2685.03435846476
16011,16311,-9,0.421541048721131,2358.02937085166
16023,16311,-5,0.409874340153787,2257.30836442102
16312,16320,0,0.4455119946192,40.3970716008104
16312,16328,0,0.451704388254703,225.07863926499
16312,16331,0,0.408047893217393,308.158002705609
16312,16351,0,0.421577156328007,335.138766276662
16312,16389,0,0.40497212114892,390.547852057748
16314,16471,-9,0.640277203587777,10613.6709526823
16322,16320,0,0.527910158099493,837.569213754588
16328,16320,0,0.508268561440232,188.430010261992
16320,16331,-9,0.441659375820439,271.128947555662
16351,16320,-2,0.528308651303677,294.825246464306
16389,16320,-3,0.560257317698951,352.220716144256
16391,16320,-8,0.404981636601711,9925.7253385207
16320,16453,-3,0.538003645725446,10292.1241906987
16320,16471,0,0.647281321062964,10627.2496877584
16320,16482,0,0.472453703646993,10185.3261868762
16320,16520,-5,0.543027092694253,10766.9710009495
16320,16532,-3,0.4440427982623,10254.4757778708
16320,16566,-5,0.549666928901083,10061.3324580786
16320,16573,-5,0.508453606295951,10600.3684230626
16320,16591,-4,0.409234463426553,9984.32999166435
16320,16602,-3,0.484630879181594,10302.6214100972
16320,16605,-7,0.600373235974098,10409.9185000158
16320,180481,-9,0.429259882780149,3253.05921082275
794,16320,-7,0.463088405595234,17380.1756363149
1227,16320,0,0.539541574473619,8270.90675975506
1605,16320,-4,0.59814559231184,2346.82855555622
14723,16320,-1,0.530376592855927,7871.95658389733
15751,16320,-2,0.573342200246283,6513.13988948773
15805,16320,-2,0.411225351858244,4968.43472280228
15812,16320,-1,0.437726198661939,4072.5829503048
16328,16322,-2,0.461855484430885,650.109655503266
16322,16329,0,0.531066771519155,246.465309981573
16322,16355,0,0.418736600127048,10718.1150417806
16362,16322,-8,0.511149930530545,670.64992207106
16410,16322,-7,0.411458391910954,380.762838451996
16322,16453,0,0.606288621995393,10958.2431740686
16471,16322,-3,0.617853846358981,11269.6164169418
16482,16322,-3,0.500543726087717,10849.0194531391
16550,16322,-9,0.406187258692151,10742.9817184702
16322,16551,-3,0.7166119066039,10736.7310950235
16566,16322,-8,0.540600210919457,10706.2844451563
16605,16322,-4,0.505129621155723,11021.83984734
16322,16631,-8,0.456792998554152,10731.1279247166
16322,170907,-8,0.500108043468844,7772.16158321783
177672,16322,-3,0.502316869540864,8566.38221406518
1317590,16322,-7,0.482762889069148,9352.46096152299
157,16322,-9,0.492339009540413,3669.28345099399
794,16322,-8,0.425425390584121,16743.2092288669
1432,16322,-3,0.449519485218035,6322.5126118933
1612,16322,0,0.486771162039899,2220.24446021488
1659,16322,-5,0.454346826975392,10645.2064775274
1695,16322,0,0.460227779124641,10938.5901524396
9152,16322,-4,0.424511919827099,16435.357455015
14229,16322,-6,0.483184171441534,7798.97596927855
14690,16322,-3,0.435802370036055,8318.91940110267
15638,16322,-1,0.405410193266367,7405.02725793547
15883,16322,-8,0.484568815622248,3814.65269406024
16312,16322,-2,0.426148690399032,871.918415829589
16331,16328,-1,0.50917586775512,83.1258343883077
16328,16351,0,0.555653001752517,143.062197037249
16328,16355,0,0.44277450841252,10160.1665226626
16389,16328,-5,0.478721642299773,261.998088353263
16328,16453,-9,0.415005234670288,10431.5140933467
16328,16471,-9,0.503892943092924,10760.9745596627
16328,16482,0,0.431267936970188,10324.0474238984
16328,16520,-8,0.546048099415953,10894.6602136008
16566,16328,-9,0.407125651183648,10195.3192604959
16328,16602,-6,0.468695073046611,10430.6674639674
16328,16605,-8,0.586710104135367,10536.0277173941
16328,183104,-9,0.407017493318013,135.67369948656
1567,16328,-3,0.422946983916845,8133.52984499631
1605,16328,-2,0.46867783311969,2404.35568751907
15105,16328,-2,0.425234547412707,7824.21603223499
16471,16329,-9,0.45714545522312,11068.8508094354
16482,16329,-9,0.47425513864328,10642.304837971
16329,16550,-3,0.562155715767098,10541.1029676156
16566,16329,-9,0.535817758893549,10504.4357450993
16605,16329,-3,0.409773331847937,10829.0702044218
16329,170907,-7,0.458570488415374,7787.27125313208
177672,16329,-8,0.504390562061553,8371.92759772226
797,16329,0,0.430409675478112,14389.7313421823
809,16329,-8,0.444789082552142,16322.1450095056
1468,16329,-9,0.569194980225456,6043.04013007187
1509,16329,0,0.441762002669296,7238.85788711508
1601,16329,-3,0.421262538332958,2632.65725376621
1659,16329,-3,0.502693713589918,10427.7066919004
1669,16329,-6,0.521081031270141,10493.0318227973
9340,16329,-9,0.423976600337498,12924.255632733
14305,16329,-7,0.403633831023733,7671.28029253069
14723,16329,-1,0.401188184487068,7639.67195689767
15273,16329,-3,0.446015691456557,6458.65321045636
15943,16329,-2,0.413357869573385,2913.45758972173
16328,16329,-1,0.522892601688223,404.284819471983
16330,16482,-3,0.428613160199669,9156.39683198487
16330,16532,-9,0.423662049190451,9248.301021851
16389,16331,-9,0.492435009854987,248.282147485683
16331,16453,-5,0.431521018068405,10485.7029230952
16471,16331,-8,0.549229425557082,10812.3058644152
16566,16331,-9,0.509178993633023,10246.8701356373
16631,16331,-7,0.439511552694272,10303.3627265244
1317590,16331,-1,0.405614109135457,9567.31342908277
1509,16331,-6,0.479436136609537,6990.46417186991
1612,16331,-4,0.474530302365849,2047.70518333547
9273,16331,-5,0.448122909682851,14756.4794831017
9458,16331,0,0.401080182490756,14067.2072208841
9585,16331,0,0.548494169552026,14362.187911913
10147,16331,0,0.431278854750453,7670.27039821146
14439,16331,-8,0.438853594282355,7620.00509615348
15827,16331,0,0.405758927101362,4017.76874125558
16382,16337,-2,0.404239498118583,10355.8095624508
16410,16337,-1,0.424950538807151,378.228770380904
16566,16337,0,0.423169056203187,10449.0372658833
16351,16355,0,0.5448161335484,10154.2242265651
16362,16351,-9,0.468945861771686,82.4008324131418
16389,16351,0,0.560773411999063,142.49795721176
16453,16351,-9,0.421221123968188,10413.2664815928
16351,16471,-9,0.625275631551672,10736.3929948544
16566,16351,-9,0.407160777873727,10171.2861582642
16351,16573,-8,0.433750742772235,10693.8240185596
1340,16351,-6,0.447138224794259,7106.7687363745
1511,16351,0,0.418415546019657,6962.53135191137
9332,16351,-7,0.546675326910552,13880.600419076
16245,16351,-9,0.465057251997404,1494.5480985918
16322,16351,-8,0.474269571766073,595.383451528122
16361,16355,0,0.845624926181707,14.0032553842729
16368,16355,-3,0.507520757374471,63.3975399289247
16389,16355,0,0.504884935852275,10046.2300415223
16391,16355,-6,0.650270230040547,126.952405737512
16392,16355,-5,0.570760467493434,129.081852400476
16402,16355,0,0.642790495996942,187.001535104845
16405,16355,-2,0.757998559829649,203.505657411883
16406,16355,0,0.409830464723593,10683.0207988779
16415,16355,0,0.565157351093864,10466.8554995946
16453,16355,-1,0.724868602822995,610.3625380369
16471,16355,-8,0.866140954920719,1022.03897313614
16482,16355,-2,0.636961447205631,602.113791082183
16516,16355,-1,0.466539066420461,603.705702958884
16520,16355,-5,0.717968434030088,1331.26156407158
16532,16355,-4,0.402441403073064,852.050348134792
16537,16355,0,0.43213415873165,609.8013782338
16550,16355,-7,0.495236378041256,810.237920524076
16566,16355,-9,0.602072305975572,811.14383954941
16573,16355,-9,0.541322715774552,1315.9182484163
16602,16355,-7,0.79025355016857,1124.88430588399
16605,16355,-6,0.714423435632206,1239.56547974817
16631,16355,-8,0.598059399615732,1375.90926771021
16355,170811,-5,0.431151301485742,13437.2537304668
177672,16355,-8,0.639157111463281,7538.66773446297
146,16355,-9,0.585709564865016,11908.6336597879
166,16355,-7,0.538470802656478,11156.0620461731
823,16355,0,0.541144583680041,15950.5498956913
1294,16355,-3,0.662840079701138,13468.3901608922
1312,16355,0,0.417473823881281,14061.4715296765
1327,16355,-3,0.468783022562078,10523.2254161776
1392,16355,-6,0.451012800086099,12068.6770725936
1494,16355,-4,0.63825710175528,12715.2968673425
1495,16355,-5,0.40062215101875,12684.3025264929
1506,16355,-9,0.501050968416871,7610.56806273597
1520,16355,0,0.425221033654075,17077.3848594661
1550,16355,-7,0.402109337697855,15237.2414419645
1582,16355,-6,0.492336553571427,11476.5466630342
1585,16355,-9,0.456179413169074,11212.3216161463
1605,16355,0,0.722895945876775,10860.1994609098
1627,16355,-1,0.434836449057937,10502.4336509137
1647,16355,-9,0.447320127083455,658.589401121822
1678,16355,-7,0.432399623303993,10425.5908125935
1693,16355,-9,0.688419270014492,1150.65975933649
9332,16355,0,0.525205912495661,16002.8865469141
9340,16355,-8,0.411829826578817,16615.4496025341
9413,16355,-4,0.411259594177489,16077.1395512756
14226,16355,-1,0.507456315391449,12827.9695751739
14260,16355,-1,0.400779366145873,13479.4778500194
14431,16355,0,0.686113754712852,10914.2380466218
14443,16355,-9,0.414115320355227,16438.7984446763
14777,16355,-9,0.402847846111244,16302.2057645651
15030,16355,0,0.402484059720507,8685.27117583839
15226,16355,-4,0.500454688514706,12574.3532906637
15606,16355,0,0.515134522238123,8318.13139496269
15763,16355,-1,0.401723950541069,16925.1730101495
15961,16355,-1,0.453709048120033,10994.4532692098
16320,16355,-1,0.58290137830743,10010.4643436094
16374,16359,-6,0.559037771434172,10393.9860128343
16359,16453,-2,0.503898895262552,470.510466379807
16455,16359,-7,0.444842029093694,10256.4447578036
16471,16359,-6,0.606860851180923,863.386099417385
16566,16359,-9,0.512492930329687,725.037584110575
16631,16359,-6,0.425741136234624,1279.39501530065
138,16359,-5,0.52982953262953,10520.049734919
1481,16359,0,0.42571498446526,8898.7260188414
1537,16359,-3,0.4604991117013,14991.8420332256
1575,16359,-3,0.443434244648602,11486.2359985631
1612,16359,0,0.489046422330085,11012.0475009228
1635,16359,-1,0.451249797011249,991.777471750722
1695,16359,0,0.464142733614015,1383.95439980992
9243,16359,-8,0.446761316117376,12473.7510746162
9443,16359,-9,0.460376603941253,14579.9594361211
14443,16359,-7,0.492427476163776,16580.9876115935
16011,16359,-1,0.512479166530769,10999.8457738607
16322,16359,0,0.55851830919384,10857.6912925221
16368,16361,-2,0.473922124943817,51.4547151995024
16391,16361,-9,0.486606219720025,113.438601099243
16392,16361,-5,0.472790822773331,115.090019214802
16402,16361,0,0.520521664209015,173.019971838088
16405,16361,0,0.644522526506,189.968335914421
16453,16361,-1,0.521019030386448,602.449995129552
16361,16471,0,0.662766766087353,1016.14903271879
16361,16482,-2,0.576584787250313,592.196752800057
16361,16520,0,0.558055600149715,1324.82244239817
16532,16361,-4,0.422760020071717,842.071475822463
16566,16361,-9,0.464643364286492,799.19095176124
16602,16361,-4,0.613406730744509,1114.62694681831
16605,16361,-4,0.505784765825671,1229.95776196366
16631,16361,-8,0.450609624726133,1364.16034313282
177672,16361,-6,0.605192573903269,7547.98166613014
146,16361,-9,0.438299566314937,11915.3798035057
166,16361,-7,0.413573674309518,11152.6588633589
1294,16361,-6,0.471362928008017,13477.0441368148
1506,16361,-9,0.467525547970173,7618.96954432511
1693,16361,-9,0.474492062238669,1137.41719542463
9431,16361,0,0.494137160665084,16024.281847358
9516,16361,-6,0.410410029495166,15861.2359170186
15226,16361,-5,0.410093393800116,12580.2228086444
15380,16361,-1,0.536309573408013,12979.1385774696
16389,16362,-9,0.422972078067288,87.0994220732932
16362,16471,0,0.498118230766805,10653.9977253655
16362,16532,-1,0.428513944238583,10281.5531964282
16362,16566,-6,0.53646361690965,10088.8872040278
16362,16605,0,0.418198787751561,10421.5034705284
16362,180481,-7,0.432281890222357,3469.52963763305
175,16362,-9,0.421101516889758,9913.03812051599
16320,16362,-6,0.434951123848811,274.412125027574
16368,16364,-3,0.558600747760062,21.0560904986284
16364,16387,-2,0.407733912695036,82.5239955839945
16391,16364,0,0.407490983978129,85.9266142957594
16364,16402,-2,0.474926179430449,151.488506697799
16405,16364,-4,0.515868448641914,173.529515195458
16364,16566,0,0.487532421572668,789.134625284471
16364,16602,0,0.466017063118242,1110.36657910268
16364,16605,0,0.604602323330175,1227.65214604768
15257,16364,-2,0.418618302622185,8144.10182021834
16382,16368,0,0.456045622612919,39.7841801604121
16368,16402,-4,0.466544025370541,136.668432172706
16368,16405,-3,0.495200918882757,162.326821594153
16368,16471,0,0.580779841480604,1027.04058526861
16368,16482,-3,0.41672838860096,586.100171420765
16368,16520,-1,0.429768212493165,1333.14298931865
16368,16566,0,0.438303587338756,780.510974705378
16368,16591,-7,0.513586268706818,813.468859039867
16368,16602,0,0.523894812714206,1105.4918704209
16368,16605,0,0.485883210200524,1224.06646870943
16374,16400,-3,0.476386356921912,118.610811344583
16455,16374,-6,0.405516093901184,265.856797834475
16382,16405,-6,0.492613949029623,147.429316789602
16382,16602,-4,0.553878790576728,1097.57204591327
16387,16391,-9,0.406912250584913,29.2409098801996
16387,16402,-7,0.474535632979029,102.015189219269
16405,16387,-4,0.548863691230184,138.586044654152
16387,16602,-2,0.441768226277671,1089.09647010478
16389,16471,-9,0.62878542036898,10617.0491655289
16389,16566,-9,0.500501195345392,10052.365952142
16389,16573,-9,0.540753845503109,10570.2747881367
16389,16602,-9,0.646057599390754,10278.0060181171
16389,16605,-9,0.637882089073586,10380.3217916178
16389,16631,0,0.457594529031392,10095.9974521345
16391,16392,-8,0.415205876807827,36.856906312089
16391,16405,0,0.419957766648048,110.389382339116
16391,16471,-7,0.644706673450352,1005.7551752486
16391,16520,-6,0.619116798555005,1307.82299822693
16391,16573,-4,0.458992878144585,1275.16595477671
16391,16602,-4,0.593308302064687,1061.05011781566
16391,16605,-8,0.655317047286991,1182.73981496723
16405,16392,-3,0.455337062105283,81.9171196821362
16392,16471,0,0.45037145672021,969.349374172483
16392,16602,-2,0.488459454280665,1030.0752719029
1294,16392,-2,0.447518492022178,13551.556195856
16400,16410,-1,0.512913926037801,267.67361460448
16400,16471,-9,0.641223809045588,10786.7936845397
16400,16520,-5,0.532958302038173,10900.238671304
16400,16605,0,0.627585339859242,10537.7149945484
15926,16400,0,0.419757374709779,3251.41287465417
16239,16400,-6,0.415305786562541,1985.01492384157
16413,16402,-1,0.509019585581673,60.9047180894635
16402,16453,0,0.405713033374298,516.578485356573
16471,16402,-1,0.551113248272161,947.688157059476
16402,16516,-7,0.434220437627517,446.91110470132
16402,16566,-9,0.473365369115295,652.073975444824
16402,16573,0,0.558541770574908,1207.62132902089
16402,16602,0,0.64717422119193,987.927273289979
16402,16605,0,0.691215200458537,1110.99589906508
9504,16402,0,0.412404031337158,14822.1945953463
16453,16405,-5,0.458058788626645,475.06346472567
16405,16471,0,0.682508177054428,906.073842837459
16405,16482,0,0.460138672466499,438.146965143779
16405,16520,0,0.495929807072769,1204.63059969956
16566,16405,-9,0.46084326677736,619.150565202305
16602,16405,-7,0.519106285227408,950.66749881936
16405,16605,0,0.556154797161284,1072.64520735217
177672,16405,-6,0.462045745704794,7707.74569800238
161,16405,-7,0.478901823164945,11648.2235608511
166,16405,-4,0.407384836390921,11156.369672627
9332,16405,0,0.416134581584002,16037.9462360689
14072,16405,-3,0.429515704186837,13518.8159770413
14418,16405,-8,0.419731129257882,14955.788641149
15257,16405,-7,0.41401182749131,8309.22594815696
15751,16405,-1,0.414610882104756,7872.34302143749
16402,16405,0,0.625512017099383,41.6179969440583
16415,16406,-4,0.426958212720581,230.340559295656
16478,16406,-4,0.404896237738209,233.246256132129
16406,16631,-6,0.455582024325376,10612.0360261755
16406,183104,-7,0.463997331130372,1030.13605894663
16415,16410,0,0.568087195332847,45.9177879527192
16471,16410,-9,0.574572396401873,10968.3130002575
16566,16410,-2,0.450634630925411,10407.3858672125
16591,16410,-1,0.457882157175989,10326.1845529615
16605,16410,-8,0.511987576579092,10708.6991923243
16631,16410,-1,0.497002834701983,10412.4511527865
140,16410,-9,0.424241784057181,7455.21972956513
1296,16410,-9,0.481357929362248,8218.1443943405
1324,16410,-7,0.423965950063545,8492.40807727477
1582,16410,-1,0.401418803370062,3391.16094999296
1605,16410,-1,0.533001841733496,2928.99467420004
9197,16410,-3,0.517678499789537,14998.3163139133
14204,16410,0,0.404903185039213,8170.66105126351
14439,16410,0,0.409968326288057,7864.85419973885
15176,16410,0,0.470132637036614,6972.69998097143
16312,16410,-3,0.404242218926246,885.928882498853
16389,16410,-2,0.420612212979473,549.850665220199
16415,16453,-5,0.437267737125288,10679.8305395574
16471,16415,-8,0.650899665542256,10977.3185073653
16551,16415,-5,0.403661602053951,10447.5831878225
16566,16415,-2,0.412040141981602,10416.939483497
16415,16602,-4,0.541327944903176,10620.4361678709
16415,16605,-5,0.534597110721314,10715.3699453196
16415,16631,-1,0.404760808617066,10417.9823810704
836,16415,-8,0.43809633368053,14596.2941895808
1635,16415,-1,0.428839737403573,11158.1843361251
1690,16415,-1,0.500307608725361,10243.9280005176
14242,16415,-9,0.53495922880484,8156.51278288465
14261,16415,-9,0.438763695952766,8134.12199243506
15805,16415,-9,0.546104859345741,4893.33690654459
16314,16415,0,0.575298966469634,916.576976203372
16374,16415,-3,0.41428010430863,393.840317024499
16400,16415,-2,0.518228532201717,307.858044359266
16402,16432,-7,0.422604073565624,98.028907556701
16453,16471,0,0.775393937945933,432.783580257011
16516,16453,-6,0.448244067589322,778.174499027505
16532,16453,-1,0.532605965948095,277.229811742053
16550,16453,-1,0.497836271730217,327.594704572464
16453,16551,0,0.411594472294774,328.64577672167
16566,16453,-5,0.692435244333274,353.513684413358
16453,16573,-4,0.459565566155626,705.644913475907
16453,16602,0,0.547012712805079,544.545979090135
16453,16605,0,0.649801401584869,642.521468437173
16623,16453,-3,0.45182494354296,665.840526662728
1237,16453,-9,0.416419189500614,12799.1784372905
1695,16453,-1,0.574226071840314,921.051486721287
14047,16453,-1,0.511820024301927,15266.5984508453
14353,16453,-9,0.430140772025759,16097.7241023385
14478,16453,-2,0.402269487235307,14498.599633674
16282,16453,-2,0.436221553406888,10902.2137459177
16342,16453,-9,0.411847785454243,10790.2358484655
16387,16453,-1,0.418290695365424,607.217378147351
16471,16455,-3,0.415987763907367,10648.1528415929
16455,16550,-2,0.437332346604186,10122.798565074
811,16455,-1,0.438052014469293,14673.7652795722
14690,16455,-2,0.401478408247916,8531.81882468813
14723,16455,0,0.425272399494375,8137.85819543072
16322,16455,-4,0.450056204959952,634.968784820497
16471,16478,-4,0.459363843097432,11005.2869428641
16482,16471,-9,0.827327256976355,502.64068970132
16471,16505,-6,0.461329521374376,373.373508290806
16520,16471,-4,0.836365830988391,313.058052000245
16471,16532,0,0.564737056417,372.774059710875
16471,16551,-4,0.847058576002003,536.199296184021
16566,16471,0,0.817067695402622,565.956430497255
16573,16471,-7,0.764801479969724,361.133171276508
16602,16471,-9,0.889927944937079,422.058608554011
16605,16471,-7,0.937085033656204,417.805399978305
16471,16631,-4,0.763755661227675,739.697348857771
146,16471,-9,0.581563785186546,12928.5416835448
177672,16471,-1,0.453613236597034,8521.10281206626
16471,183104,-4,0.519499373814467,10671.8306109499
1318849,16471,-1,0.413901163908566,16562.6212396186
1294,16471,-5,0.574565465786765,14461.2912000987
1519,16471,0,0.588557385771652,8917.94624928331
9504,16471,-1,0.670114870231295,14009.6333978136
15582,16471,-9,0.622391091417821,10151.6880693003
15873,16471,-1,0.513736543391306,8184.18082113657
16364,16471,-1,0.649267963476496,1023.70738649849
16387,16471,-7,0.412946256885905,1034.79523388105
16478,16566,-6,0.458623542861923,10448.6912482285
16478,16602,-7,0.495442102095571,10639.3038179117
16631,16478,-1,0.454628265356587,10426.2268580676
809,16478,-2,0.401716607864743,16193.1175877835
1409,16478,-8,0.411930552569997,7140.17581958704
14439,16478,-4,0.431074406224717,8035.83706658107
16516,16482,-3,0.570364413095349,684.02394244863
16482,16520,0,0.796130446825123,780.334488586152
16482,16532,0,0.513387225345897,249.951330975283
16566,16482,0,0.6119640316498,264.184099736265
16482,16573,0,0.585692679594851,730.013969552974
16482,16602,-4,0.765426079722038,523.390341519425
16482,16605,-8,0.841612753786676,638.162752390948
16482,16631,-4,0.644504014242076,795.34075849099
14431,16482,-2,0.491265367546104,11515.8418661992
15582,16482,-5,0.472543334868156,9711.89243308074
16306,16482,-5,0.455935925628774,10187.8124474141
16351,16482,-8,0.521224846404026,10305.1042473948
16389,16482,-9,0.45078308675822,10189.054543686
16391,16482,-3,0.577663576637264,547.163091746671
16400,16482,0,0.466282097899572,10368.2932849962
16505,16520,-3,0.437677348545649,629.39072462089
16566,16505,-3,0.522776759008944,228.837426855534
16505,16573,-7,0.427082703007483,570.859528947649
16505,16591,0,0.435163212647752,315.291960000687
16505,16602,-9,0.498142275972747,375.477587684817
16505,16605,-1,0.505704914906296,482.383810414098
1612,16505,-5,0.407320326570572,11287.0680432525
15606,16505,-5,0.41654327269579,9066.95066445111
16516,16520,-8,0.727162951202212,1431.99609565794
16516,16532,0,0.500506757550904,848.276735388384
16516,16573,-9,0.583295864051978,1338.0597828939
16516,16591,-9,0.443267411336833,657.726046359073
16550,16520,-1,0.558207027539461,729.964202003768
16520,16551,-9,0.428510232510522,737.454765475126
16566,16520,-1,0.72351048282933,762.045924309328
16573,16520,-1,0.65216296092087,184.606129650324
16602,16520,0,0.830870074248486,464.487164205515
16520,16605,-2,0.865279977874385,365.026088985361
16520,16631,-1,0.594730660447365,686.952827030144
183104,16520,-9,0.489998887681776,10810.1601541254
15,16520,-6,0.497596864905824,15130.3652525649
794,16520,-9,0.404817597846155,11887.8025052878
829,16520,-4,0.467434109678911,12180.1698097474
1519,16520,0,0.45438527028109,9229.49448099799
1644,16520,0,0.453940823321244,10220.0383500824
1662,16520,-9,0.649452535294794,11229.4207652633
1678,16520,-4,0.403296235493253,10992.3319060346
9504,16520,0,0.493654062623832,13803.2194529899
9585,16520,-1,0.445389979179365,14283.3393739297
14260,16520,-4,0.452624511617353,14782.5344463496
14418,16520,-8,0.50393609975289,16121.9914648118
14653,16520,0,0.442668928920482,17628.4276331408
15070,16520,-9,0.556620040767681,9637.29362476309
15552,16520,0,0.435451196142151,9757.42651478398
15582,16520,-3,0.632013415261574,10463.1024971026
15873,16520,0,0.501933908762417,8490.8040825222
16239,16520,-8,0.44667094205247,10132.9710324785
16245,16520,-9,0.425574067896409,10254.4654082339
16337,16520,-8,0.469396222511235,11134.9085564799
16351,16520,-9,0.621895035973202,10863.7661186162
16364,16520,-1,0.524642187195909,1330.93905847372
16389,16520,-9,0.499445158673351,10741.0215866407
16402,16520,0,0.607383092669015,1246.03036606961
16415,16520,-4,0.541888804431273,11079.3000230139
16453,16520,0,0.633897528318947,729.937623979827
16478,16520,-5,0.455490863551886,11094.746451428
16566,16532,0,0.590424323350866,193.270319023514
16532,16573,-9,0.479299460535837,499.670058494945
16532,16591,0,0.422696271313874,272.078836603887
16602,16532,-7,0.545265970558992,274.122698934692
16532,16605,-9,0.496515744736208,389.540455618067
16631,16532,0,0.423270106277797,566.013249850826
157,16532,-7,0.406680800669383,11909.8001238706
804,16532,-5,0.475848586473004,14780.6000006259
1322,16532,-6,0.420178397065702,14298.4242950472
1507,16532,0,0.457736771423947,9259.96875243125
1585,16532,0,0.402002890487969,11749.2454580044
1612,16532,-1,0.565409253150243,11300.7496064895
1631,16532,0,0.463245251175326,9833.52021198491
1635,16532,-7,0.404057566171495,1643.55377786851
1690,16532,-6,0.427100441652579,366.934094511682
9340,16532,-3,0.434235797124966,16270.774006489
9430,16532,0,0.441382506052974,14375.9676507073
9492,16532,0,0.447116114780368,14292.784769527
9573,16532,0,0.418129157030127,14826.2323896154
14052,16532,-9,0.433253482563252,15956.5462480935
15226,16532,0,0.497284307127395,13366.2977010914
15235,16532,0,0.599097373975515,13366.7199534188
15257,16532,-2,0.403035179669773,8979.22323751088
15380,16532,0,0.431782383522601,13743.2637582342
15606,16532,-9,0.421473576399649,9151.87141975195
15639,16532,-9,0.421451653304165,9157.49682431842
15811,16532,-5,0.460356807280173,8573.0425683816
15883,16532,-4,0.503459186707276,11812.8231741695
16351,16532,-5,0.423678835500529,10363.9505793112
16520,16532,0,0.441454681577523,584.239354056964
16550,16551,-8,0.410978482564668,7.52534076520049
16566,16550,-2,0.692699269367943,36.7093103974621
16550,16602,-6,0.605610887928291,347.701376121318
16550,16605,-2,0.628480085345671,482.799631938251
180481,16550,-8,0.496343864778382,11825.5756989086
951,16550,-3,0.456641470931072,13879.0575207165
1279,16550,-5,0.406196834133872,14193.385160441
1301,16550,-5,0.449690643964456,15557.6655579166
9243,16550,0,0.42993749439227,12572.4297216409
9404,16550,-7,0.49663371235174,15189.2890061072
9543,16550,-1,0.424968045228262,15003.6961967056
9547,16550,-3,0.532576319910482,14949.6981325916
14305,16550,-5,0.527074379006802,14322.1876940553
16311,16550,-1,0.453799890494537,10235.9284764758
16362,16550,-1,0.423635665867585,10125.5147118654
16471,16550,-9,0.487884187977736,529.535670879418
16566,16551,0,0.423565267040282,30.876126425038
16602,16551,-7,0.469611502393686,354.543813789247
16605,16551,-9,0.632547634099989,489.848692502499
16631,16551,-6,0.671747481745356,570.056077171404
177672,16551,-2,0.672352369469956,8318.23960102301
1317590,16551,-9,0.576962175249848,16486.7751085433
138,16551,-9,0.490152826925207,11176.1385757205
157,16551,-9,0.491474161943011,11758.4037192099
809,16551,-9,0.451616670669389,13123.3905092246
829,16551,-5,0.656337191395985,12884.2727377478
838,16551,-2,0.458543029888382,14775.1716282058
847,16551,-9,0.4169577762308,15039.5322934982
951,16551,-9,0.487691319605575,13879.5927724522
1322,16551,-9,0.433692557165659,14201.6931191014
1401,16551,-2,0.400012134470451,9760.07771789513
1407,16551,-2,0.509830085553819,12642.9783679015
1519,16551,-3,0.476728550181839,8622.40941997233
1548,16551,0,0.421816881114888,11667.108575679
1575,16551,-1,0.520150210890544,11759.3353978133
1605,16551,-9,0.686605496997053,11200.9309297346
1612,16551,0,0.718914620711092,11139.3145506965
1643,16551,-4,0.476081030494626,1230.51617233474
1693,16551,-9,0.596946862319923,420.731462816412
9197,16551,-3,0.513181955023446,14512.4427832267
9239,16551,-1,0.405261850391577,15338.7153028751
14443,16551,-7,0.461231829744474,17190.9455013515
14471,16551,0,0.423869234714643,17078.4530905434
14600,16551,-2,0.431591653365858,11287.9219789307
14679,16551,-7,0.465089497145659,14704.5898720197
14802,16551,-9,0.459689236572021,14052.3793318054
15011,16551,-9,0.474613286251545,17156.0545521491
15105,16551,-9,0.468588600424981,10018.0580373435
15176,16551,-9,0.61664959028087,12208.0834825074
15243,16551,-1,0.443975818678395,13760.5410784217
16247,16551,-9,0.5006858372591,9554.46360504922
16312,16551,-1,0.499349240073639,10078.7206637257
16361,16551,-3,0.439235722015918,794.258332822904
16400,16551,0,0.533041389955741,10254.291847059
16482,16551,-1,0.463629837308851,244.436042533979
16566,16573,-1,0.68788288716995,652.585216479249
16566,16605,0,0.839283672146584,504.266147175686
16566,16631,-8,0.566280024703902,565.594218273812
16566,170811,0,0.439220788961224,14196.4807462023
16566,170907,-9,0.446699397993716,14214.0803314654
16566,180481,0,0.548577725809519,11794.2514713644
154,16566,-5,0.476442540900912,12112.8575665997
1296,16566,-5,0.459103408743472,15539.8807056996
1353,16566,-4,0.401802536429465,9107.74765865597
16206,16566,-8,0.484096793368686,1744.51735028458
16400,16566,-8,0.509561176991722,10223.8121098698
16516,16566,-2,0.419710699653274,686.997414921701
16573,16602,0,0.770767073329402,311.366551242398
16573,16605,-1,0.804178512190157,190.486861793028
16631,16573,-9,0.535229612387317,502.527393414231
117,16573,-4,0.533789113198963,16366.7038355405
161,16573,0,0.621261031091746,12591.7367560924
166,16573,0,0.475308302007755,11988.2521153098
794,16573,-9,0.422279837929076,12055.8365725315
806,16573,-2,0.447050404378225,14249.6007698961
1237,16573,-3,0.42493131647389,13495.2905285464
1481,16573,-2,0.425778010829479,10066.8009561683
1506,16573,0,0.446438783184133,8926.22483442766
1511,16573,-3,0.552206829744207,9430.16246395159
1567,16573,-1,0.434364543220085,6818.77706837108
1575,16573,-3,0.559936980531773,12383.2997360301
1582,16573,-3,0.557609823527511,12464.0975093045
1585,16573,0,0.41553019728,12203.4634864689
1605,16573,-9,0.410395559221584,11803.1990646892
1612,16573,-8,0.485532074499768,11727.8199080236
1651,16573,-9,0.543202227181464,10869.4238608304
1662,16573,-6,0.498985490349126,11053.6954311441
1669,16573,-3,0.441681298148469,979.941075228201
1694,16573,0,0.506358435564307,423.930539641654
9328,16573,-1,0.415965551948977,14116.3147106134
14209,16573,-8,0.65741364429379,14783.5946960586
14418,16573,0,0.451220112613099,16119.2184464411
14723,16573,-6,0.494365872327707,17239.787515495
15235,16573,-9,0.536184500321341,13864.5344963561
15257,16573,0,0.490477078426895,9412.82034142881
15530,16573,-1,0.402063902969987,9109.8583800959
15811,16573,-3,0.457016061269969,9069.00169103716
15812,16573,-5,0.551938557431018,12323.623896671
16239,16573,-9,0.465650208444162,9985.09250243485
16329,16573,-5,0.447169858073243,11018.8566070179
16368,16573,-2,0.444149483316897,1308.94350513169
16387,16573,-4,0.497022959338536,1304.2781251252
16400,16573,-4,0.459054484737586,10727.0100714608
16478,16573,-3,0.432105388064787,10916.8821703248
16550,16573,-9,0.60313521716079,625.137582646089
16602,16591,-9,0.576553315823661,397.218024850113
140,16591,-4,0.427504543923926,13698.9986884964
146,16591,-9,0.449213798538035,12593.9426778411
154,16591,-7,0.520724763327069,12068.6308764948
166,16591,-7,0.513480325715332,11317.9873833861
170,16591,0,0.449668798774276,10526.5791240632
804,16591,-1,0.517647995305198,15042.5146899732
1294,16591,-6,0.402020763340299,14223.879683581
1340,16591,-9,0.484936636131254,13876.826117183
1343,16591,0,0.530753598341381,13818.0115747331
1353,16591,-9,0.411187259393249,9138.59399458499
1494,16591,-9,0.461478825857637,13253.9360839088
1612,16591,-1,0.400675488729789,11048.2091301981
1644,16591,-1,0.501392988154092,9412.67635226628
1651,16591,-2,0.542259649592606,10258.415646859
1660,16591,-7,0.604122551383035,1226.80870083539
1688,16591,-6,0.488658339348599,103.363471513776
9340,16591,-5,0.418553194540876,16525.9099946229
9430,16591,-6,0.431605694820267,14633.3218567412
14471,16591,-9,0.445377431414061,17061.6462393437
14577,16591,-2,0.533977199431445,17002.1902086045
15582,16591,-9,0.421063305990675,9833.6239145277
16359,16591,0,0.46702230095722,777.527868233724
16361,16591,-6,0.455819535464547,836.756279953623
16471,16591,-7,0.643911545246002,643.749147446274
16566,16591,-6,0.659464872167968,86.4921296762677
16573,16591,-5,0.43351419449675,698.187392268688
15,16602,-3,0.513651027575578,14689.7146063587
16631,16602,-9,0.712381808379761,328.818387958892
177672,16602,-1,0.420515011854922,8658.37683783998
1317590,16602,-6,0.411293910116482,16783.9820343708
832,16602,-8,0.413867901574219,14339.094830934
1294,16602,0,0.57419858063059,14577.1093433444
1504,16602,-6,0.533080977691434,9763.91313818261
1651,16602,-7,0.595348255366242,10573.1649460369
9332,16602,0,0.422545842829199,15556.3125001409
14132,16602,-8,0.43106253488801,14223.1048702206
14209,16602,-7,0.733276871539169,14583.0315998732
14260,16602,-1,0.537956052583407,14589.5351286111
14418,16602,-3,0.515089073595218,15895.4306201452
15380,16602,-7,0.773523307453804,13972.2558535819
15458,16602,-1,0.472179982635431,10600.6682593758
15811,16602,0,0.560726008581774,8818.20682708752
16239,16602,-9,0.493620708877115,9675.29475120918
16351,16602,-9,0.50683075659862,10400.3579269608
16400,16602,0,0.601270449294238,10438.8927773721
16566,16602,0,0.75026914985723,367.347032114192
16605,16631,0,0.646727900772396,336.793121960939
177707,16605,-1,0.50537667647832,8799.38139599332
117,16605,-7,0.618046468716804,16334.6132558724
805,16605,-7,0.454694424984041,15877.0900806871
806,16605,0,0.418418367222452,14437.3613075582
1353,16605,0,0.409752665781494,9508.55060872815
1644,16605,0,0.536492028874656,9875.35716861253
9504,16605,0,0.578176200294949,14124.9065342345
9585,16605,-2,0.408625823208203,14590.1307622959
14418,16605,0,0.511301632161486,16024.7616139771
15070,16605,-9,0.497467932027381,9627.36315327652
15226,16605,-4,0.68405012502036,13741.3893499376
15293,16605,-7,0.419196860791033,12609.7056162691
15582,16605,-2,0.696822438299007,10336.3358431858
16351,16605,-9,0.651501971475719,10503.7234254916
16478,16605,-9,0.562684823757439,10729.9510391337
16631,170811,-8,0.435348352105231,14733.9116223564
177672,16631,-8,0.682654169117577,8867.75651840143
183104,16631,0,0.621390141444676,10177.723862391
1317590,16631,-5,0.562448269155532,17056.8050861093
808,16631,0,0.470231881708302,14825.5512444168
832,16631,-1,0.408439283144285,14421.5734301863
838,16631,-2,0.535086338268906,14560.3167154614
842,16631,0,0.464027620352677,14788.4247358973
1294,16631,0,0.443088913025217,14757.0307573582
1392,16631,-9,0.515895045598142,13278.0699101812
1407,16631,0,0.509644807021019,13134.0106476871
1423,16631,-5,0.478505785952658,10511.1364175787
1661,16631,-9,0.471922380821985,10144.7160320447
1662,16631,0,0.496871453156706,10567.7453093553
9399,16631,-7,0.503674596433417,15374.9267935373
9434,16631,-7,0.413186231882166,14591.2140675191
14252,16631,-1,0.52523965262335,14128.1469804409
14442,16631,-8,0.474482873942254,17281.9749222454
14514,16631,-9,0.476470558274084,15080.9646736628
14950,16631,0,0.524727515952077,17222.3093505341
15070,16631,-8,0.457964291076747,9754.84534585647
15135,16631,-9,0.406348936335315,9997.51576748525
15176,16631,0,0.559662228247932,12699.4015848471
15257,16631,0,0.647453051394293,9488.79093527028
15638,16631,0,0.582965647557966,9530.69053284332
15639,16631,0,0.488152552153234,9577.1876287312
15672,16631,-9,0.545819122605458,9284.42061375458
15943,16631,0,0.503688268890276,11808.5880732434
16312,16631,-7,0.604557114372894,10126.8962018979
16329,16631,-8,0.54423351124207,10542.6412702503
16391,16631,0,0.404191326137974,1292.87209642498
171064,170811,0,0.762663225704144,28.315616386995
166,170811,-2,0.420618958862739,5903.88627029809
789,170811,-5,0.412949247649388,10062.8455062719
790,170811,-5,0.417504015506961,10085.230100959
794,170811,-9,0.430353403441726,10260.3149734273
809,170811,-8,0.492139437987141,10268.1323969431
1292,170811,0,0.524728236578986,59.3061033215267
1294,170811,-8,0.584015633061285,90.2668509499965
1393,170811,0,0.452572065385552,2318.06140234711
1401,170811,-7,0.403710553082051,4518.19548423568
1612,170811,0,0.439465163611643,5830.24493080494
1692,170811,-6,0.433077122630887,14167.2459792238
9382,170811,-7,0.463434835405156,9556.2596045049
16368,170811,-9,0.439859926867847,13449.2694788623
16389,170811,-5,0.440121877836559,8050.4818667476
16392,170811,-9,0.466620591930302,13521.9568167521
16430,170811,-9,0.407009150560371,13649.2954527006
16471,170811,-5,0.571997062607799,14426.0814029035
16602,170811,-9,0.403386329285617,14548.9832489292
177672,170907,-2,0.462927531342967,5923.8098042195
180481,170907,-7,0.485871647274037,4550.49144968059
809,170907,0,0.459228880119961,10266.6774024433
1343,170907,-6,0.404936461569335,848.638887006521
1355,170907,0,0.494676713906204,1469.3368849688
1468,170907,-9,0.404018840432668,1752.10641427213
1582,170907,-7,0.431169085456623,4848.4248502396
1605,170907,-8,0.457922147065537,5480.71728254106
1660,170907,-9,0.412937223772123,14683.9852677986
1669,170907,-9,0.401566120902006,13812.177013632
9152,170907,-2,0.456473843173722,9927.89266027431
9399,170907,0,0.45568130499731,9036.59167780514
14215,170907,-3,0.409051045498419,28.4045366057418
14690,170907,-6,0.439158350941182,3397.59045590792
16311,170907,-8,0.524581854635196,7726.81634458208
16328,170907,-6,0.403398903676987,7782.5761931216
16471,170907,-6,0.533114910985027,14444.868413786
16482,170907,-8,0.45425367794566,14053.3851269515
809,171064,0,0.411028863647085,10295.881945069
1294,171064,-7,0.47691446578222,72.8681485310376
1401,171064,-9,0.419884273142359,4511.12835565604
14226,171064,0,0.476395070000051,610.229596425142
14769,171064,-8,0.43336242362595,1873.74574676831
15458,171064,0,0.405769272787879,3969.44811382317
16368,171064,-9,0.435064893378166,13437.341999246
16471,171064,-4,0.498074650062855,14415.7390384475
1251,178658,-4,0.440809098251188,4409.1037626069
1335,178658,-9,0.543436989541071,4997.91935357413
1355,178658,-7,0.592782670693803,5938.82419067772
1482,178658,-1,0.432135454401479,8451.07981002766
1548,178658,-9,0.457009529808363,6041.78487416928
1605,178658,-2,0.470158036357692,6101.08119296241
1669,178658,0,0.472982494261216,17027.6460222155
10147,178658,-9,0.423300253749771,3752.20344365273
14584,178658,-9,0.402502548229549,2601.7345789612
15062,178658,-4,0.419836892966892,10125.0471691174
16471,178658,-7,0.562539441858686,17656.3332000155
1335,180481,-9,0.401609372668257,3785.87282268082
1432,180481,-7,0.467028470543096,2980.75149261276
1484,180481,-7,0.412366406668314,4745.11982031684
1509,180481,-9,0.407377253151219,4838.02117774266
1695,180481,-5,0.419444940145832,12329.9778477203
14439,180481,-9,0.462047072542013,4615.41654879049
15805,180481,-9,0.456248474947442,3199.53507444094
15827,180481,-5,0.517635327124751,778.472083288355
16312,180481,-4,0.402309368628916,3228.02864633586
16329,180481,0,0.53582869120877,3382.59612651787
16389,180481,-6,0.547550967161778,3556.14572135721
16471,180481,0,0.507092601838773,12308.057398841
1502,183104,-6,0.419651595596079,7418.92119690797
9398,183104,-3,0.419499685059635,14876.3077889467
9462,183104,-1,0.43115488925134,14999.2111037757
14386,183104,-3,0.407523238020908,8457.01201911151
15606,183104,-6,0.5146254944232,6962.19728736363
15751,183104,0,0.439376139345717,6555.2368260544
16415,183104,-8,0.41128129017793,845.476154493757
16482,183104,-1,0.546195278735428,10231.0270456772
16566,183104,-8,0.435002559597053,10105.9517161766
16602,183104,-2,0.426534940955916,10345.8741897827
177672,183104,-9,0.44992022804137,7910.12646732686
